Timestamp;WC0
1370025152000;0.2395
1370025153000;0.028000000000000004
1370025154000;0.098
1370025155000;0.097
1370025156000;0.169
1370025157000;0.14
1370025158000;0.001
1370025159000;0.048
1370025160000;0.181
1370025161000;0.312
1370025162000;0.005
1370025163000;0.0
1370025164000;0.0
1370025165000;0.039
1370025166000;0.21799999999999997
1370025167000;0.11
1370025168000;0.0415
1370025169000;0.0395
1370025170000;0.1575
1370025171000;0.02
1370025172000;0.172
1370025173000;0.086
1370025174000;0.0775
1370025175000;0.08666666666666667
1370025176000;0.0
1370025177000;0.0425
1370025178000;0.06866666666666667
1370025179000;0.0725
1370025180000;0.09599999999999999
1370025181000;0.184
1370025182000;0.2365
1370025183000;0.0
1370025184000;0.09800000000000002
1370025185000;0.027
1370025186000;0.0
1370025187000;0.009
1370025188000;0.14250000000000002
1370025189000;0.055
1370025190000;0.028
1370025191000;0.0
1370025192000;0.0
1370025193000;0.0
1370025194000;0.088
1370025195000;0.001
1370025196000;0.0
1370025197000;0.042
1370025198000;0.047
1370025199000;0.07150000000000001
1370025200000;0.10166666666666667
1370025201000;0.046
1370025202000;0.015
1370025203000;0.1335
1370025204000;0.105
1370025205000;0.1275
1370025206000;0.255
1370025207000;0.174
1370025208000;0.0
1370025209000;0.11399999999999999
1370025210000;0.0
1370025211000;0.132
1370025212000;0.0
1370025213000;0.031
1370025214000;0.147
1370025215000;0.036
1370025216000;0.1234
1370025217000;0.0
1370025218000;0.571
1370025219000;0.131
1370025220000;0.025
1370025221000;0.20875
1370025222000;0.106
1370025223000;0.2068
1370025224000;0.2175
1370025225000;0.09000000000000001
1370025226000;0.0
1370025227000;0.2215
1370025228000;0.096
1370025229000;0.128
1370025230000;0.124
1370025231000;0.25125
1370025232000;0.21633333333333335
1370025233000;0.09575
1370025234000;0.08366666666666667
1370025235000;0.114
1370025236000;0.0
1370025237000;0.0
1370025238000;0.0
1370025239000;0.199
1370025240000;0.0
1370025241000;0.4225
1370025242000;0.46
1370025243000;0.204
1370025244000;0.079
1370025245000;0.14200000000000002
1370025246000;0.0
1370025247000;0.018
1370025248000;0.0
1370025249000;0.0155
1370025250000;0.027
1370025251000;0.0
1370025252000;0.063
1370025253000;0.09775
1370025254000;0.12666666666666668
1370025255000;0.09700000000000002
1370025256000;0.039
1370025257000;0.309
1370025258000;0.0
1370025259000;1.1906666666666668
1370025260000;0.0405
1370025261000;0.222
1370025262000;0.114
1370025263000;0.0
1370025264000;0.0
1370025265000;0.0
1370025266000;0.019000000000000003
1370025267000;0.21100000000000002
1370025268000;0.0
1370025269000;0.06533333333333334
1370025270000;0.034
1370025271000;0.091
1370025272000;0.0
1370025273000;0.0
1370025274000;0.0
1370025275000;0.02
1370025276000;0.22833333333333336
1370025277000;0.1775
1370025278000;0.0
1370025279000;0.04733333333333333
1370025280000;0.0
1370025281000;0.049999999999999996
1370025282000;0.0245
1370025283000;0.11299999999999999
1370025284000;0.005
1370025285000;0.008
1370025286000;0.060500000000000005
1370025287000;0.0
1370025288000;0.16999999999999998
1370025289000;0.109
1370025290000;0.0625
1370025291000;0.061
1370025292000;0.0
1370025293000;0.058499999999999996
1370025294000;0.0
1370025295000;0.7185
1370025296000;0.039
1370025297000;0.0475
1370025298000;0.0245
1370025299000;0.022
1370025300000;0.096
1370025301000;0.046
1370025302000;0.08850000000000001
1370025303000;0.13849999999999998
1370025304000;0.057
1370025305000;0.1115
1370025306000;0.17
1370025307000;0.047
1370025308000;0.525
1370025309000;0.0
1370025310000;0.021500000000000002
1370025311000;0.027
1370025312000;0.037
1370025313000;0.122
1370025314000;0.114
1370025315000;0.0
1370025316000;0.15133333333333335
1370025317000;0.018
1370025318000;0.114
1370025319000;0.257
1370025320000;0.066
1370025321000;0.089
1370025322000;0.233
1370025323000;0.133
1370025324000;0.06966666666666667
1370025325000;0.0
1370025326000;0.0
1370025327000;0.0
1370025328000;0.154
1370025329000;0.10233333333333333
1370025330000;0.0
1370025331000;0.0
1370025332000;0.0
1370025333000;0.0
1370025334000;0.077
1370025335000;0.049
1370025336000;0.164
1370025337000;0.0675
1370025338000;0.095
1370025339000;0.054
1370025340000;0.527
1370025341000;0.0
1370025342000;0.124
1370025343000;0.0715
1370025344000;0.0
1370025345000;0.16449999999999998
1370025346000;0.02
1370025347000;0.079
1370025348000;0.23033333333333336
1370025349000;0.0
1370025350000;0.079
1370025351000;0.10699999999999998
1370025352000;0.068
1370025353000;0.153
1370025354000;0.0075
1370025355000;0.013
1370025356000;0.419
1370025357000;0.0
1370025358000;0.024
1370025359000;0.0
1370025360000;0.10725
1370025361000;0.106
1370025362000;0.1335
1370025363000;0.212
1370025364000;0.3055
1370025365000;0.0
1370025366000;0.0
1370025367000;0.8285
1370025368000;0.0
1370025369000;0.15
1370025370000;0.106
1370025371000;0.294
1370025372000;0.156
1370025373000;0.1456666666666667
1370025374000;0.10250000000000001
1370025375000;0.27875
1370025376000;0.0
1370025377000;0.118
1370025378000;0.0
1370025379000;0.24066666666666667
1370025380000;0.1015
1370025381000;0.141
1370025382000;0.14500000000000002
1370025383000;0.132
1370025384000;0.046
1370025385000;0.117
1370025386000;0.0
1370025387000;0.0
1370025388000;0.19433333333333333
1370025389000;0.0
1370025390000;0.002
1370025391000;0.08800000000000001
1370025392000;0.0
1370025393000;0.0
1370025394000;0.07066666666666667
1370025395000;0.03233333333333333
1370025396000;0.0
1370025397000;0.057
1370025398000;0.053000000000000005
1370025399000;0.1125
1370025400000;0.12
1370025401000;0.21749999999999997
1370025402000;0.032999999999999995
1370025403000;0.11299999999999999
1370025404000;0.5015000000000001
1370025405000;0.035
1370025406000;0.0
1370025407000;0.1985
1370025408000;0.105
1370025409000;0.039
1370025410000;0.0922
1370025411000;0.0
1370025412000;0.0445
1370025413000;0.079
1370025414000;0.24433333333333337
1370025415000;0.102
1370025416000;0.2555
1370025417000;0.0
1370025418000;0.067
1370025419000;0.523
1370025420000;0.34125000000000005
1370025421000;0.0
1370025422000;0.159
1370025423000;0.14933333333333335
1370025424000;0.25425000000000003
1370025425000;0.259
1370025426000;0.0
1370025427000;0.0
1370025428000;0.131
1370025429000;0.083
1370025430000;0.001
1370025431000;0.0
1370025432000;0.24533333333333332
1370025433000;0.0
1370025434000;0.008
1370025435000;0.153
1370025436000;0.0
1370025437000;0.0175
1370025438000;0.073
1370025439000;0.0
1370025440000;0.031
1370025441000;0.0965
1370025442000;0.11433333333333333
1370025443000;0.0285
1370025444000;0.0
1370025445000;0.097
1370025446000;0.106
1370025447000;0.5095000000000001
1370025448000;0.06966666666666667
1370025449000;0.02
1370025450000;0.025
1370025451000;0.0
1370025452000;0.0
1370025453000;0.011
1370025454000;0.0
1370025455000;0.122
1370025456000;0.1085
1370025457000;0.327
1370025458000;0.271
1370025459000;0.0
1370025460000;0.2545
1370025461000;0.17733333333333334
1370025462000;0.005
1370025463000;0.157
1370025464000;0.0
1370025465000;0.103
1370025466000;0.259
1370025467000;0.0
1370025468000;0.08
1370025469000;0.125
1370025470000;0.098
1370025471000;0.0
1370025472000;0.184
1370025473000;0.04666666666666667
1370025474000;0.002
1370025475000;0.1905
1370025476000;0.364
1370025477000;0.047
1370025478000;0.121
1370025479000;0.035666666666666666
1370025480000;0.044
1370025481000;0.2115
1370025482000;0.125
1370025483000;0.13542857142857143
1370025484000;0.0
1370025485000;0.0
1370025486000;0.0
1370025487000;0.18766666666666665
1370025488000;0.17833333333333332
1370025489000;0.2555
1370025490000;0.052
1370025491000;0.551
1370025492000;0.432
1370025493000;0.081
1370025494000;0.0
1370025495000;0.008
1370025496000;0.0945
1370025497000;0.099
1370025498000;0.0
1370025499000;0.015
1370025500000;0.1245
1370025501000;0.0
1370025502000;0.026
1370025503000;0.0
1370025504000;0.2505
1370025505000;0.0
1370025506000;0.08499999999999999
1370025507000;0.04
1370025508000;0.031
1370025509000;0.0
1370025510000;0.09866666666666667
1370025511000;0.314
1370025512000;0.16199999999999998
1370025513000;0.267
1370025514000;0.17950000000000002
1370025515000;0.0
1370025516000;0.0
1370025517000;0.0
1370025518000;0.009
1370025519000;0.14866666666666664
1370025520000;0.1545
1370025521000;0.0
1370025522000;0.156
1370025523000;0.082
1370025524000;0.0575
1370025525000;0.082
1370025526000;0.0
1370025527000;0.0
1370025528000;0.136
1370025529000;0.033
1370025530000;0.018
1370025531000;0.0175
1370025532000;0.041
1370025533000;0.008
1370025534000;0.1385
1370025535000;0.14100000000000001
1370025536000;0.2015
1370025537000;0.039
1370025538000;0.0385
1370025539000;0.15433333333333335
1370025540000;0.1305
1370025541000;0.09533333333333333
1370025542000;0.016
1370025543000;0.008
1370025544000;0.07633333333333334
1370025545000;0.008
1370025546000;0.127
1370025547000;0.1265
1370025548000;0.0
1370025549000;0.1115
1370025550000;0.0
1370025551000;0.205
1370025552000;0.22675
1370025553000;0.363
1370025554000;0.122
1370025555000;0.0
1370025556000;0.028
1370025557000;0.0
1370025558000;0.11266666666666665
1370025559000;0.0632
1370025560000;0.24419999999999997
1370025561000;0.0
1370025562000;0.16349999999999998
1370025563000;0.069
1370025564000;0.046
1370025565000;0.18266666666666667
1370025566000;0.0
1370025567000;0.19925
1370025568000;0.0
1370025569000;0.049
1370025570000;0.182
1370025571000;0.6063333333333333
1370025572000;0.313
1370025573000;0.1565
1370025574000;0.0
1370025575000;0.0
1370025576000;0.14725
1370025577000;0.0
1370025578000;0.041
1370025579000;0.005
1370025580000;0.3315
1370025581000;0.0555
1370025582000;0.059666666666666666
1370025583000;0.001
1370025584000;0.018250000000000002
1370025585000;0.074
1370025586000;0.04800000000000001
1370025587000;0.2255
1370025588000;0.381
1370025589000;0.298
1370025590000;0.105
1370025591000;0.06233333333333333
1370025592000;0.096
1370025593000;0.0
1370025594000;0.015
1370025595000;0.396
1370025596000;0.7943333333333333
1370025597000;0.246
1370025598000;0.18300000000000002
1370025599000;0.174
1370025600000;0.0
1370025601000;0.114
1370025602000;0.119
1370025603000;0.137
1370025604000;0.002
1370025605000;0.1565
1370025606000;0.212
1370025607000;0.086
1370025608000;0.039
1370025609000;0.068
1370025610000;0.149
1370025611000;0.083
1370025612000;0.38999999999999996
1370025613000;0.11760000000000001
1370025614000;0.305
1370025615000;0.0525
1370025616000;0.079
1370025617000;0.09
1370025618000;0.162
1370025619000;0.065
1370025620000;0.128
1370025621000;0.08133333333333333
1370025622000;0.102
1370025623000;0.04
1370025624000;0.125
1370025625000;0.028999999999999998
1370025626000;0.269
1370025627000;0.058499999999999996
1370025628000;0.144
1370025629000;0.0575
1370025630000;0.11933333333333333
1370025631000;0.042
1370025632000;0.1285
1370025633000;0.649
1370025634000;0.032
1370025635000;0.0
1370025636000;0.0
1370025637000;0.01
1370025638000;0.167
1370025639000;0.082
1370025640000;0.001
1370025641000;0.04633333333333334
1370025642000;0.0
1370025643000;0.4365
1370025644000;0.28250000000000003
1370025645000;0.245
1370025646000;0.0
1370025647000;0.0
1370025648000;0.2325
1370025649000;0.06025
1370025650000;0.191
1370025651000;0.126
1370025652000;0.0
1370025653000;0.001
1370025654000;0.28200000000000003
1370025655000;0.0765
1370025656000;0.656
1370025657000;0.022
1370025658000;0.1565
1370025659000;0.252
1370025660000;0.4166666666666667
1370025661000;0.0
1370025662000;0.008
1370025663000;0.12266666666666666
1370025664000;0.1805
1370025665000;0.189
1370025666000;0.0675
1370025667000;0.002
1370025668000;0.21
1370025669000;0.10124999999999999
1370025670000;0.078
1370025671000;0.061
1370025672000;0.044000000000000004
1370025673000;0.36920000000000003
1370025674000;0.10733333333333334
1370025675000;0.07066666666666667
1370025676000;0.20066666666666666
1370025677000;0.0
1370025678000;0.22499999999999998
1370025679000;0.0
1370025680000;0.1275
1370025681000;0.064
1370025682000;0.008
1370025683000;0.0735
1370025684000;0.158
1370025685000;0.28900000000000003
1370025686000;0.063
1370025687000;0.0135
1370025688000;0.093
1370025689000;0.0
1370025690000;0.009
1370025691000;0.056
1370025692000;0.054
1370025693000;0.0
1370025694000;0.0675
1370025695000;0.0825
1370025696000;0.061
1370025697000;0.03
1370025698000;0.115
1370025699000;0.048
1370025700000;0.145
1370025701000;0.046
1370025702000;0.0
1370025703000;0.422
1370025704000;0.069
1370025705000;0.0345
1370025706000;0.2938
1370025707000;0.0
1370025708000;0.053
1370025709000;0.102
1370025710000;0.456
1370025711000;0.09033333333333333
1370025712000;0.17
1370025713000;0.12066666666666666
1370025714000;0.065
1370025715000;0.157
1370025716000;0.219
1370025717000;0.3435
1370025718000;0.001
1370025719000;0.0
1370025720000;0.0
1370025721000;0.0
1370025722000;0.2385
1370025723000;0.09366666666666668
1370025724000;0.087
1370025725000;0.0
1370025726000;0.059
1370025727000;0.111
1370025728000;0.293
1370025729000;0.295
1370025730000;0.0
1370025731000;0.339
1370025732000;0.0695
1370025733000;0.099
1370025734000;0.10699999999999998
1370025735000;0.0
1370025736000;0.111
1370025737000;0.1245
1370025738000;0.0
1370025739000;0.1295
1370025740000;0.085
1370025741000;0.095
1370025742000;0.335
1370025743000;0.0
1370025744000;0.334
1370025745000;0.044
1370025746000;0.0
1370025747000;0.183
1370025748000;0.2376666666666667
1370025749000;0.0
1370025750000;0.21799999999999997
1370025751000;0.08966666666666667
1370025752000;0.1
1370025753000;0.117
1370025754000;0.22799999999999998
1370025755000;0.1
1370025756000;0.01
1370025757000;0.215
1370025758000;0.0
1370025759000;0.18899999999999997
1370025760000;0.0
1370025761000;0.0
1370025762000;0.0
1370025763000;0.0
1370025764000;0.041
1370025765000;0.0
1370025766000;0.17733333333333334
1370025767000;0.16966666666666666
1370025768000;0.0
1370025769000;0.255
1370025770000;0.0
1370025771000;0.0
1370025772000;0.424
1370025773000;0.078
1370025774000;0.164
1370025775000;0.0645
1370025776000;0.1185
1370025777000;0.004
1370025778000;0.08499999999999999
1370025779000;0.005
1370025780000;0.20350000000000001
1370025781000;0.29400000000000004
1370025782000;0.3056666666666667
1370025783000;0.0
1370025784000;0.19799999999999998
1370025785000;0.0
1370025786000;0.023
1370025787000;0.0385
1370025788000;0.0
1370025789000;0.03
1370025790000;0.038
1370025791000;0.0265
1370025792000;0.042499999999999996
1370025793000;0.0955
1370025794000;0.094
1370025795000;0.0
1370025796000;0.09833333333333333
1370025797000;0.072
1370025798000;0.138
1370025799000;0.07100000000000001
1370025800000;0.057333333333333326
1370025801000;0.0
1370025802000;0.0
1370025803000;0.099
1370025804000;0.0495
1370025805000;0.113
1370025806000;0.37849999999999995
1370025807000;0.147
1370025808000;0.077
1370025809000;0.0
1370025810000;0.14300000000000002
1370025811000;0.0765
1370025812000;0.0375
1370025813000;0.093
1370025814000;0.186
1370025815000;0.031
1370025816000;0.2165
1370025817000;0.0
1370025818000;0.057
1370025819000;0.08175
1370025820000;0.043
1370025821000;0.127
1370025822000;0.09233333333333334
1370025823000;0.255
1370025824000;0.156
1370025825000;0.0
1370025826000;0.106
1370025827000;0.1365
1370025828000;0.13675
1370025829000;0.0675
1370025830000;0.044000000000000004
1370025831000;0.0185
1370025832000;0.0795
1370025833000;0.0545
1370025834000;0.1595
1370025835000;0.612
1370025836000;0.397
1370025837000;0.253
1370025838000;0.059
1370025839000;0.008
1370025840000;0.127
1370025841000;0.233
1370025842000;0.042
1370025843000;0.04766666666666667
1370025844000;0.125
1370025845000;0.0925
1370025846000;0.0
1370025847000;0.3
1370025848000;0.1305
1370025849000;0.154
1370025850000;0.25
1370025851000;0.0
1370025852000;0.155
1370025853000;0.0
1370025854000;0.24
1370025855000;0.0
1370025856000;0.0955
1370025857000;0.10200000000000001
1370025858000;0.079
1370025859000;0.10149999999999999
1370025860000;0.0
1370025861000;0.0
1370025862000;0.0
1370025863000;0.071
1370025864000;0.174
1370025865000;0.10866666666666668
1370025866000;0.0205
1370025867000;0.1395
1370025868000;0.061
1370025869000;0.0
1370025870000;0.0
1370025871000;0.036
1370025872000;0.019
1370025873000;0.34750000000000003
1370025874000;0.07566666666666667
1370025875000;0.149
1370025876000;0.0
1370025877000;0.0
1370025878000;0.187
1370025879000;0.141
1370025880000;0.147
1370025881000;0.07333333333333333
1370025882000;0.0
1370025883000;0.22649999999999998
1370025884000;0.033
1370025885000;0.44366666666666665
1370025886000;0.1345
1370025887000;0.132
1370025888000;0.079
1370025889000;0.005
1370025890000;0.338
1370025891000;0.10933333333333335
1370025892000;0.016
1370025893000;0.135
1370025894000;0.221
1370025895000;0.216
1370025896000;0.3356666666666667
1370025897000;0.099
1370025898000;0.0595
1370025899000;0.11475
1370025900000;0.246
1370025901000;0.0
1370025902000;0.113
1370025903000;0.18
1370025904000;0.012
1370025905000;0.126
1370025906000;0.0
1370025907000;0.06
1370025908000;0.01
1370025909000;0.06
1370025910000;0.012
1370025911000;0.0
1370025912000;0.4535
1370025913000;0.0
1370025914000;0.28800000000000003
1370025915000;0.036
1370025916000;0.08900000000000001
1370025917000;0.12
1370025918000;0.1372
1370025919000;0.112
1370025920000;0.60325
1370025921000;0.16599999999999998
1370025922000;0.0395
1370025923000;0.0
1370025924000;0.11750000000000001
1370025925000;0.054
1370025926000;0.10550000000000001
1370025927000;0.011
1370025928000;0.02
1370025929000;0.068
1370025930000;0.27199999999999996
1370025931000;0.02
1370025932000;0.20600000000000002
1370025933000;0.0805
1370025934000;0.199
1370025935000;0.146
1370025936000;0.16925
1370025937000;0.169
1370025938000;0.22799999999999998
1370025939000;0.17149999999999999
1370025940000;0.0
1370025941000;0.07050000000000001
1370025942000;0.017
1370025943000;0.046
1370025944000;0.146
1370025945000;0.0
1370025946000;0.09725
1370025947000;0.0
1370025948000;0.0
1370025949000;0.0305
1370025950000;0.0
1370025951000;0.0
1370025952000;0.1225
1370025953000;0.023
1370025954000;0.004
1370025955000;0.0
1370025956000;0.025
1370025957000;0.506
1370025958000;0.0
1370025959000;0.276
1370025960000;0.04766666666666666
1370025961000;0.22666666666666668
1370025962000;0.0
1370025963000;0.11599999999999999
1370025964000;0.1985
1370025965000;0.15825
1370025966000;0.01075
1370025967000;0.1375
1370025968000;0.20249999999999999
1370025969000;0.0
1370025970000;0.0
1370025971000;0.091
1370025972000;0.056
1370025973000;0.09733333333333333
1370025974000;0.0
1370025975000;0.028
1370025976000;0.37166666666666665
1370025977000;0.0
1370025978000;0.056
1370025979000;0.09849999999999999
1370025980000;0.21459999999999999
1370025981000;0.059
1370025982000;0.0175
1370025983000;0.14
1370025984000;0.2805
1370025985000;0.0
1370025986000;0.3365
1370025987000;0.076
1370025988000;0.19133333333333333
1370025989000;0.155
1370025990000;0.158
1370025991000;0.0
1370025992000;0.0355
1370025993000;0.0
1370025994000;0.422
1370025995000;0.064
1370025996000;0.19
1370025997000;0.0
1370025998000;0.0
1370025999000;0.073
1370026000000;0.01925
1370026001000;0.1165
1370026002000;0.132
1370026003000;0.0505
1370026004000;0.2475
1370026005000;0.0
1370026006000;0.046
1370026007000;0.231
1370026008000;0.0
1370026009000;0.18980000000000002
1370026010000;0.21839999999999998
1370026011000;0.023
1370026012000;0.0
1370026013000;0.0
1370026014000;0.114
1370026015000;0.075
1370026016000;0.13524999999999998
1370026017000;0.052
1370026018000;0.119
1370026019000;0.22866666666666666
1370026020000;0.10450000000000001
1370026021000;0.092
1370026022000;0.0465
1370026023000;0.276
1370026024000;0.462
1370026025000;0.0815
1370026026000;0.0945
1370026027000;0.34299999999999997
1370026028000;0.042
1370026029000;0.0795
1370026030000;0.08166666666666667
1370026031000;0.0
1370026032000;0.026
1370026033000;0.07233333333333335
1370026034000;0.233
1370026035000;0.0
1370026036000;0.11325
1370026037000;0.13
1370026038000;0.043
1370026039000;0.04825
1370026040000;0.224
1370026041000;0.0
1370026042000;0.068
1370026043000;0.031999999999999994
1370026044000;0.08766666666666667
1370026045000;0.009
1370026046000;0.019
1370026047000;0.024
1370026048000;0.06
1370026049000;0.053
1370026050000;0.076
1370026051000;0.0
1370026052000;0.17733333333333334
1370026053000;0.134
1370026054000;0.09766666666666667
1370026055000;0.1395
1370026056000;0.21000000000000005
1370026057000;0.055
1370026058000;0.506
1370026059000;0.244
1370026060000;0.059
1370026061000;0.0
1370026062000;0.22366666666666668
1370026063000;0.002
1370026064000;0.2845
1370026065000;0.09
1370026066000;0.199
1370026067000;0.02
1370026068000;0.19
1370026069000;0.057
1370026070000;0.018
1370026071000;0.12000000000000001
1370026072000;0.0
1370026073000;0.03
1370026074000;0.05625
1370026075000;0.063
1370026076000;0.205
1370026077000;0.106
1370026078000;0.41500000000000004
1370026079000;0.189
1370026080000;0.0
1370026081000;0.064
1370026082000;0.068
1370026083000;0.212
1370026084000;0.0
1370026085000;0.0
1370026086000;0.112
1370026087000;0.045
1370026088000;0.10025
1370026089000;0.14633333333333332
1370026090000;0.0
1370026091000;0.0
1370026092000;0.005
1370026093000;0.099
1370026094000;0.0
1370026095000;0.0
1370026096000;0.1805
1370026097000;0.001
1370026098000;0.064
1370026099000;0.129
1370026100000;0.10825
1370026101000;0.0
1370026102000;0.0
1370026103000;0.129
1370026104000;0.0
1370026105000;0.093
1370026106000;0.319
1370026107000;0.1415
1370026108000;0.127
1370026109000;0.001
1370026110000;0.0
1370026111000;0.326
1370026112000;0.0
1370026113000;0.07150000000000001
1370026114000;0.26966666666666667
1370026115000;0.1365
1370026116000;0.067
1370026117000;0.0
1370026118000;0.39049999999999996
1370026119000;0.055
1370026120000;0.0
1370026121000;0.063
1370026122000;0.009
1370026123000;0.123
1370026124000;0.013
1370026125000;0.097
1370026126000;0.0
1370026127000;0.0
1370026128000;0.34650000000000003
1370026129000;0.083
1370026130000;0.253
1370026131000;0.10033333333333333
1370026132000;0.377
1370026133000;0.132
1370026134000;0.36399999999999993
1370026135000;0.002
1370026136000;0.1475
1370026137000;0.074
1370026138000;0.451
1370026139000;0.1396666666666667
1370026140000;0.1175
1370026141000;0.0
1370026142000;0.234
1370026143000;0.0
1370026144000;0.204
1370026145000;0.0
1370026146000;0.0
1370026147000;0.3195
1370026148000;0.08274999999999999
1370026149000;0.07666666666666666
1370026150000;0.139
1370026151000;0.16949999999999998
1370026152000;0.0
1370026153000;0.256
1370026154000;0.474
1370026155000;0.056
1370026156000;0.21966666666666668
1370026157000;0.281
1370026158000;0.1595
1370026159000;0.041
1370026160000;0.101
1370026161000;0.0
1370026162000;0.09649999999999999
1370026163000;0.05
1370026164000;0.048
1370026165000;0.0
1370026166000;0.263
1370026167000;0.015
1370026168000;0.013333333333333334
1370026169000;0.0375
1370026170000;0.181
1370026171000;0.0
1370026172000;0.002
1370026173000;0.0
1370026174000;0.088
1370026175000;0.10650000000000001
1370026176000;0.2555
1370026177000;0.0765
1370026178000;0.04416666666666667
1370026179000;0.0
1370026180000;0.005
1370026181000;0.107
1370026182000;0.1305
1370026183000;0.13499999999999998
1370026184000;0.051
1370026185000;0.24
1370026186000;0.0945
1370026187000;0.26166666666666666
1370026188000;0.10350000000000001
1370026189000;0.0
1370026190000;0.0
1370026191000;0.0
1370026192000;0.017
1370026193000;0.0
1370026194000;0.004
1370026195000;0.0435
1370026196000;0.084
1370026197000;0.11166666666666668
1370026198000;0.38
1370026199000;0.38649999999999995
1370026200000;0.6517499999999999
1370026201000;0.1855
1370026202000;0.09133333333333334
1370026203000;0.121
1370026204000;0.072
1370026205000;0.18333333333333335
1370026206000;0.10733333333333332
1370026207000;0.094
1370026208000;0.083
1370026209000;0.048
1370026210000;0.076
1370026211000;0.127
1370026212000;0.296
1370026213000;0.17
1370026214000;0.1335
1370026215000;0.2005
1370026216000;0.0305
1370026217000;0.0
1370026218000;0.016
1370026219000;0.0
1370026220000;0.23450000000000001
1370026221000;0.015
1370026222000;0.021
1370026223000;0.276
1370026224000;0.0
1370026225000;0.037
1370026226000;0.283
1370026227000;0.086
1370026228000;0.169
1370026229000;0.1758333333333333
1370026230000;0.392
1370026231000;0.07
1370026232000;0.0
1370026233000;0.045
1370026234000;0.0
1370026235000;0.031
1370026236000;0.2
1370026237000;0.059
1370026238000;0.114
1370026239000;0.0
1370026240000;0.1845
1370026241000;0.20533333333333334
1370026242000;0.0
1370026243000;0.105
1370026244000;0.0
1370026245000;0.18833333333333335
1370026246000;0.0
1370026247000;0.171
1370026248000;0.238
1370026249000;0.07
1370026250000;0.0
1370026251000;0.053
1370026252000;0.0
1370026253000;0.28150000000000003
1370026254000;0.055499999999999994
1370026255000;0.0485
1370026256000;0.1085
1370026257000;0.111
1370026258000;0.271
1370026259000;0.2375
1370026260000;0.078
1370026261000;0.001
1370026262000;0.14
1370026263000;0.376
1370026264000;0.071
1370026265000;0.134
1370026266000;0.061
1370026267000;0.2722
1370026268000;0.06325
1370026269000;0.399
1370026270000;0.0225
1370026271000;0.16799999999999998
1370026272000;0.175
1370026273000;0.5125
1370026274000;0.317
1370026275000;0.074
1370026276000;0.064
1370026277000;0.1815
1370026278000;0.127
1370026279000;0.2776666666666667
1370026280000;0.0
1370026281000;0.019
1370026282000;0.06066666666666667
1370026283000;0.146
1370026284000;0.258
1370026285000;0.1325
1370026286000;0.3425
1370026287000;0.192
1370026288000;0.173
1370026289000;0.0795
1370026290000;0.035
1370026291000;0.0
1370026292000;0.511
1370026293000;0.1725
1370026294000;0.071
1370026295000;0.0965
1370026296000;0.192
1370026297000;0.0
1370026298000;0.0
1370026299000;0.0
1370026300000;0.10450000000000001
1370026301000;0.20500000000000002
1370026302000;0.0
1370026303000;0.0
1370026304000;0.13575
1370026305000;0.1655
1370026306000;0.1115
1370026307000;0.08349999999999999
1370026308000;0.11933333333333335
1370026309000;0.091
1370026310000;0.0
1370026311000;0.011
1370026312000;0.032
1370026313000;0.0
1370026314000;0.046
1370026315000;0.141
1370026316000;0.073
1370026317000;0.0
1370026318000;0.11433333333333333
1370026319000;0.48950000000000005
1370026320000;0.1335
1370026321000;0.101
1370026322000;0.0
1370026323000;0.081
1370026324000;0.264
1370026325000;0.031
1370026326000;0.005
1370026327000;0.0
1370026328000;0.016
1370026329000;0.052
1370026330000;0.0885
1370026331000;0.011
1370026332000;0.0
1370026333000;0.068
1370026334000;0.17550000000000002
1370026335000;0.2495
1370026336000;0.0505
1370026337000;0.106
1370026338000;0.0325
1370026339000;0.313
1370026340000;0.059
1370026341000;0.0
1370026342000;0.046
1370026343000;0.19733333333333336
1370026344000;0.032
1370026345000;0.056
1370026346000;0.0
1370026347000;0.243
1370026348000;0.0
1370026349000;0.113
1370026350000;0.0
1370026351000;0.333
1370026352000;0.11
1370026353000;0.189
1370026354000;0.237
1370026355000;0.157
1370026356000;0.0345
1370026357000;0.0
1370026358000;0.204
1370026359000;0.10566666666666664
1370026360000;0.018
1370026361000;0.05
1370026362000;0.1386666666666667
1370026363000;0.271
1370026364000;0.11733333333333333
1370026365000;0.173
1370026366000;0.10225000000000001
1370026367000;0.1715
1370026368000;0.36400000000000005
1370026369000;0.455
1370026370000;0.079
1370026371000;0.0
1370026372000;0.035
1370026373000;0.187
1370026374000;0.0
1370026375000;0.047
1370026376000;0.123
1370026377000;0.093
1370026378000;0.35350000000000004
1370026379000;0.17400000000000002
1370026380000;0.0
1370026381000;0.2495
1370026382000;0.51175
1370026383000;0.10833333333333334
1370026384000;0.050333333333333334
1370026385000;0.0965
1370026386000;0.0
1370026387000;0.127
1370026388000;0.042
1370026389000;0.053
1370026390000;0.49549999999999994
1370026391000;0.1683333333333333
1370026392000;0.0
1370026393000;0.107
1370026394000;0.016
1370026395000;0.015
1370026396000;0.1
1370026397000;0.0
1370026398000;0.013
1370026399000;0.146
1370026400000;0.051
1370026401000;0.142
1370026402000;0.056
1370026403000;0.085
1370026404000;0.04
1370026405000;0.0
1370026406000;0.096
1370026407000;0.1365
1370026408000;0.253
1370026409000;0.009
1370026410000;0.1116
1370026411000;0.0
1370026412000;0.15000000000000002
1370026413000;0.144
1370026414000;0.0
1370026415000;0.0
1370026416000;0.047
1370026417000;0.0
1370026418000;0.116
1370026419000;0.09633333333333334
1370026420000;0.005
1370026421000;0.073
1370026422000;0.0745
1370026423000;0.016
1370026424000;0.084
1370026425000;0.37325
1370026426000;0.10966666666666669
1370026427000;0.17
1370026428000;0.274
1370026429000;0.015
1370026430000;0.0
1370026431000;0.1535
1370026432000;0.213
1370026433000;0.195
1370026434000;0.098
1370026435000;0.1625
1370026436000;0.3155
1370026437000;0.0595
1370026438000;0.015
1370026439000;0.085
1370026440000;0.09033333333333333
1370026441000;0.1305
1370026442000;0.002
1370026443000;0.085
1370026444000;0.107
1370026445000;0.0
1370026446000;0.14550000000000002
1370026447000;0.04133333333333333
1370026448000;0.0665
1370026449000;0.025500000000000002
1370026450000;0.133
1370026451000;0.0665
1370026452000;0.069
1370026453000;0.266
1370026454000;0.25866666666666666
1370026455000;0.0
1370026456000;0.025
1370026457000;0.0475
1370026458000;0.105
1370026459000;0.005
1370026460000;0.0
1370026461000;0.08099999999999999
1370026462000;0.04075
1370026463000;0.0665
1370026464000;0.0
1370026465000;0.03
1370026466000;0.0775
1370026467000;0.32749999999999996
1370026468000;0.0
1370026469000;0.0265
1370026470000;0.0
1370026471000;0.19833333333333333
1370026472000;0.138
1370026473000;0.016
1370026474000;0.2125
1370026475000;0.373
1370026476000;0.057999999999999996
1370026477000;0.266
1370026478000;0.013999999999999999
1370026479000;0.001
1370026480000;0.0
1370026481000;0.215
1370026482000;0.11266666666666668
1370026483000;0.031
1370026484000;0.204
1370026485000;0.015
1370026486000;0.0
1370026487000;0.35083333333333333
1370026488000;0.063
1370026489000;0.0
1370026490000;0.34299999999999997
1370026491000;0.134
1370026492000;0.101
1370026493000;0.176
1370026494000;0.0792
1370026495000;0.023
1370026496000;0.005
1370026497000;0.217
1370026498000;0.111
1370026499000;0.22566666666666668
1370026500000;0.09
1370026501000;0.11566666666666668
1370026502000;0.051
1370026503000;0.16599999999999998
1370026504000;0.141
1370026505000;0.044
1370026506000;0.14700000000000002
1370026507000;0.701
1370026508000;0.277
1370026509000;0.0
1370026510000;0.10233333333333333
1370026511000;0.0735
1370026512000;0.0
1370026513000;0.264
1370026514000;0.28925
1370026515000;0.4
1370026516000;0.0
1370026517000;0.0585
1370026518000;0.21
1370026519000;0.18300000000000002
1370026520000;0.442
1370026521000;0.156
1370026522000;0.0
1370026523000;0.115
1370026524000;0.20700000000000002
1370026525000;0.0625
1370026526000;0.09233333333333334
1370026527000;0.18566666666666667
1370026528000;0.145
1370026529000;0.121
1370026530000;0.026
1370026531000;0.204
1370026532000;0.099
1370026533000;0.0
1370026534000;0.505
1370026535000;0.0
1370026536000;0.1105
1370026537000;0.14
1370026538000;0.1145
1370026539000;0.23349999999999999
1370026540000;0.0
1370026541000;0.143
1370026542000;0.0
1370026543000;0.031
1370026544000;0.09933333333333334
1370026545000;0.10233333333333333
1370026546000;0.2198
1370026547000;0.038
1370026548000;0.0545
1370026549000;0.04833333333333334
1370026550000;0.19999999999999998
1370026551000;0.084
1370026552000;0.0375
1370026553000;0.062
1370026554000;0.11533333333333333
1370026555000;0.018
1370026556000;0.166
1370026557000;0.0
1370026558000;0.305
1370026559000;0.3045
1370026560000;0.08975
1370026561000;0.046
1370026562000;0.001
1370026563000;0.23099999999999998
1370026564000;0.033
1370026565000;0.36
1370026566000;0.08066666666666668
1370026567000;0.086
1370026568000;0.5175000000000001
1370026569000;0.0
1370026570000;0.1185
1370026571000;0.20650000000000002
1370026572000;0.10350000000000001
1370026573000;0.0
1370026574000;0.199
1370026575000;0.0
1370026576000;0.0
1370026577000;0.122
1370026578000;0.10550000000000001
1370026579000;0.14300000000000002
1370026580000;0.07050000000000001
1370026581000;0.248
1370026582000;0.0
1370026583000;0.064
1370026584000;0.001
1370026585000;0.04
1370026586000;0.026
1370026587000;0.165
1370026588000;0.02875
1370026589000;0.0
1370026590000;0.14550000000000002
1370026591000;0.189
1370026592000;0.149
1370026593000;0.1365
1370026594000;0.37
1370026595000;0.007
1370026596000;0.015
1370026597000;0.05499999999999999
1370026598000;0.087
1370026599000;0.052
1370026600000;0.30525
1370026601000;0.0795
1370026602000;0.2405
1370026603000;0.16
1370026604000;0.074
1370026605000;0.11033333333333332
1370026606000;0.1125
1370026607000;0.0
1370026608000;0.41566666666666663
1370026609000;0.26566666666666666
1370026610000;0.05
1370026611000;0.119
1370026612000;0.07
1370026613000;0.0865
1370026614000;0.2925
1370026615000;0.205
1370026616000;0.049
1370026617000;0.325
1370026618000;0.0
1370026619000;0.0695
1370026620000;0.17066666666666666
1370026621000;0.321
1370026622000;0.0
1370026623000;0.209
1370026624000;0.0605
1370026625000;0.246
1370026626000;0.043
1370026627000;0.338
1370026628000;0.08883333333333333
1370026629000;0.0
1370026630000;0.1325
1370026631000;0.0
1370026632000;0.047
1370026633000;0.12433333333333334
1370026634000;0.031
1370026635000;0.255
1370026636000;0.1995
1370026637000;0.319
1370026638000;0.3315
1370026639000;0.02
1370026640000;0.276
1370026641000;0.16325
1370026642000;0.36233333333333334
1370026643000;0.2095
1370026644000;0.176
1370026645000;0.034
1370026646000;0.415
1370026647000;0.08233333333333333
1370026648000;0.1585
1370026649000;0.309
1370026650000;0.231
1370026651000;0.0
1370026652000;0.11366666666666665
1370026653000;0.067
1370026654000;0.114
1370026655000;0.118
1370026656000;0.0
1370026657000;0.038
1370026658000;0.0
1370026659000;0.0
1370026660000;0.049
1370026661000;0.09975
1370026662000;0.047
1370026663000;0.001
1370026664000;0.222
1370026665000;0.204
1370026666000;0.09999999999999999
1370026667000;0.1376666666666667
1370026668000;0.16325
1370026669000;0.113
1370026670000;0.082
1370026671000;0.0
1370026672000;0.0655
1370026673000;0.033
1370026674000;0.10500000000000001
1370026675000;0.069
1370026676000;0.119
1370026677000;0.108
1370026678000;0.0795
1370026679000;0.204
1370026680000;0.032
1370026681000;0.552
1370026682000;0.3006666666666667
1370026683000;0.02
1370026684000;0.369
1370026685000;0.0
1370026686000;0.004
1370026687000;0.1665
1370026688000;0.046
1370026689000;0.1485
1370026690000;0.16933333333333334
1370026691000;0.0
1370026692000;0.0
1370026693000;0.0
1370026694000;0.0
1370026695000;0.001
1370026696000;0.0675
1370026697000;0.08499999999999999
1370026698000;0.0
1370026699000;0.0
1370026700000;0.0445
1370026701000;0.0
1370026702000;0.206
1370026703000;0.06666666666666667
1370026704000;0.248
1370026705000;0.116
1370026706000;0.0
1370026707000;0.17
1370026708000;0.4395
1370026709000;0.0885
1370026710000;0.281
1370026711000;0.067
1370026712000;0.161
1370026713000;0.062
1370026714000;0.022
1370026715000;0.0
1370026716000;0.09366666666666666
1370026717000;0.209
1370026718000;0.0755
1370026719000;0.049999999999999996
1370026720000;0.0655
1370026721000;0.0
1370026722000;0.0
1370026723000;0.0
1370026724000;0.356
1370026725000;0.0525
1370026726000;0.0
1370026727000;0.111
1370026728000;0.019
1370026729000;0.126
1370026730000;0.12233333333333334
1370026731000;0.141
1370026732000;0.0
1370026733000;0.0
1370026734000;0.11050000000000001
1370026735000;0.011000000000000001
1370026736000;0.008
1370026737000;0.0
1370026738000;0.02
1370026739000;0.004
1370026740000;0.03
1370026741000;0.097
1370026742000;0.118
1370026743000;0.17966666666666667
1370026744000;0.206
1370026745000;0.105
1370026746000;0.0
1370026747000;0.0
1370026748000;0.061
1370026749000;0.0
1370026750000;0.06733333333333334
1370026751000;0.13140000000000002
1370026752000;0.27425
1370026753000;0.338
1370026754000;0.052000000000000005
1370026755000;0.039
1370026756000;0.216
1370026757000;0.013
1370026758000;0.0
1370026759000;0.13
1370026760000;0.066
1370026761000;0.007
1370026762000;0.043
1370026763000;0.0405
1370026764000;0.0895
1370026765000;0.081
1370026766000;0.09633333333333334
1370026767000;0.04699999999999999
1370026768000;0.0
1370026769000;0.0
1370026770000;0.0
1370026771000;0.10250000000000001
1370026772000;0.036500000000000005
1370026773000;0.0865
1370026774000;0.2673333333333333
1370026775000;0.14300000000000002
1370026776000;0.426
1370026777000;0.10066666666666668
1370026778000;0.0
1370026779000;0.09666666666666666
1370026780000;0.089
1370026781000;0.05
1370026782000;0.019
1370026783000;0.188
1370026784000;0.2005
1370026785000;0.001
1370026786000;0.23233333333333336
1370026787000;0.16749999999999998
1370026788000;0.089
1370026789000;0.13433333333333333
1370026790000;0.122
1370026791000;0.14833333333333332
1370026792000;0.5335
1370026793000;0.038
1370026794000;0.11599999999999999
1370026795000;0.123
1370026796000;0.109
1370026797000;0.1615
1370026798000;0.0935
1370026799000;0.16949999999999998
1370026800000;0.0285
1370026801000;0.05
1370026802000;0.008
1370026803000;0.1235
1370026804000;0.068
1370026805000;0.21633333333333335
1370026806000;0.0
1370026807000;0.08733333333333333
1370026808000;0.026
1370026809000;0.0
1370026810000;0.09525
1370026811000;0.18600000000000003
1370026812000;0.19866666666666666
1370026813000;0.059
1370026814000;0.08199999999999999
1370026815000;0.0
1370026816000;0.025
1370026817000;0.0515
1370026818000;0.0
1370026819000;0.112
1370026820000;0.1215
1370026821000;0.103
1370026822000;0.261
1370026823000;0.126
1370026824000;0.25300000000000006
1370026825000;0.0
1370026826000;0.019
1370026827000;0.128
1370026828000;0.016
1370026829000;0.06166666666666667
1370026830000;0.09
1370026831000;0.0
1370026832000;0.14250000000000002
1370026833000;0.1525
1370026834000;0.063
1370026835000;0.0
1370026836000;0.4145
1370026837000;0.0
1370026838000;0.104
1370026839000;0.0
1370026840000;0.0725
1370026841000;0.12279999999999999
1370026842000;0.0
1370026843000;0.0
1370026844000;0.0
1370026845000;0.3925
1370026846000;0.129
1370026847000;0.0
1370026848000;0.08524999999999999
1370026849000;0.052
1370026850000;0.151
1370026851000;0.11566666666666665
1370026852000;0.0
1370026853000;0.0
1370026854000;0.158
1370026855000;0.146
1370026856000;0.0
1370026857000;0.0835
1370026858000;0.0
1370026859000;0.15583333333333335
1370026860000;0.082
1370026861000;0.131
1370026862000;0.0
1370026863000;0.048
1370026864000;0.38949999999999996
1370026865000;0.08800000000000001
1370026866000;0.0645
1370026867000;0.286
1370026868000;0.174
1370026869000;0.0
1370026870000;0.0
1370026871000;0.0
1370026872000;0.082
1370026873000;0.0
1370026874000;0.42500000000000004
1370026875000;0.0
1370026876000;0.0965
1370026877000;0.016
1370026878000;0.0
1370026879000;0.276
1370026880000;0.12
1370026881000;0.059
1370026882000;0.10633333333333334
1370026883000;0.055
1370026884000;0.059500000000000004
1370026885000;0.08233333333333333
1370026886000;0.17266666666666666
1370026887000;0.0495
1370026888000;0.2045
1370026889000;0.0815
1370026890000;0.301
1370026891000;0.046
1370026892000;0.271
1370026893000;0.346
1370026894000;0.0915
1370026895000;0.122
1370026896000;0.087
1370026897000;0.0
1370026898000;0.081
1370026899000;0.07233333333333333
1370026900000;0.2505
1370026901000;0.3375
1370026902000;0.143
1370026903000;0.0
1370026904000;0.248
1370026905000;0.15466666666666665
1370026906000;0.0495
1370026907000;0.0
1370026908000;0.0
1370026909000;0.09633333333333334
1370026910000;0.0
1370026911000;0.091
1370026912000;0.22599999999999998
1370026913000;0.197
1370026914000;0.19460000000000002
1370026915000;0.442
1370026916000;0.3005
1370026917000;0.12633333333333333
1370026918000;0.16849999999999998
1370026919000;0.045
1370026920000;0.0
1370026921000;0.18866666666666668
1370026922000;0.304
1370026923000;0.1915
1370026924000;0.211
1370026925000;0.043
1370026926000;0.08700000000000001
1370026927000;0.05575
1370026928000;0.005
1370026929000;0.037
1370026930000;0.015
1370026931000;0.091
1370026932000;0.0545
1370026933000;0.183
1370026934000;0.146
1370026935000;0.131
1370026936000;0.02
1370026937000;0.081
1370026938000;0.0765
1370026939000;0.063
1370026940000;0.0
1370026941000;0.11599999999999999
1370026942000;0.199
1370026943000;0.419
1370026944000;0.24333333333333332
1370026945000;0.07250000000000001
1370026946000;0.203
1370026947000;0.001
1370026948000;0.25166666666666665
1370026949000;0.195
1370026950000;0.0
1370026951000;0.199
1370026952000;0.076
1370026953000;0.027
1370026954000;0.183
1370026955000;0.0
1370026956000;0.15025
1370026957000;0.09999999999999999
1370026958000;0.245
1370026959000;0.4375
1370026960000;0.313
1370026961000;0.086
1370026962000;0.016
1370026963000;0.17833333333333334
1370026964000;0.007
1370026965000;0.09749999999999999
1370026966000;0.0
1370026967000;0.16799999999999998
1370026968000;0.09000000000000001
1370026969000;0.0
1370026970000;0.0
1370026971000;0.14875
1370026972000;0.245
1370026973000;0.14175
1370026974000;0.111
1370026975000;0.23900000000000002
1370026976000;0.038
1370026977000;0.43
1370026978000;0.14933333333333335
1370026979000;0.5025714285714287
1370026980000;0.48
1370026981000;0.034999999999999996
1370026982000;0.0
1370026983000;0.075
1370026984000;0.17133333333333334
1370026985000;0.08049999999999999
1370026986000;0.19766666666666666
1370026987000;0.091
1370026988000;0.0
1370026989000;0.0
1370026990000;0.274
1370026991000;0.061
1370026992000;0.0
1370026993000;0.0
1370026994000;0.23775
1370026995000;0.1065
1370026996000;0.3305
1370026997000;0.134
1370026998000;0.08033333333333333
1370026999000;0.13324999999999998
1370027000000;0.036000000000000004
1370027001000;0.0
1370027002000;0.144
1370027003000;0.0
1370027004000;0.002
1370027005000;0.084
1370027006000;0.11433333333333334
1370027007000;0.03733333333333333
1370027008000;0.214
1370027009000;0.278
1370027010000;0.0
1370027011000;0.07875000000000001
1370027012000;0.0
1370027013000;0.1355
1370027014000;0.058
1370027015000;0.008
1370027016000;0.0995
1370027017000;0.218
1370027018000;0.303
1370027019000;0.15566666666666665
1370027020000;0.012
1370027021000;0.0275
1370027022000;0.12166666666666666
1370027023000;0.055999999999999994
1370027024000;0.073
1370027025000;0.092
1370027026000;0.096
1370027027000;0.0
1370027028000;0.251
1370027029000;0.16066666666666665
1370027030000;0.0
1370027031000;0.0
1370027032000;0.12433333333333334
1370027033000;0.0
1370027034000;0.07933333333333333
1370027035000;0.051
1370027036000;0.347
1370027037000;0.322
1370027038000;0.034
1370027039000;0.0835
1370027040000;0.0
1370027041000;0.0
1370027042000;0.12833333333333333
1370027043000;0.065
1370027044000;0.1525
1370027045000;0.22499999999999998
1370027046000;0.098
1370027047000;0.06160000000000001
1370027048000;0.12833333333333333
1370027049000;0.028
1370027050000;0.08966666666666667
1370027051000;0.0
1370027052000;0.0
1370027053000;0.0815
1370027054000;0.045
1370027055000;0.085
1370027056000;0.731
1370027057000;0.15000000000000002
1370027058000;0.053
1370027059000;0.1446666666666667
1370027060000;0.107
1370027061000;0.042499999999999996
1370027062000;0.155
1370027063000;0.163
1370027064000;0.0
1370027065000;0.15233333333333332
1370027066000;0.046000000000000006
1370027067000;0.0
1370027068000;0.05
1370027069000;0.0615
1370027070000;0.063
1370027071000;0.177
1370027072000;0.022
1370027073000;0.11633333333333334
1370027074000;0.0
1370027075000;0.14850000000000002
1370027076000;0.19233333333333333
1370027077000;0.0
1370027078000;0.0
1370027079000;0.118
1370027080000;0.36066666666666664
1370027081000;0.17666666666666667
1370027082000;0.0
1370027083000;0.175
1370027084000;0.152
1370027085000;0.0
1370027086000;0.0
1370027087000;0.13374999999999998
1370027088000;0.2255
1370027089000;0.0945
1370027090000;0.09733333333333334
1370027091000;0.20719999999999997
1370027092000;0.043
1370027093000;0.07966666666666668
1370027094000;0.13733333333333334
1370027095000;0.264
1370027096000;0.016
1370027097000;0.102
1370027098000;0.17275
1370027099000;0.08099999999999999
1370027100000;0.016
1370027101000;0.46275
1370027102000;0.06266666666666666
1370027103000;0.33999999999999997
1370027104000;0.18366666666666667
1370027105000;0.09200000000000001
1370027106000;0.17074999999999999
1370027107000;0.0
1370027108000;0.076
1370027109000;0.089
1370027110000;0.068
1370027111000;0.0
1370027112000;0.0
1370027113000;0.0
1370027114000;0.158
1370027115000;0.0
1370027116000;0.2144
1370027117000;0.139
1370027118000;0.174
1370027119000;0.07833333333333332
1370027120000;0.366
1370027121000;0.0
1370027122000;0.044
1370027123000;0.09766666666666668
1370027124000;0.333
1370027125000;0.23149999999999998
1370027126000;0.129
1370027127000;0.118
1370027128000;0.055
1370027129000;0.068
1370027130000;0.0
1370027131000;0.13
1370027132000;0.22849999999999998
1370027133000;0.2645
1370027134000;0.0
1370027135000;0.061
1370027136000;0.03
1370027137000;0.179
1370027138000;0.154
1370027139000;0.6706666666666666
1370027140000;0.0
1370027141000;0.141
1370027142000;0.218
1370027143000;0.448
1370027144000;0.1275
1370027145000;0.275
1370027146000;0.11474999999999999
1370027147000;0.0
1370027148000;0.11649999999999999
1370027149000;0.051
1370027150000;0.0
1370027151000;0.089
1370027152000;0.048
1370027153000;0.0
1370027154000;0.0
1370027155000;0.007
1370027156000;0.116
1370027157000;0.04
1370027158000;0.412
1370027159000;0.043
1370027160000;0.0485
1370027161000;0.05
1370027162000;0.037
1370027163000;0.178
1370027164000;0.21199999999999997
1370027165000;0.1205
1370027166000;0.1915
1370027167000;0.012
1370027168000;0.002
1370027169000;0.577
1370027170000;0.319
1370027171000;0.0675
1370027172000;0.058
1370027173000;0.046000000000000006
1370027174000;0.2005
1370027175000;0.078
1370027176000;0.04
1370027177000;0.10099999999999999
1370027178000;0.0
1370027179000;0.0
1370027180000;0.089
1370027181000;0.109
1370027182000;0.072
1370027183000;0.0
1370027184000;0.1015
1370027185000;0.09999999999999999
1370027186000;0.0
1370027187000;0.0
1370027188000;0.05
1370027189000;0.19266666666666668
1370027190000;0.5263333333333334
1370027191000;0.14
1370027192000;0.164
1370027193000;0.0
1370027194000;0.178
1370027195000;0.156
1370027196000;0.11533333333333333
1370027197000;0.27625
1370027198000;0.0
1370027199000;0.27775
1370027200000;0.075
1370027201000;0.055999999999999994
1370027202000;0.0315
1370027203000;0.163
1370027204000;0.27
1370027205000;0.427
1370027206000;0.1446666666666667
1370027207000;0.174
1370027208000;0.39466666666666667
1370027209000;0.0665
1370027210000;0.135
1370027211000;0.0
1370027212000;0.147
1370027213000;0.129
1370027214000;0.0
1370027215000;0.128
1370027216000;0.068
1370027217000;0.279
1370027218000;0.11449999999999999
1370027219000;0.23099999999999998
1370027220000;0.388
1370027221000;0.17800000000000002
1370027222000;0.23299999999999998
1370027223000;0.1115
1370027224000;0.0
1370027225000;0.0
1370027226000;0.11649999999999999
1370027227000;0.03866666666666666
1370027228000;0.246
1370027229000;0.07666666666666666
1370027230000;0.0
1370027231000;0.1315
1370027232000;0.055
1370027233000;0.0
1370027234000;0.051000000000000004
1370027235000;0.0
1370027236000;0.118
1370027237000;0.191
1370027238000;0.067
1370027239000;0.031
1370027240000;0.1443333333333333
1370027241000;0.161
1370027242000;0.278
1370027243000;0.13899999999999998
1370027244000;0.0
1370027245000;0.018666666666666665
1370027246000;0.047
1370027247000;0.16899999999999998
1370027248000;0.081
1370027249000;0.0
1370027250000;0.078
1370027251000;0.069
1370027252000;0.0
1370027253000;0.236
1370027254000;0.188
1370027255000;0.025500000000000002
1370027256000;0.619
1370027257000;0.2588
1370027258000;0.064
1370027259000;0.124
1370027260000;0.046
1370027261000;0.213
1370027262000;0.056
1370027263000;0.0
1370027264000;0.0745
1370027265000;0.0
1370027266000;0.002
1370027267000;0.015
1370027268000;0.111
1370027269000;0.351
1370027270000;0.0
1370027271000;0.044
1370027272000;0.11699999999999999
1370027273000;0.18666666666666668
1370027274000;0.193
1370027275000;0.0
1370027276000;0.0
1370027277000;0.11266666666666668
1370027278000;0.063
1370027279000;0.14550000000000002
1370027280000;0.016
1370027281000;0.0955
1370027282000;0.082
1370027283000;0.0
1370027284000;0.0
1370027285000;0.09699999999999999
1370027286000;0.16
1370027287000;0.1075
1370027288000;0.105
1370027289000;0.199
1370027290000;0.1865
1370027291000;0.0285
1370027292000;0.0335
1370027293000;0.315
1370027294000;0.06666666666666667
1370027295000;0.08399999999999999
1370027296000;0.0
1370027297000;0.06633333333333334
1370027298000;0.421
1370027299000;0.1
1370027300000;0.7384999999999999
1370027301000;0.0325
1370027302000;0.035
1370027303000;0.078
1370027304000;0.409
1370027305000;0.2455
1370027306000;0.10666666666666667
1370027307000;0.104
1370027308000;0.151
1370027309000;0.14375
1370027310000;0.46
1370027311000;0.015
1370027312000;0.16166666666666665
1370027313000;0.0
1370027314000;0.059
1370027315000;0.015
1370027316000;0.268
1370027317000;0.102
1370027318000;0.22033333333333335
1370027319000;0.14
1370027320000;0.346
1370027321000;0.0745
1370027322000;0.0
1370027323000;0.107
1370027324000;0.0
1370027325000;0.062
1370027326000;0.028
1370027327000;0.211
1370027328000;0.125
1370027329000;0.009
1370027330000;0.015
1370027331000;0.5710000000000001
1370027332000;0.1
1370027333000;0.0
1370027334000;0.096
1370027335000;0.0
1370027336000;0.15
1370027337000;0.158
1370027338000;0.503
1370027339000;0.486
1370027340000;0.1745
1370027341000;0.081
1370027342000;0.024
1370027343000;0.134
1370027344000;0.001
1370027345000;0.0
1370027346000;0.018
1370027347000;0.041
1370027348000;0.09166666666666667
1370027349000;0.0135
1370027350000;0.0
1370027351000;0.066
1370027352000;0.13225
1370027353000;0.043
1370027354000;0.181
1370027355000;0.14466666666666667
1370027356000;0.026
1370027357000;0.18080000000000002
1370027358000;0.113
1370027359000;0.05
1370027360000;0.0
1370027361000;0.005
1370027362000;0.178
1370027363000;0.078
1370027364000;0.08
1370027365000;0.11599999999999999
1370027366000;0.277
1370027367000;0.0
1370027368000;0.0
1370027369000;0.19533333333333336
1370027370000;0.018
1370027371000;0.036
1370027372000;0.217
1370027373000;0.057
1370027374000;0.0
1370027375000;0.488
1370027376000;0.099
1370027377000;0.06933333333333333
1370027378000;0.038
1370027379000;0.0
1370027380000;0.22549999999999998
1370027381000;0.10500000000000001
1370027382000;0.0
1370027383000;0.0
1370027384000;0.0
1370027385000;0.10333333333333333
1370027386000;0.192
1370027387000;0.137
1370027388000;0.283
1370027389000;0.078
1370027390000;0.0
1370027391000;0.0645
1370027392000;0.1105
1370027393000;0.212
1370027394000;0.0
1370027395000;0.1045
1370027396000;0.114
1370027397000;0.0
1370027398000;0.109
1370027399000;0.253
1370027400000;0.036
1370027401000;0.1575
1370027402000;0.0
1370027403000;0.0655
1370027404000;0.141
1370027405000;0.0
1370027406000;0.1525
1370027407000;0.05466666666666667
1370027408000;0.0
1370027409000;0.08266666666666667
1370027410000;0.0
1370027411000;0.12366666666666666
1370027412000;0.17266666666666666
1370027413000;0.007333333333333334
1370027414000;0.121
1370027415000;0.076
1370027416000;0.129
1370027417000;0.0
1370027418000;0.31120000000000003
1370027419000;0.044
1370027420000;0.12966666666666668
1370027421000;0.36600000000000005
1370027422000;0.09466666666666668
1370027423000;0.126
1370027424000;0.1895
1370027425000;0.15966666666666665
1370027426000;0.0
1370027427000;0.1426666666666667
1370027428000;0.062
1370027429000;0.0
1370027430000;0.11099999999999999
1370027431000;0.0
1370027432000;0.022
1370027433000;0.054
1370027434000;0.065
1370027435000;0.0825
1370027436000;0.159
1370027437000;0.036
1370027438000;0.046
1370027439000;0.26733333333333337
1370027440000;0.002
1370027441000;0.11033333333333332
1370027442000;0.0
1370027443000;0.112
1370027444000;0.078
1370027445000;0.15150000000000002
1370027446000;0.08966666666666667
1370027447000;0.39749999999999996
1370027448000;0.0
1370027449000;0.0
1370027450000;0.0155
1370027451000;0.0505
1370027452000;0.212
1370027453000;0.14133333333333334
1370027454000;0.129
1370027455000;0.092
1370027456000;0.0
1370027457000;0.022
1370027458000;0.0
1370027459000;0.05
1370027460000;0.119
1370027461000;0.099
1370027462000;0.088
1370027463000;0.23820000000000002
1370027464000;0.0755
1370027465000;0.0
1370027466000;0.247
1370027467000;0.021
1370027468000;0.05
1370027469000;0.3175
1370027470000;0.0635
1370027471000;0.042
1370027472000;0.0
1370027473000;0.0
1370027474000;0.0
1370027475000;0.276
1370027476000;0.022
1370027477000;0.064
1370027478000;0.086
1370027479000;0.6279999999999999
1370027480000;0.173
1370027481000;0.065
1370027482000;0.068
1370027483000;0.294
1370027484000;0.0
1370027485000;0.28840000000000005
1370027486000;0.052
1370027487000;0.0
1370027488000;0.0
1370027489000;0.46599999999999997
1370027490000;0.028
1370027491000;0.047
1370027492000;0.105
1370027493000;0.0
1370027494000;0.093
1370027495000;0.128
1370027496000;0.0
1370027497000;0.1315
1370027498000;0.092
1370027499000;0.1675
1370027500000;0.0815
1370027501000;0.0335
1370027502000;0.061
1370027503000;0.13066666666666668
1370027504000;0.11499999999999999
1370027505000;0.0
1370027506000;0.035
1370027507000;0.028999999999999998
1370027508000;0.0
1370027509000;0.046
1370027510000;0.0
1370027511000;0.31
1370027512000;0.315
1370027513000;0.09599999999999999
1370027514000;0.18874999999999997
1370027515000;0.283
1370027516000;0.215
1370027517000;0.104
1370027518000;0.193
1370027519000;0.0
1370027520000;0.222
1370027521000;0.025
1370027522000;0.3473333333333333
1370027523000;0.498
1370027524000;0.061
1370027525000;0.0965
1370027526000;0.063
1370027527000;0.026
1370027528000;0.0
1370027529000;0.063
1370027530000;0.0
1370027531000;0.071
1370027532000;0.0
1370027533000;0.1205
1370027534000;0.04566666666666667
1370027535000;0.248
1370027536000;0.1015
1370027537000;0.0
1370027538000;0.3006666666666667
1370027539000;0.0
1370027540000;0.22999999999999998
1370027541000;0.0
1370027542000;0.245
1370027543000;0.4425
1370027544000;0.156
1370027545000;0.20199999999999999
1370027546000;0.08333333333333333
1370027547000;0.175
1370027548000;0.0
1370027549000;0.103
1370027550000;0.191
1370027551000;0.0
1370027552000;0.0365
1370027553000;0.001
1370027554000;0.036
1370027555000;0.14550000000000002
1370027556000;0.201
1370027557000;0.07866666666666666
1370027558000;0.015
1370027559000;0.1275
1370027560000;0.134
1370027561000;0.12439999999999998
1370027562000;0.07625
1370027563000;0.0
1370027564000;0.059
1370027565000;0.078
1370027566000;0.0
1370027567000;0.126
1370027568000;0.128
1370027569000;0.011
1370027570000;0.229
1370027571000;0.084
1370027572000;0.041
1370027573000;0.114
1370027574000;0.0
1370027575000;0.0
1370027576000;0.0
1370027577000;0.101
1370027578000;0.0
1370027579000;0.0
1370027580000;0.0
1370027581000;0.13233333333333336
1370027582000;0.29
1370027583000;0.0
1370027584000;0.376
1370027585000;0.7010000000000001
1370027586000;0.0665
1370027587000;0.044
1370027588000;0.14
1370027589000;0.413
1370027590000;0.22599999999999998
1370027591000;0.016
1370027592000;0.1615
1370027593000;0.0
1370027594000;0.0
1370027595000;0.0
1370027596000;0.0315
1370027597000;0.094
1370027598000;0.002
1370027599000;0.0345
1370027600000;0.30233333333333334
1370027601000;0.0
1370027602000;0.13
1370027603000;0.277
1370027604000;0.13066666666666668
1370027605000;0.047
1370027606000;0.07266666666666667
1370027607000;0.636
1370027608000;0.80075
1370027609000;0.044
1370027610000;0.0
1370027611000;0.043
1370027612000;0.109
1370027613000;0.0
1370027614000;0.0
1370027615000;0.0
1370027616000;0.034
1370027617000;0.064
1370027618000;0.22499999999999998
1370027619000;0.0
1370027620000;0.075
1370027621000;0.056
1370027622000;0.01
1370027623000;0.23466666666666666
1370027624000;0.0
1370027625000;0.19
1370027626000;0.131
1370027627000;0.093
1370027628000;0.0
1370027629000;0.057
1370027630000;0.0294
1370027631000;0.043
1370027632000;0.0
1370027633000;0.5536666666666666
1370027634000;0.147
1370027635000;0.198
1370027636000;0.06866666666666667
1370027637000;0.0
1370027638000;0.16433333333333333
1370027639000;0.14933333333333335
1370027640000;0.302
1370027641000;0.182
1370027642000;0.104
1370027643000;0.117
1370027644000;0.24400000000000002
1370027645000;0.0625
1370027646000;0.11233333333333333
1370027647000;0.104
1370027648000;0.17600000000000002
1370027649000;0.346
1370027650000;0.155
1370027651000;0.109
1370027652000;0.0305
1370027653000;0.0
1370027654000;0.081
1370027655000;0.112
1370027656000;0.092
1370027657000;0.0
1370027658000;0.005
1370027659000;0.103
1370027660000;0.0
1370027661000;0.076
1370027662000;0.13299999999999998
1370027663000;0.044
1370027664000;0.176
1370027665000;0.1265
1370027666000;0.073
1370027667000;0.0
1370027668000;0.30783333333333335
1370027669000;0.072
1370027670000;0.026
1370027671000;0.0
1370027672000;0.061
1370027673000;0.361
1370027674000;0.06433333333333334
1370027675000;0.0
1370027676000;0.396
1370027677000;0.0
1370027678000;0.15375
1370027679000;0.0
1370027680000;0.291
1370027681000;0.069
1370027682000;0.0
1370027683000;0.018500000000000003
1370027684000;0.3486666666666667
1370027685000;0.0
1370027686000;0.0
1370027687000;0.11033333333333334
1370027688000;0.0805
1370027689000;0.694
1370027690000;0.292
1370027691000;0.21500000000000002
1370027692000;0.04
1370027693000;0.138
1370027694000;0.0
1370027695000;0.09
1370027696000;0.118
1370027697000;0.17250000000000001
1370027698000;0.36900000000000005
1370027699000;0.067
1370027700000;0.041
1370027701000;0.063
1370027702000;0.117
1370027703000;0.16966666666666666
1370027704000;0.16066666666666665
1370027705000;0.089
1370027706000;0.157
1370027707000;0.291
1370027708000;0.5965
1370027709000;0.0
1370027710000;0.0
1370027711000;0.0
1370027712000;0.695
1370027713000;0.167
1370027714000;0.0
1370027715000;0.23739999999999997
1370027716000;0.21999999999999997
1370027717000;0.0
1370027718000;0.1428
1370027719000;0.061
1370027720000;0.461
1370027721000;0.09324999999999999
1370027722000;0.046
1370027723000;0.18633333333333332
1370027724000;0.0
1370027725000;0.15566666666666668
1370027726000;0.041
1370027727000;0.179
1370027728000;0.101
1370027729000;0.0
1370027730000;0.02
1370027731000;0.0
1370027732000;0.0
1370027733000;0.011
1370027734000;0.107
1370027735000;0.035
1370027736000;0.26
1370027737000;0.3145
1370027738000;0.004
1370027739000;0.039
1370027740000;0.125
1370027741000;0.05
1370027742000;0.032
1370027743000;0.249
1370027744000;0.061
1370027745000;0.0765
1370027746000;0.09200000000000001
1370027747000;0.311
1370027748000;0.101
1370027749000;0.345
1370027750000;0.1035
1370027751000;0.10800000000000001
1370027752000;0.076
1370027753000;0.0
1370027754000;0.034
1370027755000;0.108
1370027756000;0.0
1370027757000;0.26299999999999996
1370027758000;0.03
1370027759000;0.299
1370027760000;0.0
1370027761000;0.22
1370027762000;0.36500000000000005
1370027763000;0.0
1370027764000;0.249
1370027765000;0.1285
1370027766000;0.0
1370027767000;0.099
1370027768000;0.0
1370027769000;0.0
1370027770000;0.19883333333333333
1370027771000;0.1665
1370027772000;0.254
1370027773000;0.019
1370027774000;0.059666666666666666
1370027775000;0.012
1370027776000;0.1155
1370027777000;0.0
1370027778000;0.022
1370027779000;0.0865
1370027780000;0.15166666666666664
1370027781000;0.181
1370027782000;0.1555
1370027783000;0.0425
1370027784000;0.0
1370027785000;0.297
1370027786000;0.0
1370027787000;0.11
1370027788000;0.10500000000000001
1370027789000;0.248
1370027790000;0.34700000000000003
1370027791000;0.06633333333333334
1370027792000;0.24466666666666667
1370027793000;0.08866666666666667
1370027794000;0.0265
1370027795000;0.0
1370027796000;0.084
1370027797000;0.16733333333333333
1370027798000;0.10400000000000001
1370027799000;0.301
1370027800000;0.014
1370027801000;0.132
1370027802000;0.047
1370027803000;0.426
1370027804000;0.02975
1370027805000;0.026
1370027806000;0.0
1370027807000;0.0
1370027808000;0.0665
1370027809000;0.19033333333333335
1370027810000;0.042
1370027811000;0.181
1370027812000;0.0
1370027813000;0.299
1370027814000;0.7985
1370027815000;0.112
1370027816000;0.118
1370027817000;0.1755
1370027818000;0.38449999999999995
1370027819000;0.111
1370027820000;0.083
1370027821000;0.1585
1370027822000;0.027
1370027823000;0.20350000000000001
1370027824000;0.048
1370027825000;0.256
1370027826000;0.143
1370027827000;0.101
1370027828000;0.0
1370027829000;0.112
1370027830000;0.019
1370027831000;0.0
1370027832000;0.49
1370027833000;0.033
1370027834000;0.0305
1370027835000;0.0
1370027836000;0.0
1370027837000;0.027
1370027838000;0.17633333333333334
1370027839000;0.10450000000000001
1370027840000;0.0455
1370027841000;0.132
1370027842000;0.216
1370027843000;0.0
1370027844000;0.202
1370027845000;0.314
1370027846000;0.035500000000000004
1370027847000;0.055
1370027848000;0.617
1370027849000;0.073
1370027850000;0.11649999999999999
1370027851000;0.0
1370027852000;0.20933333333333334
1370027853000;0.001
1370027854000;0.048
1370027855000;0.08933333333333333
1370027856000;0.169
1370027857000;0.151
1370027858000;0.0
1370027859000;0.18
1370027860000;0.182
1370027861000;0.40499999999999997
1370027862000;0.0
1370027863000;0.001
1370027864000;0.13475
1370027865000;0.22549999999999998
1370027866000;0.141
1370027867000;0.0
1370027868000;0.051666666666666666
1370027869000;0.41500000000000004
1370027870000;0.069
1370027871000;0.0
1370027872000;0.037
1370027873000;0.051000000000000004
1370027874000;0.141
1370027875000;0.3335
1370027876000;0.26375000000000004
1370027877000;0.024
1370027878000;0.03
1370027879000;0.047
1370027880000;0.053
1370027881000;0.086
1370027882000;0.088
1370027883000;0.3115
1370027884000;0.112
1370027885000;0.2825
1370027886000;0.0
1370027887000;0.138
1370027888000;0.2235
1370027889000;0.061
1370027890000;0.03
1370027891000;0.0
1370027892000;0.1936
1370027893000;0.0775
1370027894000;0.1622
1370027895000;0.07
1370027896000;0.084
1370027897000;0.3373333333333333
1370027898000;0.0
1370027899000;0.23299999999999998
1370027900000;0.0
1370027901000;0.14
1370027902000;0.225
1370027903000;0.015
1370027904000;0.0
1370027905000;0.0
1370027906000;0.074
1370027907000;0.022
1370027908000;0.0
1370027909000;0.007
1370027910000;0.023
1370027911000;0.15933333333333335
1370027912000;0.018
1370027913000;0.033
1370027914000;0.076
1370027915000;0.1915
1370027916000;0.011
1370027917000;0.095
1370027918000;0.01
1370027919000;0.22599999999999998
1370027920000;0.09
1370027921000;0.299
1370027922000;0.37
1370027923000;0.216
1370027924000;0.0
1370027925000;0.08833333333333333
1370027926000;0.124
1370027927000;0.095
1370027928000;0.11649999999999999
1370027929000;0.0605
1370027930000;0.022
1370027931000;0.129
1370027932000;0.168
1370027933000;0.299
1370027934000;0.01
1370027935000;0.145
1370027936000;0.093
1370027937000;0.041
1370027938000;0.247
1370027939000;0.143
1370027940000;0.099
1370027941000;0.0
1370027942000;0.03933333333333333
1370027943000;0.171
1370027944000;0.077
1370027945000;0.127
1370027946000;0.0215
1370027947000;0.01
1370027948000;0.0
1370027949000;0.016
1370027950000;0.10475000000000001
1370027951000;0.026
1370027952000;0.079
1370027953000;0.062
1370027954000;0.0
1370027955000;0.139
1370027956000;0.1175
1370027957000;0.0
1370027958000;0.025
1370027959000;0.5285
1370027960000;0.135
1370027961000;0.1395
1370027962000;0.16349999999999998
1370027963000;0.083
1370027964000;0.095
1370027965000;0.677
1370027966000;0.12366666666666666
1370027967000;0.0
1370027968000;0.10200000000000001
1370027969000;0.1485
1370027970000;0.0
1370027971000;0.124
1370027972000;0.04
1370027973000;0.0
1370027974000;0.729
1370027975000;0.076
1370027976000;0.0945
1370027977000;0.08499999999999999
1370027978000;0.0755
1370027979000;0.18000000000000002
1370027980000;0.159
1370027981000;0.059666666666666666
1370027982000;0.444
1370027983000;0.181
1370027984000;0.30533333333333335
1370027985000;0.0
1370027986000;0.313
1370027987000;0.0
1370027988000;0.0
1370027989000;0.28300000000000003
1370027990000;0.104
1370027991000;0.0
1370027992000;0.05633333333333334
1370027993000;0.0
1370027994000;0.08066666666666666
1370027995000;0.0
1370027996000;0.141
1370027997000;0.0
1370027998000;0.044500000000000005
1370027999000;0.074
1370028000000;0.035500000000000004
1370028001000;0.19099999999999998
1370028002000;0.247
1370028003000;0.10200000000000001
1370028004000;0.1375
1370028005000;0.21
1370028006000;0.2913333333333334
1370028007000;0.286
1370028008000;0.033
1370028009000;0.0
1370028010000;0.035
1370028011000;0.0
1370028012000;0.1
1370028013000;0.1635
1370028014000;0.015000000000000001
1370028015000;0.0
1370028016000;0.007
1370028017000;0.046
1370028018000;0.31
1370028019000;0.046
1370028020000;0.081
1370028021000;0.122
1370028022000;0.031
1370028023000;0.156
1370028024000;0.08149999999999999
1370028025000;0.10400000000000001
1370028026000;0.161
1370028027000;0.036
1370028028000;0.10800000000000001
1370028029000;0.08966666666666667
1370028030000;0.043
1370028031000;0.0315
1370028032000;0.0205
1370028033000;0.19199999999999998
1370028034000;0.0225
1370028035000;0.02666666666666667
1370028036000;0.0
1370028037000;0.0
1370028038000;0.086
1370028039000;0.1555
1370028040000;0.0
1370028041000;0.0
1370028042000;0.16799999999999998
1370028043000;0.103
1370028044000;0.096
1370028045000;0.1
1370028046000;0.1005
1370028047000;0.537
1370028048000;0.0395
1370028049000;0.03
1370028050000;0.011
1370028051000;0.046
1370028052000;0.09566666666666668
1370028053000;0.121
1370028054000;0.0195
1370028055000;0.172
1370028056000;0.1215
1370028057000;0.189
1370028058000;0.0
1370028059000;0.051
1370028060000;0.005
1370028061000;0.058499999999999996
1370028062000;0.0
1370028063000;0.018
1370028064000;0.0
1370028065000;0.46199999999999997
1370028066000;0.0
1370028067000;0.058499999999999996
1370028068000;0.037
1370028069000;0.22675
1370028070000;0.028
1370028071000;0.03
1370028072000;0.239
1370028073000;0.2555
1370028074000;0.09233333333333334
1370028075000;0.168
1370028076000;0.189
1370028077000;0.1045
1370028078000;0.0
1370028079000;0.2195
1370028080000;0.0
1370028081000;0.049
1370028082000;0.061
1370028083000;0.364
1370028084000;0.359
1370028085000;0.12
1370028086000;0.0
1370028087000;0.0
1370028088000;0.0405
1370028089000;0.48950000000000005
1370028090000;0.257
1370028091000;0.0
1370028092000;0.1325
1370028093000;0.004
1370028094000;0.1365
1370028095000;0.26
1370028096000;0.097
1370028097000;0.2375
1370028098000;0.04933333333333333
1370028099000;0.346
1370028100000;0.2955
1370028101000;0.0
1370028102000;0.0
1370028103000;0.0
1370028104000;0.529
1370028105000;0.1366666666666667
1370028106000;0.139
1370028107000;0.004
1370028108000;0.0
1370028109000;0.21000000000000002
1370028110000;0.059
1370028111000;0.0
1370028112000;0.12
1370028113000;0.126
1370028114000;0.063
1370028115000;0.106
1370028116000;0.047
1370028117000;0.0
1370028118000;0.0
1370028119000;0.0
1370028120000;0.01
1370028121000;0.48040000000000005
1370028122000;0.044
1370028123000;0.001
1370028124000;0.0505
1370028125000;0.084
1370028126000;0.109
1370028127000;0.001
1370028128000;0.007
1370028129000;0.047
1370028130000;0.06033333333333333
1370028131000;0.0
1370028132000;0.205
1370028133000;0.089
1370028134000;0.12
1370028135000;0.034
1370028136000;0.0
1370028137000;0.198
1370028138000;0.30249999999999994
1370028139000;0.0
1370028140000;0.035
1370028141000;0.05
1370028142000;0.5958
1370028143000;0.0
1370028144000;0.10333333333333333
1370028145000;0.1045
1370028146000;0.07275000000000001
1370028147000;0.051
1370028148000;0.0
1370028149000;0.009999999999999998
1370028150000;0.06433333333333334
1370028151000;0.0
1370028152000;0.207
1370028153000;0.79
1370028154000;0.232
1370028155000;0.048
1370028156000;0.0
1370028157000;0.0
1370028158000;0.18
1370028159000;0.16266666666666665
1370028160000;0.0
1370028161000;0.0
1370028162000;0.09966666666666667
1370028163000;0.0
1370028164000;0.0
1370028165000;0.147
1370028166000;0.183
1370028167000;0.018000000000000002
1370028168000;0.0
1370028169000;0.12433333333333334
1370028170000;0.07466666666666667
1370028171000;0.061
1370028172000;0.0
1370028173000;0.115
1370028174000;0.154
1370028175000;0.18366666666666664
1370028176000;0.22050000000000003
1370028177000;0.0
1370028178000;0.1415
1370028179000;0.0
1370028180000;0.023
1370028181000;0.094
1370028182000;0.0175
1370028183000;0.14666666666666667
1370028184000;0.051
1370028185000;0.0515
1370028186000;0.847
1370028187000;0.198
1370028188000;0.074
1370028189000;0.046
1370028190000;0.2795
1370028191000;0.04425
1370028192000;0.20450000000000002
1370028193000;0.411
1370028194000;0.178
1370028195000;0.22
1370028196000;0.027
1370028197000;0.2025
1370028198000;0.0
1370028199000;0.1375
1370028200000;0.084
1370028201000;0.03133333333333333
1370028202000;0.03
1370028203000;0.334
1370028204000;0.2005
1370028205000;0.188
1370028206000;0.095
1370028207000;0.255
1370028208000;0.079
1370028209000;0.093
1370028210000;0.127
1370028211000;0.083
1370028212000;0.17175
1370028213000;0.03
1370028214000;0.035
1370028215000;0.1685
1370028216000;0.1255
1370028217000;0.20199999999999999
1370028218000;0.01
1370028219000;0.2395
1370028220000;0.13
1370028221000;0.0
1370028222000;0.01
1370028223000;0.122
1370028224000;0.02
1370028225000;0.238
1370028226000;0.025
1370028227000;0.387
1370028228000;0.61725
1370028229000;0.0
1370028230000;0.0
1370028231000;0.0
1370028232000;0.24866666666666667
1370028233000;0.273
1370028234000;0.13025
1370028235000;0.0
1370028236000;0.16540000000000002
1370028237000;0.0
1370028238000;0.0
1370028239000;0.02
1370028240000;0.0
1370028241000;0.101
1370028242000;0.063
1370028243000;0.0825
1370028244000;0.08700000000000001
1370028245000;0.116
1370028246000;0.0
1370028247000;0.2945
1370028248000;0.348
1370028249000;0.095
1370028250000;0.0
1370028251000;0.0
1370028252000;0.0
1370028253000;0.224
1370028254000;0.0
1370028255000;0.041999999999999996
1370028256000;0.0
1370028257000;0.0
1370028258000;0.056
1370028259000;0.0
1370028260000;0.0
1370028261000;0.0
1370028262000;0.316
1370028263000;0.047
1370028264000;0.051
1370028265000;0.1055
1370028266000;0.142
1370028267000;0.119
1370028268000;0.14233333333333334
1370028269000;0.2265
1370028270000;0.0675
1370028271000;0.1765
1370028272000;0.015
1370028273000;0.252
1370028274000;0.10966666666666668
1370028275000;0.0
1370028276000;0.2025
1370028277000;0.0
1370028278000;0.07350000000000001
1370028279000;0.049
1370028280000;0.283
1370028281000;0.164
1370028282000;0.181
1370028283000;0.0
1370028284000;0.112
1370028285000;0.292
1370028286000;0.02
1370028287000;0.103
1370028288000;0.0
1370028289000;0.037
1370028290000;0.11499999999999999
1370028291000;0.24550000000000002
1370028292000;0.1
1370028293000;0.036000000000000004
1370028294000;0.133
1370028295000;0.395
1370028296000;0.008
1370028297000;0.005666666666666667
1370028298000;0.243
1370028299000;0.05
1370028300000;0.14125
1370028301000;0.184
1370028302000;0.0
1370028303000;0.15
1370028304000;0.015
1370028305000;0.035
1370028306000;0.0335
1370028307000;0.112
1370028308000;0.17733333333333334
1370028309000;0.03
1370028310000;0.292
1370028311000;0.0915
1370028312000;0.11
1370028313000;0.0
1370028314000;0.304
1370028315000;0.061
1370028316000;0.001
1370028317000;0.076
1370028318000;0.004
1370028319000;0.0
1370028320000;0.41533333333333333
1370028321000;0.202
1370028322000;0.059
1370028323000;0.1535
1370028324000;0.0
1370028325000;0.0916
1370028326000;0.015
1370028327000;0.0
1370028328000;0.19299999999999998
1370028329000;0.051
1370028330000;0.143
1370028331000;0.083
1370028332000;0.0
1370028333000;0.063
1370028334000;0.214
1370028335000;0.058499999999999996
1370028336000;0.063
1370028337000;0.0
1370028338000;0.099
1370028339000;0.0285
1370028340000;0.0
1370028341000;0.098
1370028342000;0.079
1370028343000;0.08549999999999999
1370028344000;0.18199999999999997
1370028345000;0.308
1370028346000;0.08433333333333333
1370028347000;0.0
1370028348000;0.243
1370028349000;0.10066666666666667
1370028350000;0.513
1370028351000;0.159
1370028352000;0.18866666666666665
1370028353000;0.06533333333333334
1370028354000;0.0
1370028355000;0.196
1370028356000;0.0
1370028357000;0.019
1370028358000;0.30200000000000005
1370028359000;0.067
1370028360000;0.1365
1370028361000;0.0
1370028362000;0.02
1370028363000;0.018000000000000002
1370028364000;0.2875
1370028365000;0.18
1370028366000;0.24700000000000003
1370028367000;0.616
1370028368000;0.0
1370028369000;0.136
1370028370000;0.2175
1370028371000;0.0
1370028372000;0.06325
1370028373000;0.0
1370028374000;0.05266666666666667
1370028375000;0.08800000000000001
1370028376000;0.0
1370028377000;0.2075
1370028378000;0.0478
1370028379000;0.0
1370028380000;0.0
1370028381000;0.0
1370028382000;0.08
1370028383000;0.23650000000000002
1370028384000;0.417
1370028385000;0.18099999999999997
1370028386000;0.3015
1370028387000;0.23550000000000001
1370028388000;0.044
1370028389000;0.112
1370028390000;0.125
1370028391000;0.0
1370028392000;0.062
1370028393000;0.0
1370028394000;0.297
1370028395000;0.0
1370028396000;0.1595
1370028397000;0.0
1370028398000;0.21600000000000003
1370028399000;0.10799999999999998
1370028400000;0.007
1370028401000;0.18033333333333335
1370028402000;0.109
1370028403000;0.08875
1370028404000;0.0
1370028405000;0.1035
1370028406000;0.07200000000000001
1370028407000;0.23879999999999998
1370028408000;0.667
1370028409000;0.091
1370028410000;0.2856666666666667
1370028411000;0.07400000000000001
1370028412000;0.048
1370028413000;0.036
1370028414000;0.0575
1370028415000;0.21050000000000002
1370028416000;0.07400000000000001
1370028417000;0.253
1370028418000;0.121
1370028419000;0.16399999999999998
1370028420000;0.0735
1370028421000;0.082
1370028422000;0.449
1370028423000;0.277
1370028424000;0.13766666666666666
1370028425000;0.0
1370028426000;0.062
1370028427000;0.099
1370028428000;0.17
1370028429000;0.19925
1370028430000;0.001
1370028431000;0.1095
1370028432000;0.139
1370028433000;0.0
1370028434000;0.0
1370028435000;0.0658
1370028436000;0.02
1370028437000;0.521
1370028438000;0.17975000000000002
1370028439000;0.0
1370028440000;0.0
1370028441000;0.016
1370028442000;0.3245
1370028443000;0.018
1370028444000;0.068
1370028445000;0.068
1370028446000;0.08533333333333333
1370028447000;0.0
1370028448000;0.21375
1370028449000;0.038
1370028450000;0.29400000000000004
1370028451000;0.055
1370028452000;0.30579999999999996
1370028453000;0.0
1370028454000;0.4185
1370028455000;0.16
1370028456000;0.039
1370028457000;0.044000000000000004
1370028458000;0.042
1370028459000;0.0
1370028460000;0.135
1370028461000;0.0
1370028462000;0.08199999999999999
1370028463000;0.012
1370028464000;0.219
1370028465000;0.03133333333333333
1370028466000;0.126
1370028467000;0.0
1370028468000;0.0
1370028469000;0.28933333333333333
1370028470000;0.1345
1370028471000;0.002
1370028472000;0.18300000000000002
1370028473000;0.0
1370028474000;0.504
1370028475000;0.0595
1370028476000;0.204
1370028477000;0.0
1370028478000;0.1014
1370028479000;0.192
1370028480000;0.064
1370028481000;0.14600000000000002
1370028482000;0.228
1370028483000;0.153
1370028484000;0.0775
1370028485000;0.153
1370028486000;0.0
1370028487000;0.0
1370028488000;0.152
1370028489000;0.129
1370028490000;0.069
1370028491000;0.013
1370028492000;0.127
1370028493000;0.13375
1370028494000;0.34366666666666673
1370028495000;0.067
1370028496000;0.15
1370028497000;0.158
1370028498000;0.0
1370028499000;0.279
1370028500000;0.2875
1370028501000;0.088
1370028502000;0.3473333333333333
1370028503000;0.227
1370028504000;0.0
1370028505000;0.186
1370028506000;0.198
1370028507000;0.011
1370028508000;0.1065
1370028509000;0.0
1370028510000;0.306
1370028511000;0.038
1370028512000;0.044000000000000004
1370028513000;0.0
1370028514000;0.116
1370028515000;0.089
1370028516000;0.116
1370028517000;0.0
1370028518000;0.0
1370028519000;0.078
1370028520000;0.0965
1370028521000;0.1355
1370028522000;0.08780000000000002
1370028523000;0.013
1370028524000;0.135
1370028525000;0.0725
1370028526000;0.0
1370028527000;0.1575
1370028528000;0.177
1370028529000;0.0525
1370028530000;0.0825
1370028531000;0.12666666666666668
1370028532000;0.0785
1370028533000;0.032
1370028534000;0.0
1370028535000;0.239
1370028536000;0.018
1370028537000;0.2
1370028538000;0.0
1370028539000;0.0
1370028540000;0.0
1370028541000;0.366
