Timestamp;WC1
1370021192427;1.370021192387E9
1370021193411;1.3700211934E9
1370021193871;1.370021193719E9
1370021194123;1.370021193686E9
1370021194162;1.370021193757E9
1370021194679;1.370021194259E9
1370021194919;1.370021194914E9
1370021195615;1.370021195519E9
1370021195737;1.370021195492E9
1370021198027;1.370021198E9
1370021198656;1.370021198655E9
1370021199034;1.37002119903E9
1370021199388;1.370021199314E9
1370021199960;1.370021199741E9
1370021200804;1.370021200753E9
1370021201278;1.370021201277E9
1370021204061;1.370021204049E9
1370021205295;1.370021205239E9
1370021207017;1.370021206947E9
1370021207541;1.370021207487E9
1370021208116;1.370021208091E9
1370021208774;1.370021208558E9
1370021210933;1.370021210884E9
1370021211781;1.370021211768E9
1370021212484;1.370021212248E9
1370021212969;1.370021212922E9
1370021213006;1.370021212995E9
1370021214188;1.370021214177E9
1370021215862;1.370021215728E9
1370021217920;1.370021217813E9
1370021217936;1.370021217868E9
1370021219647;1.370021219647E9
1370021219843;1.370021219703E9
1370021220058;1.370021219825E9
1370021223405;1.370021223247E9
1370021225175;1.370021225023E9
1370021226295;1.370021226046E9
1370021226362;1.370021226282E9
1370021228803;1.370021228765E9
1370021228873;1.370021228872E9
1370021229000;1.370021228988E9
1370021230687;1.370021230568E9
1370021231592;1.370021231456E9
1370021231705;1.370021231579E9
1370021231929;1.370021231896E9
1370021232221;1.37002123216E9
1370021233329;1.370021233317E9
1370021234846;1.370021234731E9
1370021234875;1.370021234852E9
1370021237216;1.370021237114E9
1370021239213;1.370021239206E9
1370021240086;1.370021240055E9
1370021241587;1.370021241376E9
1370021242333;1.370021241898E9
1370021243003;1.370021242947E9
1370021244126;1.370021244034E9
1370021244811;1.370021244795E9
1370021246267;1.370021246251E9
1370021247665;1.370021247664E9
1370021248975;1.37002124892E9
1370021249230;1.370021249205E9
1370021249566;1.370021249524E9
1370021251769;1.370021251741E9
1370021254052;1.370021253909E9
1370021254700;1.370021254399E9
1370021255954;1.370021255853E9
1370021257536;1.370021257268E9
1370021258204;1.370021257746E9
1370021258771;1.370021258714E9
1370021261643;1.370021261524E9
1370021262022;1.370021262002E9
1370021263422;1.370021263421E9
1370021265170;1.370021265073E9
1370021267716;1.37002126751E9
1370021268792;1.370021268405E9
1370021268907;1.370021268478E9
1370021269515;1.37002126951E9
1370021269751;1.370021269671E9
1370021270747;1.370021270686E9
1370021271746;1.370021271742E9
1370021272758;1.370021272532E9
1370021273239;1.370021273039E9
1370021274016;1.370021273983E9
1370021275131;1.370021274974E9
1370021275365;1.370021275339E9
1370021275640;1.370021275483E9
1370021276573;1.370021276448E9
1370021277215;1.370021277202E9
1370021277484;1.370021277346E9
1370021281685;1.370021281673E9
1370021282281;1.370021282276E9
1370021284325;1.370021284149E9
1370021285092;1.370021285022E9
1370021286499;1.370021286331E9
1370021286502;1.370021286355E9
1370021286885;1.370021286869E9
1370021288327;1.37002128826E9
1370021289009;1.370021289001E9
1370021289916;1.370021289895E9
1370021290331;1.370021290285E9
1370021290822;1.370021290699E9
1370021291391;1.370021291376E9
1370021291797;1.370021291715E9
1370021292190;1.370021292126E9
1370021294351;1.370021294309E9
1370021295529;1.370021295501E9
1370021296418;1.370021296363E9
1370021296657;1.37002129638E9
1370021297930;1.370021297624E9
1370021298194;1.370021298157E9
1370021300898;1.370021300879E9
1370021301234;1.37002130117E9
1370021301900;1.370021301834E9
1370021304572;1.370021304498E9
1370021304628;1.370021304619E9
1370021308350;1.370021308324E9
1370021312443;1.370021312184E9
1370021312492;1.370021312445E9
1370021315371;1.370021315337E9
1370021317442;1.370021317206E9
1370021318817;1.370021318748E9
1370021321188;1.370021321183E9
1370021322590;1.37002132255E9
1370021325588;1.370021325501E9
1370021326013;1.370021325947E9
1370021327323;1.370021327277E9
1370021328798;1.370021328675E9
1370021329182;1.370021329134E9
1370021330918;1.370021330863E9
1370021331248;1.370021331142E9
1370021331412;1.370021331386E9
1370021332782;1.370021332577E9
1370021333965;1.370021333763E9
1370021334340;1.370021334152E9
1370021337783;1.370021337524E9
1370021337970;1.370021337948E9
1370021339541;1.370021339322E9
1370021339871;1.370021339838E9
1370021340673;1.370021340612E9
1370021342154;1.370021341882E9
1370021342247;1.370021341938E9
1370021342728;1.370021342381E9
1370021343118;1.370021343081E9
1370021345962;1.370021345755E9
1370021348107;1.370021348042E9
1370021349176;1.370021348986E9
1370021352565;1.37002135254E9
1370021353546;1.370021353431E9
1370021355341;1.370021355213E9
1370021356835;1.37002135681E9
1370021357235;1.370021356985E9
1370021360002;1.370021359982E9
1370021360559;1.370021360503E9
1370021364047;1.370021364029E9
1370021366667;1.370021366571E9
1370021367447;1.370021367395E9
1370021368313;1.370021368291E9
1370021368618;1.370021368332E9
1370021371064;1.370021371034E9
1370021371137;1.37002137111E9
1370021371748;1.370021371739E9
1370021372226;1.370021372215E9
1370021372744;1.37002137258E9
1370021374607;1.370021374607E9
1370021377574;1.370021377327E9
1370021379717;1.370021379638E9
1370021379996;1.370021379927E9
1370021383487;1.370021383298E9
1370021386066;1.370021385872E9
1370021392686;1.370021392577E9
1370021395159;1.370021395135E9
1370021397444;1.370021397442E9
1370021398125;1.370021398099E9
1370021398896;1.370021398854E9
1370021400570;1.370021400369E9
1370021401017;1.370021401013E9
1370021402503;1.370021402414E9
1370021402686;1.370021402416E9
1370021404008;1.370021403751E9
1370021405876;1.370021405618E9
1370021407078;1.370021406913E9
1370021407512;1.370021407511E9
1370021407823;1.370021407751E9
1370021410197;1.370021410111E9
1370021411248;1.370021411078E9
1370021411426;1.370021411409E9
1370021412491;1.370021412337E9
1370021412586;1.370021412241E9
1370021412734;1.370021412162E9
1370021412814;1.370021412753E9
1370021413611;1.370021413569E9
1370021413689;1.370021413561E9
1370021413709;1.370021413616E9
1370021413983;1.370021413911E9
1370021415564;1.370021415538E9
1370021415901;1.370021415896E9
1370021420156;1.370021420134E9
1370021420591;1.370021420563E9
1370021421822;1.3700214218E9
1370021421986;1.370021421961E9
1370021422286;1.370021422276E9
1370021422381;1.370021422351E9
1370021422645;1.37002142242E9
1370021423920;1.370021423915E9
1370021424034;1.370021423953E9
1370021424165;1.370021424074E9
1370021424365;1.370021424329E9
1370021425504;1.370021425504E9
1370021426177;1.370021425785E9
1370021428020;1.370021428012E9
1370021428770;1.370021428565E9
1370021429456;1.370021429322E9
1370021429567;1.370021429523E9
1370021432392;1.370021432197E9
1370021432540;1.370021432275E9
1370021432549;1.370021432067E9
1370021432624;1.370021432624E9
1370021433203;1.370021433082E9
1370021433301;1.370021433255E9
1370021433601;1.370021433477E9
1370021435538;1.370021435456E9
1370021435850;1.370021435741E9
1370021436032;1.37002143596E9
1370021436989;1.370021436948E9
1370021438121;1.370021438101E9
1370021438437;1.370021438292E9
1370021438959;1.370021438949E9
1370021439826;1.370021439789E9
1370021439840;1.370021439835E9
1370021440645;1.370021440611E9
1370021441308;1.370021441296E9
1370021441573;1.37002144149E9
1370021442040;1.370021441963E9
1370021444172;1.370021444065E9
1370021444743;1.370021444738E9
1370021445811;1.370021445377E9
1370021446222;1.370021446133E9
1370021447474;1.370021447238E9
1370021451508;1.370021451326E9
1370021451803;1.370021451756E9
1370021452111;1.3700214521E9
1370021456054;1.370021455857E9
1370021456205;1.370021456139E9
1370021456812;1.370021456789E9
1370021459526;1.370021459367E9
1370021459888;1.370021459594E9
1370021463431;1.37002146334E9
1370021463632;1.370021463578E9
1370021463920;1.370021463704E9
1370021464609;1.370021464589E9
1370021465270;1.370021465184E9
1370021465344;1.370021465298E9
1370021465596;1.370021465535E9
1370021465670;1.37002146563E9
1370021466368;1.370021466366E9
1370021468145;1.370021468086E9
1370021469822;1.370021469814E9
1370021469927;1.37002146938E9
1370021470133;1.370021469976E9
1370021470246;1.370021470242E9
1370021471683;1.370021471559E9
1370021472903;1.370021472654E9
1370021472972;1.370021472931E9
1370021473186;1.370021473064E9
1370021473536;1.370021473485E9
1370021473680;1.370021473442E9
1370021473917;1.370021473849E9
1370021475053;1.37002147491E9
1370021476414;1.370021476241E9
1370021477820;1.370021477574E9
1370021481743;1.370021481638E9
1370021485224;1.370021485205E9
1370021485675;1.370021485584E9
1370021486522;1.370021486306E9
1370021487255;1.370021487069E9
1370021487659;1.370021487636E9
1370021488135;1.370021488115E9
1370021488248;1.370021488182E9
1370021490820;1.370021490818E9
1370021490910;1.37002149082E9
1370021491315;1.370021491289E9
1370021494314;1.370021494219E9
1370021495140;1.370021495011E9
1370021495293;1.370021495193E9
1370021495966;1.370021495883E9
1370021496337;1.370021496336E9
1370021496895;1.370021496836E9
1370021500908;1.370021500427E9
1370021503081;1.370021502958E9
1370021504245;1.370021504236E9
1370021505415;1.37002150538E9
1370021505562;1.370021505479E9
1370021506358;1.3700215063E9
1370021507707;1.370021507692E9
1370021507814;1.370021507799E9
1370021508005;1.37002150784E9
1370021508365;1.370021508139E9
1370021510705;1.370021510653E9
1370021511115;1.370021510757E9
1370021513229;1.370021513186E9
1370021516796;1.370021516789E9
1370021517159;1.370021516969E9
1370021519537;1.370021519473E9
1370021520294;1.370021520169E9
1370021522655;1.370021522631E9
1370021523950;1.370021523877E9
1370021525286;1.3700215252E9
1370021526750;1.370021526592E9
1370021526982;1.370021526895E9
1370021529896;1.370021529846E9
1370021530610;1.370021530595E9
1370021530957;1.370021530948E9
1370021532253;1.370021532019E9
1370021532293;1.370021532096E9
1370021534503;1.370021534459E9
1370021535394;1.370021535301E9
1370021535411;1.37002153538E9
1370021535781;1.370021535764E9
1370021536173;1.370021535915E9
1370021536937;1.370021536909E9
1370021537395;1.370021537185E9
1370021537558;1.370021537536E9
1370021537895;1.370021537701E9
1370021538480;1.370021538434E9
1370021538983;1.37002153889E9
1370021542641;1.370021542535E9
1370021545422;1.370021545406E9
1370021545678;1.370021545557E9
1370021548022;1.370021547923E9
1370021548600;1.370021548379E9
1370021551990;1.370021551957E9
1370021553967;1.370021553816E9
1370021554203;1.37002155378E9
1370021556585;1.370021556572E9
1370021558243;1.370021558207E9
1370021558401;1.370021558388E9
1370021558915;1.37002155889E9
1370021559514;1.370021559514E9
1370021559675;1.370021559631E9
1370021563105;1.370021562662E9
1370021563224;1.370021562971E9
1370021564191;1.370021564143E9
1370021570396;1.370021570356E9
1370021570470;1.370021570455E9
1370021571776;1.370021571728E9
1370021573400;1.370021573354E9
1370021574227;1.370021574217E9
1370021574901;1.370021574724E9
1370021575168;1.37002157516E9
1370021577203;1.370021577101E9
1370021580127;1.370021580069E9
1370021580816;1.370021580805E9
1370021586155;1.370021586148E9
1370021586738;1.370021586548E9
1370021587046;1.370021587034E9
1370021587376;1.37002158727E9
1370021587807;1.370021587507E9
1370021588589;1.370021588584E9
1370021592446;1.370021592362E9
1370021593824;1.370021593742E9
1370021593931;1.370021593891E9
1370021594122;1.370021594067E9
1370021594169;1.370021594112E9
1370021597164;1.370021597053E9
1370021598287;1.370021598278E9
1370021599149;1.370021599092E9
1370021600641;1.370021600535E9
1370021600814;1.370021600806E9
1370021601156;1.370021601041E9
1370021601612;1.370021601576E9
1370021603740;1.370021603484E9
1370021609707;1.370021609669E9
1370021612160;1.370021612152E9
1370021612910;1.370021612726E9
1370021613253;1.370021613213E9
1370021614963;1.370021614943E9
1370021621750;1.370021621642E9
1370021622954;1.370021622741E9
1370021625258;1.370021625195E9
1370021625419;1.37002162528E9
1370021626508;1.370021626107E9
1370021628095;1.370021628002E9
1370021628108;1.370021628041E9
1370021628334;1.370021628299E9
1370021629228;1.370021629147E9
1370021629512;1.370021629338E9
1370021629874;1.370021629474E9
1370021629895;1.370021629518E9
1370021634486;1.370021634346E9
1370021635117;1.370021635099E9
1370021635891;1.370021635838E9
1370021636312;1.370021636058E9
1370021636825;1.370021636789E9
1370021636968;1.370021636938E9
1370021637643;1.370021637522E9
1370021638846;1.37002163882E9
1370021639133;1.370021638983E9
1370021640196;1.370021640149E9
1370021640649;1.370021640644E9
1370021643975;1.370021643929E9
1370021644056;1.370021643926E9
1370021644886;1.370021644882E9
1370021645047;1.370021645015E9
1370021645448;1.370021645352E9
1370021649440;1.370021649399E9
1370021651525;1.37002165141E9
1370021653439;1.370021653423E9
1370021653751;1.370021653699E9
1370021654961;1.370021654923E9
1370021655117;1.37002165511E9
1370021657205;1.370021657146E9
1370021658477;1.370021658472E9
1370021660541;1.370021660384E9
1370021660645;1.370021660553E9
1370021662403;1.370021662254E9
1370021663332;1.37002166311E9
1370021666711;1.370021666671E9
1370021667007;1.37002166691E9
1370021667878;1.370021667518E9
1370021668698;1.370021668664E9
1370021669707;1.37002166953E9
1370021670619;1.370021670431E9
1370021672821;1.370021672794E9
1370021673201;1.370021673046E9
1370021674060;1.3700216735E9
1370021675182;1.370021675141E9
1370021675475;1.370021675409E9
1370021675756;1.370021675712E9
1370021675860;1.370021675853E9
1370021675989;1.370021675957E9
1370021676517;1.370021676512E9
1370021678343;1.370021678025E9
1370021678467;1.370021678435E9
1370021678637;1.370021678565E9
1370021679295;1.370021679257E9
1370021680706;1.370021680546E9
1370021681178;1.37002168116E9
1370021681664;1.370021681603E9
1370021683240;1.370021683118E9
1370021683439;1.370021683432E9
1370021684460;1.370021684443E9
1370021685234;1.370021684928E9
1370021685260;1.370021685127E9
1370021685300;1.370021685299E9
1370021691134;1.370021690913E9
1370021692786;1.370021692754E9
1370021693650;1.370021693618E9
1370021697525;1.370021697492E9
1370021697961;1.370021697859E9
1370021698877;1.370021698871E9
1370021699512;1.370021699444E9
1370021703191;1.370021703182E9
1370021703384;1.370021703336E9
1370021704449;1.370021704311E9
1370021704674;1.370021704638E9
1370021705240;1.370021705196E9
1370021709284;1.370021709086E9
1370021710561;1.370021710545E9
1370021710870;1.370021710767E9
1370021713016;1.370021712986E9
1370021713122;1.370021713088E9
1370021715026;1.37002171499E9
1370021717429;1.370021717399E9
1370021717999;1.370021717921E9
1370021718686;1.370021718452E9
1370021719218;1.370021719125E9
1370021720534;1.37002172053E9
1370021722206;1.370021722205E9
1370021723571;1.370021723379E9
1370021723982;1.370021723938E9
1370021724191;1.370021724085E9
1370021724595;1.370021724475E9
1370021726987;1.370021726833E9
1370021728703;1.370021728698E9
1370021730455;1.3700217304E9
1370021734318;1.370021734308E9
1370021735959;1.370021735818E9
1370021736169;1.370021735609E9
1370021736422;1.370021736272E9
1370021736652;1.370021736552E9
1370021741561;1.370021741412E9
1370021741779;1.370021741615E9
1370021742195;1.370021742123E9
1370021742262;1.370021742253E9
1370021742540;1.370021742538E9
1370021743375;1.370021743327E9
1370021743895;1.370021743747E9
1370021745655;1.370021745606E9
1370021746808;1.370021746783E9
1370021747768;1.370021747766E9
1370021749363;1.370021749212E9
1370021749767;1.370021749697E9
1370021751134;1.370021751079E9
1370021755165;1.370021754836E9
1370021755166;1.370021754824E9
1370021755496;1.370021755456E9
1370021756553;1.370021756544E9
1370021758001;1.370021757885E9
1370021758467;1.370021757872E9
1370021758478;1.370021758086E9
1370021758672;1.370021758534E9
1370021758800;1.3700217588E9
1370021759898;1.370021759876E9
1370021760122;1.370021759995E9
1370021761214;1.37002176117E9
1370021761303;1.370021761285E9
1370021766273;1.370021766233E9
1370021767439;1.370021767199E9
1370021770922;1.370021770906E9
1370021772823;1.370021772767E9
1370021774461;1.370021774417E9
1370021775529;1.370021775464E9
1370021778606;1.370021778528E9
1370021779003;1.370021778975E9
1370021780849;1.370021780771E9
1370021781587;1.370021781506E9
1370021782424;1.370021782289E9
1370021782542;1.370021782224E9
1370021783900;1.370021783768E9
1370021784976;1.370021784932E9
1370021785294;1.370021785126E9
1370021785529;1.370021785429E9
1370021786236;1.370021785767E9
1370021786949;1.370021786942E9
1370021787443;1.370021787286E9
1370021787621;1.370021787558E9
1370021787747;1.370021787583E9
1370021788977;1.370021788871E9
1370021790308;1.370021790262E9
1370021791727;1.370021791572E9
1370021791952;1.370021791377E9
1370021792149;1.370021792131E9
1370021792689;1.370021792587E9
1370021794526;1.370021794369E9
1370021794561;1.370021794552E9
1370021800499;1.370021800219E9
1370021800595;1.370021800542E9
1370021800676;1.370021800575E9
1370021804776;1.370021804754E9
1370021805582;1.370021805575E9
1370021807948;1.370021807882E9
1370021808322;1.370021808313E9
1370021809310;1.370021809251E9
1370021809503;1.370021809407E9
1370021809530;1.370021809488E9
1370021813782;1.370021813762E9
1370021814430;1.370021814425E9
1370021816808;1.370021816509E9
1370021817365;1.370021817282E9
1370021821953;1.370021821881E9
1370021823054;1.370021822991E9
1370021823241;1.370021823103E9
1370021825386;1.370021825366E9
1370021826592;1.370021826572E9
1370021826883;1.370021826692E9
1370021827916;1.370021827429E9
1370021828053;1.370021827378E9
1370021828281;1.370021828273E9
1370021829285;1.370021829285E9
1370021830445;1.370021830377E9
1370021830905;1.370021830867E9
1370021831237;1.370021831063E9
1370021832040;1.370021831849E9
1370021833099;1.370021833063E9
1370021833612;1.370021833607E9
1370021833865;1.370021833863E9
1370021838041;1.370021838041E9
1370021838809;1.370021838748E9
1370021839010;1.370021838985E9
1370021839188;1.370021838909E9
1370021839791;1.370021839747E9
1370021840259;1.37002184024E9
1370021841608;1.370021841569E9
1370021842417;1.370021842406E9
1370021842784;1.370021842747E9
1370021844569;1.370021844552E9
1370021847112;1.370021847066E9
1370021847698;1.370021847499E9
1370021847918;1.370021847903E9
1370021848718;1.370021848484E9
1370021849266;1.370021849223E9
1370021849327;1.370021849229E9
1370021851702;1.370021851683E9
1370021851961;1.370021851768E9
1370021852372;1.370021852006E9
1370021854134;1.370021854127E9
1370021855171;1.370021854943E9
1370021856605;1.370021856523E9
1370021857640;1.370021857569E9
1370021860396;1.37002186035E9
1370021860595;1.37002186056E9
1370021862334;1.370021862214E9
1370021863120;1.370021863105E9
1370021864641;1.37002186453E9
1370021866520;1.37002186651E9
1370021866827;1.370021866826E9
1370021867572;1.370021867371E9
1370021868326;1.370021868276E9
1370021870712;1.370021870688E9
1370021871902;1.370021871895E9
1370021872710;1.370021872634E9
1370021873367;1.370021873309E9
1370021874340;1.370021874294E9
1370021874591;1.370021874589E9
1370021875091;1.370021875045E9
1370021877843;1.370021877806E9
1370021877992;1.370021877916E9
1370021879475;1.370021879432E9
1370021880582;1.370021880559E9
1370021883284;1.370021883147E9
1370021884177;1.370021884087E9
1370021886253;1.370021886052E9
1370021888965;1.370021888964E9
1370021890344;1.370021890342E9
1370021891588;1.370021891503E9
1370021891774;1.370021891623E9
1370021891840;1.370021891681E9
1370021892773;1.370021892736E9
1370021898463;1.370021898336E9
1370021899588;1.370021899526E9
1370021899595;1.370021899557E9
1370021900927;1.370021900854E9
1370021901723;1.370021901697E9
1370021903657;1.370021903486E9
1370021903760;1.370021903759E9
1370021905180;1.37002190516E9
1370021906715;1.370021906574E9
1370021910642;1.370021910596E9
1370021913425;1.370021913187E9
1370021915918;1.370021915648E9
1370021917526;1.370021917465E9
1370021918443;1.370021918439E9
1370021924126;1.370021924113E9
1370021924883;1.370021924873E9
1370021925515;1.370021925514E9
1370021927361;1.370021927249E9
1370021927418;1.370021927379E9
1370021928248;1.370021928126E9
1370021928531;1.370021928511E9
1370021929042;1.370021929009E9
1370021929509;1.370021929411E9
1370021930103;1.370021930048E9
1370021930246;1.370021930152E9
1370021930879;1.37002193059E9
1370021932150;1.370021932131E9
1370021934281;1.370021934075E9
1370021934734;1.370021934734E9
1370021934925;1.370021934857E9
1370021936300;1.370021936272E9
1370021936318;1.370021936155E9
1370021936454;1.37002193636E9
1370021936794;1.370021936724E9
1370021939267;1.370021939158E9
1370021940338;1.370021940277E9
1370021941184;1.370021941176E9
1370021942125;1.370021942092E9
1370021942910;1.370021942781E9
1370021944212;1.370021944171E9
1370021945387;1.370021945283E9
1370021945513;1.370021945512E9
1370021947822;1.370021947809E9
1370021948481;1.370021948111E9
1370021950203;1.370021950154E9
1370021951619;1.370021951598E9
1370021952421;1.370021952413E9
1370021952541;1.370021952378E9
1370021953780;1.370021953611E9
1370021954947;1.370021954629E9
1370021955020;1.370021954959E9
1370021955564;1.37002195556E9
1370021956513;1.370021956479E9
1370021956929;1.37002195682E9
1370021957771;1.370021957665E9
1370021959430;1.370021959429E9
1370021959676;1.37002195966E9
1370021959779;1.370021959775E9
1370021960864;1.370021960828E9
1370021962320;1.370021962276E9
1370021965499;1.370021965492E9
1370021967345;1.37002196732E9
1370021967854;1.37002196772E9
1370021968940;1.370021968734E9
1370021969304;1.370021969242E9
1370021969621;1.370021969469E9
1370021969788;1.370021969407E9
1370021970593;1.370021970535E9
1370021970697;1.37002197068E9
1370021975926;1.370021975848E9
1370021976768;1.370021976767E9
1370021979156;1.37002197892E9
1370021980418;1.370021980353E9
1370021980604;1.370021980535E9
1370021981969;1.370021981896E9
1370021983826;1.370021983818E9
1370021986652;1.370021986471E9
1370021986963;1.370021986914E9
1370021990634;1.370021990619E9
1370021993074;1.370021993043E9
1370021994905;1.370021994512E9
1370021994923;1.370021994499E9
1370021995217;1.370021995096E9
1370021996266;1.370021996205E9
1370021996973;1.370021996874E9
1370021998107;1.37002199778E9
1370021998942;1.370021998941E9
1370021999032;1.370021999024E9
1370022000482;1.370022000442E9
1370022000622;1.370022000606E9
1370022002616;1.370022002583E9
1370022003075;1.370022003026E9
1370022003614;1.370022003609E9
1370022004767;1.370022004766E9
1370022005105;1.3700220051E9
1370022005702;1.370022005567E9
1370022007381;1.370022007348E9
1370022007450;1.370022007077E9
1370022008179;1.370022008082E9
1370022008284;1.370022008249E9
1370022008460;1.370022008416E9
1370022008962;1.370022008962E9
1370022009441;1.370022009202E9
1370022009673;1.37002200921E9
1370022009891;1.37002200989E9
1370022010479;1.370022010325E9
1370022011794;1.370022011771E9
1370022012464;1.370022012381E9
1370022013651;1.370022013527E9
1370022014157;1.370022014094E9
1370022014624;1.370022014589E9
1370022015389;1.370022015353E9
1370022016822;1.37002201677E9
1370022017445;1.370022017418E9
1370022018239;1.370022018199E9
1370022020996;1.370022020923E9
1370022021152;1.370022021125E9
1370022023610;1.370022023574E9
1370022024204;1.370022023954E9
1370022024396;1.370022024293E9
1370022024731;1.37002202467E9
1370022025607;1.3700220256E9
1370022025920;1.370022025869E9
1370022026529;1.370022026437E9
1370022029320;1.370022029191E9
1370022030746;1.370022030741E9
1370022030891;1.370022030886E9
1370022034292;1.370022034097E9
1370022034964;1.370022034959E9
1370022034993;1.370022034992E9
1370022035019;1.370022034136E9
1370022035257;1.370022034789E9
1370022035275;1.370022035055E9
1370022037178;1.370022037128E9
1370022038396;1.37002203829E9
1370022040185;1.370022039687E9
1370022041134;1.370022041071E9
1370022043338;1.370022043188E9
1370022047676;1.370022047395E9
1370022047688;1.370022047367E9
1370022048316;1.370022048238E9
1370022048771;1.370022048716E9
1370022049028;1.370022048967E9
1370022049195;1.370022049146E9
1370022050210;1.370022050159E9
1370022050264;1.3700220497E9
1370022050949;1.370022050911E9
1370022053565;1.370022053419E9
1370022053710;1.370022053313E9
1370022054162;1.370022054162E9
1370022054453;1.370022054415E9
1370022055308;1.370022055191E9
1370022055387;1.370022055201E9
1370022055400;1.370022055132E9
1370022055539;1.370022055496E9
1370022056343;1.37002205632E9
1370022056395;1.370022056357E9
1370022057129;1.370022057091E9
1370022060149;1.370022060112E9
1370022060585;1.370022060562E9
1370022060855;1.370022060854E9
1370022064638;1.370022064555E9
1370022065260;1.370022065206E9
1370022067932;1.370022067915E9
1370022072930;1.370022072784E9
1370022075505;1.370022075496E9
1370022077740;1.370022077491E9
1370022077839;1.370022077442E9
1370022077942;1.370022077766E9
1370022079116;1.370022078752E9
1370022081232;1.370022080805E9
1370022084463;1.370022084096E9
1370022084979;1.370022084974E9
1370022088816;1.370022088732E9
1370022092332;1.370022092317E9
1370022094365;1.370022094254E9
1370022095269;1.370022095217E9
1370022099217;1.370022099162E9
1370022100427;1.370022100325E9
1370022103594;1.370022103414E9
1370022104333;1.370022104277E9
1370022106755;1.370022106689E9
1370022106971;1.370022106945E9
1370022107502;1.370022107257E9
1370022108613;1.370022108605E9
1370022108973;1.370022108815E9
1370022109574;1.37002210957E9
1370022109598;1.370022109578E9
1370022112379;1.370022112338E9
1370022113578;1.370022113567E9
1370022114336;1.370022114316E9
1370022118115;1.370022118023E9
1370022121832;1.370022121755E9
1370022122757;1.370022122537E9
1370022124163;1.370022123892E9
1370022124501;1.370022124311E9
1370022126792;1.370022126614E9
1370022126826;1.37002212681E9
1370022126993;1.370022126873E9
1370022127153;1.370022126996E9
1370022128586;1.370022128557E9
1370022128947;1.370022128906E9
1370022130184;1.370022130179E9
1370022131641;1.370022131574E9
1370022133749;1.370022133748E9
1370022134709;1.370022134684E9
1370022135906;1.370022135712E9
1370022137389;1.37002213738E9
1370022138140;1.370022137712E9
1370022138787;1.370022138763E9
1370022141176;1.370022140853E9
1370022142252;1.370022142075E9
1370022142924;1.370022142846E9
1370022143717;1.370022143704E9
1370022144643;1.370022144636E9
1370022145578;1.370022145536E9
1370022145606;1.370022145519E9
1370022146153;1.370022146116E9
1370022146417;1.37002214626E9
1370022147051;1.37002214702E9
1370022148165;1.370022148143E9
1370022151624;1.370022151554E9
1370022152969;1.370022152949E9
1370022153146;1.370022153068E9
1370022153535;1.370022153524E9
1370022153629;1.370022153537E9
1370022156495;1.37002215648E9
1370022160006;1.370022159877E9
1370022160246;1.370022160175E9
1370022161399;1.370022161306E9
1370022163663;1.370022163383E9
1370022165667;1.370022165499E9
1370022166913;1.370022166863E9
1370022167544;1.37002216754E9
1370022167789;1.370022167642E9
1370022168606;1.370022168597E9
1370022174044;1.370022173851E9
1370022174116;1.370022173905E9
1370022176460;1.370022176388E9
1370022176837;1.370022176376E9
1370022177654;1.370022177551E9
1370022177886;1.370022177752E9
1370022178093;1.370022177906E9
1370022179291;1.370022179217E9
1370022179835;1.370022179693E9
1370022180465;1.370022180273E9
1370022180770;1.370022180733E9
1370022182945;1.37002218289E9
1370022183144;1.370022183085E9
1370022184532;1.370022184528E9
1370022187277;1.370022187241E9
1370022187718;1.370022187694E9
1370022190896;1.370022190783E9
1370022191115;1.370022191106E9
1370022191948;1.37002219188E9
1370022195406;1.370022195327E9
1370022196112;1.370022196074E9
1370022196948;1.370022196799E9
1370022197067;1.370022197002E9
1370022197818;1.370022197813E9
1370022197899;1.370022197884E9
1370022200302;1.37002220023E9
1370022201863;1.370022201817E9
1370022202018;1.370022201753E9
1370022202021;1.370022201831E9
1370022202363;1.370022202338E9
1370022203402;1.370022203395E9
1370022204645;1.37002220463E9
1370022204843;1.370022204686E9
1370022206732;1.370022206721E9
1370022207016;1.370022206944E9
1370022208395;1.370022208235E9
1370022209728;1.370022209538E9
1370022209853;1.370022209696E9
1370022211225;1.370022210887E9
1370022213924;1.370022213834E9
1370022214878;1.370022214791E9
1370022216138;1.370022216138E9
1370022216711;1.37002221651E9
1370022216788;1.370022216601E9
1370022216987;1.370022216956E9
1370022217414;1.370022217384E9
1370022217688;1.370022217591E9
1370022219443;1.370022219432E9
1370022221479;1.370022221442E9
1370022223487;1.370022223332E9
1370022225307;1.370022225198E9
1370022225349;1.370022225211E9
1370022226469;1.370022226454E9
1370022227841;1.370022227795E9
1370022228631;1.370022228393E9
1370022229156;1.37002222909E9
1370022230333;1.370022230333E9
1370022230733;1.370022230657E9
1370022231532;1.370022231359E9
1370022231687;1.370022231599E9
1370022232938;1.370022232798E9
1370022234430;1.370022234242E9
1370022235294;1.370022235253E9
1370022236457;1.370022236394E9
1370022238226;1.370022238224E9
1370022239359;1.370022239109E9
1370022239707;1.370022239616E9
1370022239958;1.370022239908E9
1370022243044;1.370022242827E9
1370022244119;1.370022244043E9
1370022245714;1.370022245611E9
1370022245729;1.370022245598E9
1370022246699;1.370022246607E9
1370022248286;1.370022248011E9
1370022249696;1.370022249582E9
1370022252204;1.370022252158E9
1370022252686;1.370022252478E9
1370022252992;1.370022252901E9
1370022253173;1.370022253143E9
1370022258263;1.370022258201E9
1370022258381;1.370022258358E9
1370022259014;1.37002225894E9
1370022259932;1.37002225992E9
1370022261048;1.370022261015E9
1370022263708;1.370022263514E9
1370022264133;1.370022264073E9
1370022264400;1.370022264341E9
1370022266853;1.370022266778E9
1370022267729;1.370022267699E9
1370022268305;1.370022268282E9
1370022269247;1.370022269234E9
1370022270816;1.370022270801E9
1370022270933;1.370022270823E9
1370022271690;1.370022271683E9
1370022274604;1.370022274382E9
1370022277348;1.370022277312E9
1370022277768;1.370022277733E9
1370022278968;1.370022278913E9
1370022279022;1.370022279018E9
1370022279931;1.370022279761E9
1370022280807;1.370022280752E9
1370022283351;1.370022283349E9
1370022283682;1.370022283662E9
1370022284195;1.37002228419E9
1370022284540;1.370022284496E9
1370022284739;1.370022284724E9
1370022284971;1.370022284916E9
1370022285161;1.370022285124E9
1370022285796;1.370022285709E9
1370022288795;1.370022288603E9
1370022289196;1.37002228909E9
1370022291984;1.370022291969E9
1370022292275;1.370022292164E9
1370022294566;1.370022294486E9
1370022295101;1.370022295071E9
1370022296633;1.370022296613E9
1370022297277;1.37002229726E9
1370022297483;1.370022297413E9
1370022297511;1.370022297052E9
1370022299012;1.370022298907E9
1370022299037;1.370022298904E9
1370022300498;1.370022300448E9
1370022300951;1.37002230083E9
1370022301050;1.370022301006E9
1370022301493;1.370022301457E9
1370022301672;1.37002230152E9
1370022302987;1.370022302864E9
1370022303025;1.37002230273E9
1370022303238;1.370022303091E9
1370022303600;1.370022303512E9
1370022304163;1.370022304028E9
1370022306333;1.370022306298E9
1370022314463;1.370022314408E9
1370022314874;1.370022314759E9
1370022314902;1.370022314854E9
1370022315861;1.370022315861E9
1370022316971;1.370022316897E9
1370022317532;1.3700223175E9
1370022319359;1.370022319325E9
1370022320127;1.37002232006E9
1370022320262;1.370022320224E9
1370022320498;1.370022320369E9
1370022320842;1.370022320652E9
1370022321693;1.370022321683E9
1370022322941;1.370022322861E9
1370022323492;1.370022323451E9
1370022323695;1.370022323544E9
1370022323716;1.37002232359E9
1370022325710;1.370022325662E9
1370022327018;1.370022326992E9
1370022327130;1.370022326778E9
1370022327396;1.370022327291E9
1370022329584;1.370022329477E9
1370022329937;1.370022329906E9
1370022331554;1.370022331492E9
1370022331754;1.370022331666E9
1370022333367;1.370022333197E9
1370022334528;1.370022334458E9
1370022336933;1.370022336923E9
1370022337698;1.370022337639E9
1370022338258;1.370022338175E9
1370022339486;1.370022339363E9
1370022340139;1.370022339938E9
1370022342499;1.370022342472E9
1370022342540;1.370022342467E9
1370022343979;1.370022343844E9
1370022345782;1.37002234576E9
1370022345814;1.370022345719E9
1370022349349;1.370022349056E9
1370022349452;1.370022349422E9
1370022349668;1.370022349624E9
1370022350566;1.370022350526E9
1370022351106;1.370022351074E9
1370022351370;1.370022351246E9
1370022352055;1.370022352E9
1370022352634;1.370022352634E9
1370022353300;1.370022353275E9
1370022353862;1.370022353812E9
1370022354766;1.370022354751E9
1370022354863;1.370022354847E9
1370022355254;1.370022355104E9
1370022355822;1.370022355763E9
1370022357539;1.370022357492E9
1370022358356;1.370022358349E9
1370022360376;1.370022360361E9
1370022362239;1.370022362216E9
1370022363091;1.370022363016E9
1370022363145;1.37002236311E9
1370022366633;1.370022366456E9
1370022366765;1.370022366756E9
1370022368575;1.370022368403E9
1370022369020;1.370022368933E9
1370022369979;1.370022369866E9
1370022370320;1.370022370283E9
1370022371807;1.370022371789E9
1370022372620;1.370022372558E9
1370022373113;1.370022373003E9
1370022374492;1.370022374326E9
1370022378093;1.370022377976E9
1370022378367;1.370022377934E9
1370022378622;1.370022378563E9
1370022380393;1.370022380376E9
1370022382121;1.37002238212E9
1370022382316;1.370022382195E9
1370022383904;1.370022383899E9
1370022384006;1.370022383969E9
1370022384177;1.370022384024E9
1370022385341;1.370022385096E9
1370022385433;1.370022385072E9
1370022388938;1.37002238891E9
1370022389116;1.370022389069E9
1370022389518;1.370022389313E9
1370022389727;1.370022389715E9
1370022390580;1.370022390556E9
1370022394408;1.370022394406E9
1370022395929;1.370022395928E9
1370022398253;1.370022398227E9
1370022399760;1.370022399726E9
1370022400532;1.370022400299E9
1370022400973;1.370022400925E9
1370022401568;1.370022401513E9
1370022402020;1.370022401937E9
1370022403104;1.370022403102E9
1370022403464;1.370022403392E9
1370022404717;1.370022404642E9
1370022405298;1.370022405293E9
1370022405408;1.370022405339E9
1370022405601;1.370022405332E9
1370022406473;1.370022406424E9
1370022406622;1.370022406589E9
1370022407395;1.370022407207E9
1370022407735;1.370022407611E9
1370022408983;1.370022408897E9
1370022410162;1.370022409943E9
1370022410820;1.370022410611E9
1370022410944;1.370022410844E9
1370022413868;1.370022413843E9
1370022413978;1.37002241372E9
1370022414280;1.370022414176E9
1370022415019;1.370022414917E9
1370022415240;1.370022415181E9
1370022415872;1.370022415825E9
1370022416183;1.370022416136E9
1370022416482;1.37002241634E9
1370022416962;1.37002241652E9
1370022417127;1.370022417083E9
1370022418917;1.3700224188E9
1370022422253;1.370022422229E9
1370022422385;1.370022422321E9
1370022422851;1.370022422534E9
1370022422928;1.370022422864E9
1370022423008;1.370022422972E9
1370022424268;1.370022424158E9
1370022424675;1.370022424597E9
1370022424883;1.370022424633E9
1370022426221;1.37002242622E9
1370022426422;1.370022426395E9
1370022428679;1.370022428541E9
1370022429080;1.370022429036E9
1370022431601;1.370022431181E9
1370022434697;1.370022434656E9
1370022436096;1.370022436024E9
1370022439494;1.370022439418E9
1370022439762;1.370022439728E9
1370022441079;1.370022440778E9
1370022444486;1.370022444484E9
1370022449160;1.370022448668E9
1370022449433;1.370022449313E9
1370022449531;1.370022449518E9
1370022449863;1.370022449831E9
1370022451988;1.370022451978E9
1370022452561;1.37002245245E9
1370022453519;1.370022453407E9
1370022453906;1.370022453851E9
1370022455702;1.370022455639E9
1370022459716;1.370022459668E9
1370022459914;1.370022459696E9
1370022460756;1.370022460744E9
1370022461506;1.370022461505E9
1370022461724;1.370022461719E9
1370022462743;1.370022462735E9
1370022463689;1.370022463657E9
1370022464983;1.37002246443E9
1370022467013;1.370022466897E9
1370022467827;1.370022467622E9
1370022468036;1.370022467877E9
1370022470245;1.370022470131E9
1370022472089;1.370022471961E9
1370022472632;1.370022472552E9
1370022474154;1.370022474143E9
1370022474451;1.370022474405E9
1370022477544;1.370022477539E9
1370022481320;1.370022481282E9
1370022481336;1.370022481325E9
1370022481471;1.370022481232E9
1370022482130;1.370022482112E9
1370022482350;1.370022482281E9
1370022483469;1.370022483446E9
1370022483794;1.370022483692E9
1370022484730;1.370022484555E9
1370022484983;1.370022484742E9
1370022485572;1.370022485552E9
1370022488496;1.370022488421E9
1370022490616;1.370022490466E9
1370022494196;1.370022494113E9
1370022498015;1.370022497887E9
1370022500615;1.370022500608E9
1370022500863;1.370022500692E9
1370022501608;1.370022501603E9
1370022502888;1.370022502887E9
1370022503238;1.370022503187E9
1370022505780;1.370022505694E9
1370022508038;1.370022507975E9
1370022511592;1.370022511533E9
1370022512088;1.37002251206E9
1370022513133;1.370022513133E9
1370022513580;1.370022513456E9
1370022513613;1.370022513512E9
1370022516191;1.370022515924E9
1370022517376;1.370022517237E9
1370022518819;1.370022518814E9
1370022519447;1.370022519409E9
1370022519623;1.370022519593E9
1370022519663;1.370022519586E9
1370022520163;1.370022520153E9
1370022521700;1.37002252167E9
1370022526276;1.370022526152E9
1370022530273;1.370022530263E9
1370022532249;1.370022532151E9
1370022533193;1.370022533131E9
1370022533293;1.370022533267E9
1370022536460;1.370022536459E9
1370022538435;1.370022538344E9
1370022539946;1.370022539773E9
1370022541000;1.370022540914E9
1370022541203;1.370022541123E9
1370022541462;1.370022541374E9
1370022542027;1.370022541902E9
1370022542114;1.37002254211E9
1370022542850;1.370022542803E9
1370022543952;1.370022543721E9
1370022544047;1.370022543966E9
1370022545557;1.370022545527E9
1370022548930;1.370022548913E9
1370022551263;1.370022551261E9
1370022551499;1.370022551344E9
1370022552798;1.370022552734E9
1370022553023;1.370022552791E9
1370022556459;1.370022556133E9
1370022556952;1.370022556947E9
1370022557020;1.370022556968E9
1370022557497;1.370022557447E9
1370022558546;1.370022558523E9
1370022559380;1.370022559365E9
1370022559605;1.370022559577E9
1370022561124;1.370022560995E9
1370022562984;1.370022562938E9
1370022563911;1.370022563655E9
1370022564720;1.370022564657E9
1370022565083;1.37002256461E9
1370022566055;1.370022565931E9
1370022567485;1.370022567473E9
1370022569536;1.370022569462E9
1370022569606;1.370022569595E9
1370022573579;1.370022573572E9
1370022576049;1.370022575828E9
1370022576362;1.370022576147E9
1370022577275;1.370022577166E9
1370022577330;1.370022577238E9
1370022579335;1.37002257932E9
1370022581098;1.370022581078E9
1370022581429;1.370022581289E9
1370022581915;1.370022581844E9
1370022582504;1.370022582413E9
1370022583593;1.370022583424E9
1370022585542;1.370022585481E9
1370022586534;1.370022586527E9
1370022586961;1.370022586884E9
1370022590232;1.370022589972E9
1370022590322;1.370022590173E9
1370022591189;1.370022591173E9
1370022591300;1.370022591221E9
1370022593966;1.370022593965E9
1370022594026;1.37002259357E9
1370022594502;1.370022594337E9
1370022598210;1.370022598127E9
1370022599472;1.370022599403E9
1370022600573;1.370022600546E9
1370022600822;1.370022600665E9
1370022601480;1.370022601413E9
1370022601771;1.37002260169E9
1370022603401;1.370022603147E9
1370022603932;1.370022603763E9
1370022604115;1.370022604052E9
1370022604344;1.370022604248E9
1370022604914;1.370022604864E9
1370022606418;1.370022606318E9
1370022607083;1.370022607065E9
1370022609738;1.37002260972E9
1370022609907;1.370022609835E9
1370022610237;1.370022610165E9
1370022613516;1.370022613464E9
1370022614082;1.37002261403E9
1370022614260;1.370022614151E9
1370022614799;1.370022614737E9
1370022615814;1.370022615789E9
1370022616499;1.370022616402E9
1370022616977;1.370022616773E9
1370022617289;1.370022617289E9
1370022619130;1.370022619114E9
1370022619350;1.370022619322E9
1370022621033;1.370022621003E9
1370022621312;1.370022620979E9
1370022621451;1.370022621414E9
1370022621626;1.370022621604E9
1370022624943;1.370022624941E9
1370022625100;1.37002262502E9
1370022628779;1.370022628652E9
1370022629906;1.370022629748E9
1370022630531;1.370022630429E9
1370022631168;1.370022631042E9
1370022632076;1.370022632039E9
1370022635183;1.370022634987E9
1370022636504;1.370022636458E9
1370022636931;1.370022636922E9
1370022638182;1.370022638119E9
1370022638530;1.370022638529E9
1370022640195;1.370022640104E9
1370022640780;1.37002264078E9
1370022642405;1.370022642354E9
1370022643793;1.3700226437E9
1370022644050;1.370022644042E9
1370022644674;1.370022644657E9
1370022646484;1.370022646432E9
1370022650339;1.370022650332E9
1370022651424;1.370022651423E9
1370022652326;1.370022652311E9
1370022654942;1.370022654913E9
1370022657356;1.370022657334E9
1370022658092;1.370022658091E9
1370022658109;1.37002265804E9
1370022659213;1.370022659141E9
1370022659481;1.370022659415E9
1370022660006;1.370022659906E9
1370022661985;1.370022661752E9
1370022662649;1.370022662581E9
1370022663748;1.370022663744E9
1370022664350;1.37002266422E9
1370022665964;1.370022665923E9
1370022666011;1.37002266593E9
1370022667435;1.370022667323E9
1370022669803;1.370022669761E9
1370022670591;1.370022670528E9
1370022672481;1.370022672468E9
1370022673968;1.370022673617E9
1370022674973;1.370022674848E9
1370022675359;1.370022674643E9
1370022675919;1.370022675813E9
1370022675949;1.370022675944E9
1370022676649;1.370022676434E9
1370022676691;1.370022676671E9
1370022677114;1.370022677109E9
1370022677275;1.370022677273E9
1370022680704;1.370022680703E9
1370022682098;1.370022682023E9
1370022683003;1.37002268297E9
1370022683559;1.370022683401E9
1370022684663;1.370022684557E9
1370022686530;1.370022686383E9
1370022687091;1.370022686991E9
1370022688601;1.370022688554E9
1370022691198;1.370022691105E9
1370022692002;1.37002269197E9
1370022693447;1.370022693405E9
1370022693550;1.370022693114E9
1370022694691;1.370022694635E9
1370022694806;1.370022694726E9
1370022695039;1.370022694983E9
1370022696260;1.370022696243E9
1370022697180;1.370022697163E9
1370022698471;1.370022698402E9
1370022698978;1.370022698907E9
1370022699449;1.37002269943E9
1370022700155;1.370022700135E9
1370022702493;1.370022701838E9
1370022702889;1.370022702642E9
1370022703768;1.370022703764E9
1370022704713;1.370022704493E9
1370022705560;1.370022705559E9
1370022705985;1.370022705879E9
1370022710100;1.37002271004E9
1370022711049;1.370022710987E9
1370022711434;1.370022711289E9
1370022712248;1.370022712069E9
1370022713111;1.370022713083E9
1370022713235;1.370022713173E9
1370022713674;1.370022713612E9
1370022714750;1.370022714485E9
1370022716994;1.370022716921E9
1370022718166;1.370022718013E9
1370022720006;1.370022719951E9
1370022721310;1.370022721232E9
1370022722062;1.37002272203E9
1370022724086;1.370022724002E9
1370022725130;1.370022725129E9
1370022725315;1.370022725121E9
1370022728945;1.370022728708E9
1370022730969;1.370022730933E9
1370022731905;1.370022731652E9
1370022732489;1.370022732422E9
1370022733014;1.370022732921E9
1370022735034;1.370022734943E9
1370022735597;1.37002273539E9
1370022736799;1.370022736794E9
1370022738017;1.37002273796E9
1370022739990;1.370022739798E9
1370022740268;1.370022739886E9
1370022740550;1.37002274048E9
1370022740620;1.370022740618E9
1370022742991;1.370022742986E9
1370022743325;1.370022743261E9
1370022743919;1.370022743914E9
1370022746745;1.370022746639E9
1370022747496;1.370022747458E9
1370022752645;1.370022752599E9
1370022752729;1.370022752553E9
1370022753029;1.370022752922E9
1370022754092;1.370022754084E9
1370022756654;1.37002275662E9
1370022757656;1.370022757577E9
1370022758615;1.370022758584E9
1370022758615;1.370022758612E9
1370022759353;1.370022759226E9
1370022759647;1.370022759646E9
1370022760198;1.370022760168E9
1370022762878;1.370022762877E9
1370022763146;1.370022762961E9
1370022764579;1.370022764563E9
1370022765527;1.370022765403E9
1370022765827;1.370022765637E9
1370022766142;1.37002276614E9
1370022766221;1.370022766198E9
1370022766361;1.370022766341E9
1370022767118;1.370022767095E9
1370022768018;1.370022767886E9
1370022768810;1.370022768672E9
1370022770715;1.370022770681E9
1370022771445;1.370022771357E9
1370022771920;1.370022771626E9
1370022772126;1.370022771763E9
1370022772960;1.370022772859E9
1370022773157;1.370022773089E9
1370022773950;1.37002277395E9
1370022774637;1.370022774605E9
1370022777203;1.370022776969E9
1370022778098;1.370022778037E9
1370022778554;1.370022778549E9
1370022778840;1.3700227788E9
1370022779989;1.370022779962E9
1370022780330;1.370022780328E9
1370022783483;1.370022783224E9
1370022783713;1.370022783689E9
1370022785035;1.370022785019E9
1370022788327;1.370022788259E9
1370022789563;1.370022789523E9
1370022789812;1.370022789803E9
1370022790619;1.370022790603E9
1370022792613;1.370022792587E9
1370022792909;1.370022792908E9
1370022793479;1.370022793379E9
1370022793623;1.370022793552E9
1370022794351;1.370022794189E9
1370022794489;1.370022794422E9
1370022794668;1.37002279463E9
1370022796136;1.370022796036E9
1370022797771;1.370022797758E9
1370022798130;1.370022798097E9
1370022798990;1.370022798825E9
1370022798997;1.370022798866E9
1370022799266;1.370022799234E9
1370022799311;1.370022799278E9
1370022800308;1.370022800206E9
1370022801415;1.37002280136E9
1370022801937;1.370022801925E9
1370022804633;1.370022804612E9
1370022804752;1.370022804714E9
1370022807918;1.370022807863E9
1370022808761;1.370022808694E9
1370022810866;1.370022810785E9
1370022811125;1.370022811045E9
1370022811971;1.370022811962E9
1370022813116;1.370022813057E9
1370022813169;1.37002281303E9
1370022815600;1.370022815522E9
1370022816275;1.370022816227E9
1370022817465;1.370022817265E9
1370022817525;1.370022817437E9
1370022818536;1.370022818439E9
1370022818931;1.370022818755E9
1370022820149;1.370022820113E9
1370022821636;1.37002282159E9
1370022822431;1.370022822427E9
1370022823080;1.37002282247E9
1370022823213;1.370022822527E9
1370022823371;1.370022823256E9
1370022823900;1.370022823868E9
1370022825647;1.370022825577E9
1370022826225;1.37002282602E9
1370022826317;1.370022826178E9
1370022829034;1.370022828936E9
1370022831950;1.370022831916E9
1370022834418;1.370022834385E9
1370022835676;1.37002283527E9
1370022835728;1.370022835512E9
1370022837990;1.370022837944E9
1370022838956;1.370022838851E9
1370022841266;1.370022841203E9
1370022843651;1.370022843636E9
1370022844157;1.370022844073E9
1370022845172;1.370022845017E9
1370022845375;1.370022845021E9
1370022845978;1.370022845896E9
1370022846027;1.370022846012E9
1370022846734;1.370022846506E9
1370022847074;1.370022846962E9
1370022847355;1.370022847308E9
1370022848237;1.370022848229E9
1370022848598;1.370022848583E9
1370022849635;1.370022849592E9
1370022849683;1.370022849595E9
1370022851160;1.370022851115E9
1370022851390;1.370022851388E9
1370022851872;1.370022851754E9
1370022853137;1.370022853034E9
1370022853463;1.370022853023E9
1370022854673;1.37002285456E9
1370022854908;1.370022854833E9
1370022855634;1.370022855547E9
1370022857146;1.370022857096E9
1370022857734;1.37002285769E9
1370022859100;1.370022858897E9
1370022859560;1.370022859536E9
1370022860317;1.370022860312E9
1370022862392;1.370022862284E9
1370022862648;1.370022862438E9
1370022863022;1.37002286295E9
1370022864949;1.370022864898E9
1370022865539;1.370022865522E9
1370022866462;1.370022866286E9
1370022867227;1.370022867226E9
1370022868012;1.370022867925E9
1370022870146;1.370022870123E9
1370022870592;1.370022870588E9
1370022871832;1.370022871817E9
1370022872087;1.370022872068E9
1370022872220;1.370022872215E9
1370022873269;1.370022873205E9
1370022873565;1.3700228735E9
1370022873714;1.370022873694E9
1370022874646;1.370022874641E9
1370022875314;1.370022875292E9
1370022875463;1.370022875263E9
1370022876184;1.370022876132E9
1370022877459;1.370022877355E9
1370022882034;1.370022881848E9
1370022882530;1.370022882515E9
1370022882904;1.37002288274E9
1370022884500;1.370022884454E9
1370022886496;1.370022886282E9
1370022888426;1.370022888426E9
1370022890572;1.370022890395E9
1370022891169;1.370022891142E9
1370022891604;1.370022891589E9
1370022892090;1.37002289208E9
1370022892454;1.370022892358E9
1370022893700;1.370022893568E9
1370022894077;1.370022894017E9
1370022896207;1.370022896176E9
1370022896576;1.370022896489E9
1370022897767;1.370022897757E9
1370022899685;1.370022899639E9
1370022902086;1.370022901954E9
1370022902224;1.37002290216E9
1370022902507;1.370022902411E9
1370022903199;1.370022903138E9
1370022903264;1.370022903057E9
1370022903778;1.370022903736E9
1370022904147;1.370022903962E9
1370022904258;1.370022904209E9
1370022906717;1.370022906582E9
1370022908826;1.370022908416E9
1370022908871;1.370022908242E9
1370022908979;1.37002290829E9
1370022909719;1.37002290966E9
1370022910369;1.370022910356E9
1370022910562;1.370022910518E9
1370022913118;1.370022913118E9
1370022913327;1.370022913158E9
1370022915383;1.370022915319E9
1370022916867;1.370022916852E9
1370022917409;1.37002291731E9
1370022918027;1.370022917711E9
1370022919386;1.370022919242E9
1370022919702;1.370022919686E9
1370022920555;1.37002292048E9
1370022922097;1.370022922088E9
1370022922850;1.370022922842E9
1370022922982;1.370022922947E9
1370022924141;1.370022924131E9
1370022925906;1.370022925815E9
1370022927022;1.370022926978E9
1370022931427;1.37002293133E9
1370022931695;1.37002293163E9
1370022932915;1.370022932843E9
1370022934154;1.370022934149E9
1370022934924;1.370022934784E9
1370022936722;1.370022936721E9
1370022936948;1.370022936842E9
1370022937477;1.37002293747E9
1370022938021;1.370022938003E9
1370022938932;1.3700229389E9
1370022939647;1.370022939642E9
1370022940586;1.370022940486E9
1370022940819;1.370022940804E9
1370022942984;1.370022942926E9
1370022943184;1.370022943118E9
1370022945285;1.370022945053E9
1370022946569;1.370022946529E9
1370022946884;1.370022946817E9
1370022947808;1.370022947541E9
1370022947835;1.370022947723E9
1370022948346;1.370022948287E9
1370022949131;1.370022949085E9
1370022950732;1.370022950529E9
1370022952540;1.370022952539E9
1370022953189;1.370022952868E9
1370022953212;1.370022953058E9
1370022956175;1.370022956157E9
1370022959047;1.370022958907E9
1370022960315;1.370022960232E9
1370022961360;1.370022961302E9
1370022961746;1.370022961688E9
1370022962998;1.370022962706E9
1370022963038;1.370022962798E9
1370022963681;1.370022963579E9
1370022964521;1.370022964442E9
1370022967363;1.37002296732E9
1370022968300;1.370022968298E9
1370022970030;1.370022969864E9
1370022970834;1.370022970811E9
1370022972846;1.370022972791E9
1370022974414;1.370022974313E9
1370022976370;1.370022976324E9
1370022978387;1.370022978306E9
1370022979568;1.370022979485E9
1370022983275;1.370022983252E9
1370022983582;1.370022983532E9
1370022984285;1.370022984224E9
1370022984289;1.370022984208E9
1370022985511;1.370022985371E9
1370022985594;1.370022985568E9
1370022987230;1.370022987109E9
1370022987732;1.370022987677E9
1370022989675;1.370022989643E9
1370022990308;1.370022990184E9
1370022992597;1.370022992144E9
1370022994763;1.370022994506E9
1370022995702;1.370022995679E9
1370022996508;1.370022996195E9
1370022996759;1.370022996634E9
1370022996818;1.370022996672E9
1370022997446;1.370022997406E9
1370022998161;1.370022998114E9
1370022999038;1.370022998998E9
1370022999174;1.370022999118E9
1370022999429;1.370022999176E9
1370022999497;1.370022999296E9
1370022999916;1.370022999803E9
1370023003049;1.370023002982E9
1370023005549;1.370023005549E9
1370023007473;1.370023007361E9
1370023007565;1.370023007489E9
1370023007643;1.370023007617E9
1370023009417;1.370023009216E9
1370023011013;1.370023010927E9
1370023011357;1.37002301123E9
1370023011450;1.370023011359E9
1370023011664;1.370023011605E9
1370023014930;1.370023014923E9
1370023015522;1.370023015505E9
1370023016438;1.370023016416E9
1370023018069;1.370023017772E9
1370023018179;1.370023017812E9
1370023018280;1.370023018202E9
1370023022033;1.370023021773E9
1370023025638;1.370023025521E9
1370023028526;1.370023028403E9
1370023029507;1.370023029473E9
1370023029579;1.370023029535E9
1370023030898;1.370023030826E9
1370023030987;1.370023030673E9
1370023033888;1.370023033826E9
1370023034359;1.370023034344E9
1370023036748;1.370023036684E9
1370023037161;1.370023037037E9
1370023038465;1.370023038464E9
1370023039395;1.370023039323E9
1370023039861;1.370023039704E9
1370023039946;1.370023039938E9
1370023040788;1.37002304056E9
1370023042224;1.370023042141E9
1370023042972;1.37002304293E9
1370023043856;1.370023043714E9
1370023044183;1.370023044168E9
1370023045972;1.370023045945E9
1370023046317;1.370023046281E9
1370023047046;1.370023046845E9
1370023048103;1.370023047875E9
1370023049630;1.370023049629E9
1370023050771;1.370023050647E9
1370023050852;1.370023050749E9
1370023051242;1.370023051222E9
1370023052668;1.370023052645E9
1370023054485;1.370023054383E9
1370023057941;1.370023057862E9
1370023058427;1.370023058373E9
1370023058774;1.370023058738E9
1370023060275;1.370023060245E9
1370023061168;1.370023061141E9
1370023062854;1.370023062727E9
1370023063170;1.370023063119E9
1370023070473;1.370023070466E9
1370023072430;1.370023072007E9
1370023072449;1.370023071949E9
1370023072740;1.370023072653E9
1370023073262;1.370023073068E9
1370023074046;1.370023073887E9
1370023075596;1.370023075596E9
1370023077828;1.370023077819E9
1370023078288;1.370023078154E9
1370023078566;1.37002307851E9
1370023079015;1.370023078923E9
1370023079312;1.370023079266E9
1370023080533;1.370023080526E9
1370023082031;1.370023081932E9
1370023082182;1.370023082179E9
1370023082259;1.370023082102E9
1370023083165;1.370023083114E9
1370023083888;1.370023083883E9
1370023085304;1.3700230853E9
1370023085506;1.370023085352E9
1370023086670;1.370023086484E9
1370023088434;1.370023088382E9
1370023089077;1.370023088948E9
1370023089363;1.370023089206E9
1370023091388;1.370023091327E9
1370023091735;1.37002309172E9
1370023093319;1.370023093301E9
1370023095874;1.370023095805E9
1370023095885;1.370023095875E9
1370023096052;1.37002309598E9
1370023096289;1.370023096271E9
1370023100216;1.370023100179E9
1370023101345;1.370023101318E9
1370023105745;1.370023105711E9
1370023106559;1.37002310624E9
1370023106893;1.370023106776E9
1370023111835;1.370023111742E9
1370023112139;1.370023112114E9
1370023114084;1.370023113967E9
1370023114526;1.370023114507E9
1370023114540;1.370023114533E9
1370023115480;1.370023115239E9
1370023116041;1.370023116009E9
1370023116499;1.370023116317E9
1370023118471;1.37002311844E9
1370023119627;1.37002311962E9
1370023121512;1.370023121492E9
1370023122860;1.370023122818E9
1370023123952;1.370023123947E9
1370023127595;1.370023127504E9
1370023129113;1.370023129082E9
1370023129755;1.370023129742E9
1370023131442;1.370023131433E9
1370023132582;1.370023132469E9
1370023133161;1.3700231331E9
1370023133515;1.370023133514E9
1370023133592;1.370023133527E9
1370023133850;1.370023133088E9
1370023134137;1.370023134018E9
1370023134550;1.370023134535E9
1370023134599;1.37002313458E9
1370023134911;1.370023134736E9
1370023143297;1.370023143194E9
1370023143950;1.370023143907E9
1370023144098;1.370023144094E9
1370023145920;1.370023145793E9
1370023146729;1.370023146656E9
1370023148701;1.370023148694E9
1370023150134;1.370023150034E9
1370023153903;1.370023153803E9
1370023156049;1.370023155906E9
1370023156270;1.370023156196E9
1370023157127;1.370023157081E9
1370023158822;1.370023158782E9
1370023158912;1.370023158889E9
1370023159155;1.370023158946E9
1370023160679;1.370023160641E9
1370023162240;1.370023162083E9
1370023164331;1.370023164272E9
1370023165235;1.37002316511E9
1370023166203;1.370023166139E9
1370023167237;1.370023167146E9
1370023167781;1.370023167684E9
1370023168031;1.370023168E9
1370023168615;1.370023168554E9
1370023168771;1.370023168739E9
1370023169304;1.370023169207E9
1370023171522;1.370023171518E9
1370023172411;1.370023172388E9
1370023172788;1.370023172719E9
1370023172792;1.37002317279E9
1370023172859;1.370023172651E9
1370023173303;1.370023173052E9
1370023173730;1.37002317373E9
1370023176246;1.3700231762E9
1370023181230;1.370023181065E9
1370023181245;1.370023181245E9
1370023181594;1.370023181542E9
1370023182800;1.370023182748E9
1370023184378;1.370023184279E9
1370023184921;1.370023184862E9
1370023188829;1.370023188809E9
1370023189417;1.370023189304E9
1370023191958;1.370023191546E9
1370023192211;1.370023192105E9
1370023192749;1.370023192694E9
1370023195742;1.370023195741E9
1370023196801;1.370023196725E9
1370023196854;1.370023196562E9
1370023197853;1.37002319765E9
1370023202083;1.370023201976E9
1370023202463;1.37002320243E9
1370023202639;1.370023202573E9
1370023203925;1.370023203888E9
1370023204767;1.370023204632E9
1370023205028;1.370023204962E9
1370023205651;1.370023205638E9
1370023205811;1.370023205777E9
1370023209858;1.370023209843E9
1370023210521;1.370023210441E9
1370023210768;1.370023210726E9
1370023211829;1.370023211722E9
1370023212486;1.370023212352E9
1370023213572;1.370023213536E9
1370023213926;1.370023213896E9
1370023214754;1.370023214397E9
1370023217578;1.370023217434E9
1370023217590;1.370023217384E9
1370023219725;1.370023219601E9
1370023220563;1.370023220523E9
1370023220718;1.370023220717E9
1370023221204;1.370023220969E9
1370023225421;1.370023225116E9
1370023225539;1.370023225467E9
1370023225781;1.370023225731E9
1370023226208;1.370023226164E9
1370023226875;1.370023226837E9
1370023227811;1.370023227785E9
1370023230039;1.370023229992E9
1370023230812;1.370023230683E9
1370023231442;1.370023231398E9
1370023231485;1.370023231451E9
1370023231966;1.370023231605E9
1370023234151;1.370023234056E9
1370023234309;1.370023234223E9
1370023234470;1.370023234467E9
1370023235897;1.370023235889E9
1370023236220;1.370023236133E9
1370023238588;1.370023238552E9
1370023240500;1.3700232405E9
1370023242551;1.370023242439E9
1370023243405;1.370023243355E9
1370023243683;1.370023243297E9
1370023243732;1.370023243724E9
1370023244735;1.370023244654E9
1370023246031;1.370023246031E9
1370023246431;1.370023246324E9
1370023246444;1.370023246243E9
1370023247238;1.37002324709E9
1370023247421;1.370023247381E9
1370023248827;1.370023248826E9
1370023250338;1.370023250114E9
1370023253890;1.37002325386E9
1370023255845;1.370023255843E9
1370023258328;1.370023258328E9
1370023259129;1.370023259074E9
1370023260047;1.370023259899E9
1370023260093;1.370023260092E9
1370023260778;1.370023260719E9
1370023262063;1.370023262029E9
1370023262297;1.370023262261E9
1370023262912;1.370023262789E9
1370023262957;1.370023262947E9
1370023263787;1.370023263625E9
1370023263974;1.370023263931E9
1370023264216;1.370023264214E9
1370023265131;1.37002326508E9
1370023265850;1.370023265513E9
1370023266236;1.370023266228E9
1370023266497;1.370023266417E9
1370023267492;1.370023267365E9
1370023268819;1.370023268779E9
1370023268943;1.370023268933E9
1370023272304;1.370023271803E9
1370023273793;1.370023273551E9
1370023275636;1.37002327556E9
1370023275870;1.370023275827E9
1370023276337;1.370023275892E9
1370023277184;1.370023277138E9
1370023277601;1.370023277459E9
1370023277830;1.370023277822E9
1370023277980;1.37002327792E9
1370023278762;1.370023278714E9
1370023280945;1.370023280836E9
1370023283115;1.370023283075E9
1370023285726;1.370023285703E9
1370023285734;1.370023285652E9
1370023286733;1.370023286608E9
1370023287841;1.370023287699E9
1370023290476;1.370023290424E9
1370023291430;1.3700232912E9
1370023292726;1.370023292567E9
1370023293896;1.370023293821E9
1370023294504;1.370023294424E9
1370023295318;1.370023295274E9
1370023296507;1.370023296451E9
1370023298519;1.370023298482E9
1370023299470;1.37002329922E9
1370023299894;1.370023299607E9
1370023299936;1.370023299708E9
1370023300090;1.370023300083E9
1370023300384;1.37002330038E9
1370023305176;1.370023305098E9
1370023306126;1.370023305783E9
1370023306148;1.370023305464E9
1370023311185;1.370023311E9
1370023311904;1.370023311858E9
1370023313083;1.370023313055E9
1370023314660;1.370023314656E9
1370023315064;1.370023315003E9
1370023316820;1.370023316774E9
1370023319369;1.370023319241E9
1370023320313;1.370023320306E9
1370023320461;1.370023320342E9
1370023321424;1.370023321297E9
1370023323265;1.370023323141E9
1370023323318;1.370023322948E9
1370023324523;1.370023324514E9
1370023325170;1.370023325004E9
1370023325931;1.370023325868E9
1370023327476;1.370023327392E9
1370023327969;1.370023327965E9
1370023329064;1.370023329048E9
1370023329235;1.370023329219E9
1370023331548;1.370023331547E9
1370023332493;1.370023332482E9
1370023332698;1.370023332693E9
1370023334421;1.370023334398E9
1370023335144;1.370023335039E9
1370023335343;1.370023335271E9
1370023336663;1.370023336542E9
1370023340010;1.370023339913E9
1370023342014;1.370023341992E9
1370023342300;1.37002334229E9
1370023342707;1.370023342683E9
1370023342763;1.370023342752E9
1370023344147;1.370023344084E9
1370023345187;1.370023345148E9
1370023347104;1.370023347064E9
1370023347888;1.370023347847E9
1370023348056;1.370023348001E9
1370023349236;1.370023349123E9
1370023350465;1.370023350214E9
1370023354261;1.370023354261E9
1370023354794;1.370023354771E9
1370023354896;1.370023354888E9
1370023354932;1.370023354925E9
1370023355730;1.37002335571E9
1370023357067;1.370023356863E9
1370023357106;1.370023356663E9
1370023357471;1.370023357394E9
1370023361132;1.370023361026E9
1370023361983;1.370023361909E9
1370023364672;1.370023364653E9
1370023366550;1.370023366535E9
1370023369472;1.370023369463E9
1370023372781;1.370023372774E9
1370023373462;1.370023373335E9
1370023373585;1.370023373337E9
1370023373901;1.370023373846E9
1370023374298;1.370023374222E9
1370023375662;1.370023375494E9
1370023375711;1.370023375559E9
1370023377753;1.370023377675E9
1370023379984;1.370023379863E9
1370023380254;1.370023380226E9
1370023384126;1.370023384092E9
1370023384319;1.370023384235E9
1370023384857;1.370023384788E9
1370023387598;1.370023387466E9
1370023389173;1.370023389125E9
1370023389831;1.370023389827E9
1370023391702;1.370023391683E9
1370023391890;1.370023391814E9
1370023392175;1.370023392121E9
1370023393323;1.370023393062E9
1370023394012;1.370023393773E9
1370023395049;1.370023394842E9
1370023395221;1.370023394888E9
1370023397017;1.370023396955E9
1370023398877;1.370023398843E9
1370023401478;1.370023401457E9
1370023401829;1.37002340177E9
1370023403245;1.370023403181E9
1370023404593;1.370023404588E9
1370023411702;1.370023411552E9
1370023413067;1.370023412926E9
1370023415554;1.370023415549E9
1370023416217;1.370023416196E9
1370023419145;1.370023419125E9
1370023421439;1.370023421428E9
1370023422004;1.370023421907E9
1370023422736;1.370023422735E9
1370023423055;1.37002342285E9
1370023426761;1.370023426618E9
1370023428324;1.370023428298E9
1370023428707;1.370023428634E9
1370023430489;1.370023430457E9
1370023433254;1.370023433182E9
1370023433568;1.370023433545E9
1370023433984;1.370023433956E9
1370023434584;1.370023434538E9
1370023435034;1.370023434882E9
1370023435463;1.370023435237E9
1370023435556;1.370023435373E9
1370023436071;1.37002343597E9
1370023436443;1.370023436328E9
1370023436708;1.370023436703E9
1370023436796;1.370023436728E9
1370023438322;1.370023437572E9
1370023438329;1.370023437777E9
1370023438409;1.370023438354E9
1370023438487;1.37002343803E9
1370023438776;1.370023438511E9
1370023440574;1.370023440496E9
1370023441445;1.370023441399E9
1370023441594;1.370023441554E9
1370023441800;1.370023441739E9
1370023442089;1.370023442003E9
1370023442974;1.370023442854E9
1370023443311;1.370023443293E9
1370023443455;1.370023443337E9
1370023445125;1.370023445001E9
1370023446049;1.370023446039E9
1370023446360;1.370023446254E9
1370023448270;1.370023448215E9
1370023448630;1.370023448629E9
1370023449304;1.370023449271E9
1370023450174;1.370023450043E9
1370023451064;1.370023451045E9
1370023453566;1.370023453448E9
1370023453719;1.370023453704E9
1370023454551;1.370023454463E9
1370023455903;1.370023455902E9
1370023456592;1.37002345657E9
1370023458658;1.370023458639E9
1370023459229;1.37002345913E9
1370023459381;1.37002345929E9
1370023461902;1.370023461652E9
1370023464459;1.370023464309E9
1370023464583;1.370023464512E9
1370023464682;1.370023464607E9
1370023464760;1.37002346472E9
1370023467101;1.370023467014E9
1370023467997;1.370023467992E9
1370023468286;1.370023468212E9
1370023469676;1.370023469533E9
1370023470079;1.370023470052E9
1370023471005;1.370023470899E9
1370023471277;1.37002347121E9
1370023471485;1.37002347135E9
1370023472645;1.370023472628E9
1370023473515;1.370023473377E9
1370023473697;1.370023473692E9
1370023473980;1.370023473862E9
1370023475052;1.370023474603E9
1370023475584;1.370023475444E9
1370023475938;1.370023475927E9
1370023476203;1.370023476128E9
1370023476417;1.370023476239E9
1370023476576;1.37002347649E9
1370023477699;1.370023477623E9
1370023479847;1.370023479836E9
1370023479993;1.370023479881E9
1370023480748;1.370023480724E9
1370023481482;1.370023481481E9
1370023481714;1.370023481665E9
1370023481721;1.370023481702E9
1370023482231;1.370023482046E9
1370023482588;1.370023482466E9
1370023484044;1.370023483992E9
1370023484309;1.370023484244E9
1370023486970;1.370023486953E9
1370023487542;1.370023487294E9
1370023487992;1.370023487894E9
1370023489552;1.37002348955E9
1370023490498;1.370023490184E9
1370023490862;1.370023490829E9
1370023492262;1.370023492118E9
1370023494085;1.37002349405E9
1370023494717;1.370023494575E9
1370023496101;1.370023496084E9
1370023496369;1.370023496307E9
1370023498055;1.370023497996E9
1370023500476;1.370023500372E9
1370023500857;1.370023500538E9
1370023501020;1.370023500757E9
1370023501108;1.370023500926E9
1370023502054;1.370023502053E9
1370023502463;1.370023502395E9
1370023505111;1.370023505078E9
1370023505205;1.370023505187E9
1370023505862;1.370023505845E9
1370023506712;1.37002350669E9
1370023508719;1.370023508541E9
1370023508752;1.370023508266E9
1370023508851;1.370023508323E9
1370023510149;1.370023510134E9
1370023510486;1.370023510263E9
1370023511205;1.370023511163E9
1370023512949;1.370023512755E9
1370023513560;1.370023513437E9
1370023516813;1.370023516691E9
1370023517700;1.370023517638E9
1370023518264;1.370023518234E9
1370023518379;1.370023518273E9
1370023519167;1.370023519162E9
1370023522512;1.370023522508E9
1370023524321;1.37002352432E9
1370023524683;1.370023524625E9
1370023525800;1.370023525149E9
1370023526817;1.370023526724E9
1370023526999;1.370023526999E9
1370023527165;1.370023526793E9
1370023528638;1.370023528521E9
1370023530478;1.370023530442E9
1370023530663;1.370023530401E9
1370023535565;1.370023535524E9
1370023537519;1.370023537356E9
1370023542274;1.370023542262E9
1370023542643;1.370023542478E9
1370023542998;1.370023542911E9
1370023545856;1.370023545805E9
1370023546055;1.370023546047E9
1370023546166;1.370023546045E9
1370023546170;1.370023546169E9
1370023546831;1.370023546542E9
1370023546854;1.370023546703E9
1370023547958;1.370023547896E9
1370023550450;1.370023550153E9
1370023550461;1.370023550258E9
1370023550689;1.370023550385E9
1370023552080;1.370023551965E9
1370023552404;1.370023552384E9
1370023552620;1.370023552492E9
1370023553180;1.370023553136E9
1370023558396;1.370023558268E9
1370023560356;1.370023560339E9
1370023561223;1.370023561222E9
1370023561946;1.370023561694E9
1370023566648;1.370023566581E9
1370023567829;1.370023567754E9
1370023568346;1.370023568333E9
1370023568675;1.370023568666E9
1370023568893;1.370023568715E9
1370023571595;1.370023571425E9
1370023573073;1.370023573051E9
1370023573297;1.370023573163E9
1370023574268;1.370023573884E9
1370023574642;1.370023574464E9
1370023576308;1.370023576082E9
1370023576810;1.370023576732E9
1370023577330;1.370023577263E9
1370023577383;1.370023577367E9
1370023577787;1.370023577753E9
1370023578260;1.37002357825E9
1370023579163;1.370023578914E9
1370023580011;1.370023579994E9
1370023581542;1.370023581505E9
1370023581950;1.370023581902E9
1370023585844;1.370023585839E9
1370023585894;1.370023585874E9
1370023587019;1.370023586943E9
1370023587233;1.370023587221E9
1370023588150;1.370023587881E9
1370023589715;1.370023589611E9
1370023590727;1.370023590602E9
1370023591434;1.370023591433E9
1370023592315;1.370023592299E9
1370023592985;1.370023592895E9
1370023595371;1.370023595295E9
1370023596307;1.370023596295E9
1370023596647;1.370023596645E9
1370023596672;1.370023596632E9
1370023597909;1.370023597868E9
1370023598054;1.370023597956E9
1370023599302;1.370023599229E9
1370023602556;1.370023602543E9
1370023603494;1.370023603467E9
1370023603960;1.370023603826E9
1370023604923;1.37002360482E9
1370023605786;1.370023605782E9
1370023609614;1.370023609466E9
1370023612990;1.37002361284E9
1370023613951;1.370023613845E9
1370023613968;1.37002361367E9
1370023615303;1.370023615228E9
1370023616760;1.370023616386E9
1370023617196;1.370023616944E9
1370023619569;1.370023619529E9
1370023620083;1.370023620081E9
1370023620784;1.370023620715E9
1370023621544;1.370023621454E9
1370023623173;1.370023623147E9
1370023632558;1.370023632404E9
1370023632605;1.370023632392E9
1370023635429;1.370023635332E9
1370023636139;1.37002363613E9
1370023637613;1.370023637554E9
1370023638563;1.370023638535E9
1370023639288;1.370023639141E9
1370023639719;1.370023639582E9
1370023640192;1.370023640191E9
1370023641566;1.370023641561E9
1370023642728;1.370023642611E9
1370023642960;1.370023642911E9
1370023643189;1.370023643111E9
1370023643254;1.370023643141E9
1370023643726;1.370023643696E9
1370023644064;1.370023644001E9
1370023644363;1.370023644069E9
1370023644700;1.370023644558E9
1370023645226;1.370023645225E9
1370023646072;1.370023646042E9
1370023648508;1.370023648355E9
1370023648765;1.37002364875E9
1370023650586;1.370023650514E9
1370023650796;1.370023650789E9
1370023653571;1.370023653407E9
1370023654052;1.370023653774E9
1370023655546;1.37002365542E9
1370023656298;1.370023656058E9
1370023656436;1.370023656367E9
1370023656869;1.370023656811E9
1370023657265;1.370023657217E9
1370023657297;1.370023657087E9
1370023657382;1.370023657356E9
1370023657430;1.370023657414E9
1370023658252;1.370023658088E9
1370023659025;1.370023658979E9
1370023660708;1.37002366049E9
1370023661378;1.370023661295E9
1370023662063;1.370023662036E9
1370023663753;1.370023663612E9
1370023664526;1.370023664482E9
1370023666370;1.370023666361E9
1370023669303;1.37002366929E9
1370023672227;1.370023672205E9
1370023672369;1.370023672343E9
1370023672525;1.370023672496E9
1370023672762;1.370023672671E9
1370023672910;1.370023672903E9
1370023673544;1.370023673433E9
1370023675556;1.37002367532E9
1370023676140;1.370023676031E9
1370023676464;1.370023676404E9
1370023676541;1.3700236764E9
1370023678058;1.370023678026E9
1370023678881;1.37002367886E9
1370023679960;1.370023679672E9
1370023680862;1.370023680602E9
1370023684220;1.370023684187E9
1370023684310;1.370023684247E9
1370023684567;1.370023684559E9
1370023686439;1.370023686341E9
1370023686488;1.370023686475E9
1370023687467;1.370023687436E9
1370023687556;1.370023687475E9
1370023690140;1.370023690136E9
1370023690361;1.370023690263E9
1370023691549;1.370023691274E9
1370023692161;1.370023692154E9
1370023696150;1.370023696114E9
1370023696415;1.370023696019E9
1370023696423;1.370023696418E9
1370023696869;1.3700236968E9
1370023706520;1.370023706502E9
1370023708189;1.370023707884E9
1370023709761;1.370023709678E9
1370023711368;1.370023711256E9
1370023712880;1.370023712855E9
1370023713698;1.370023713663E9
1370023715744;1.370023715526E9
1370023716029;1.370023715963E9
1370023717754;1.370023717747E9
1370023720406;1.370023720335E9
1370023720446;1.370023720369E9
1370023721706;1.370023721666E9
1370023725491;1.370023725413E9
1370023726086;1.370023726069E9
1370023726554;1.370023726553E9
1370023728264;1.370023728236E9
1370023728598;1.370023728517E9
1370023730185;1.37002372995E9
1370023730692;1.370023730479E9
1370023730758;1.370023730755E9
1370023734311;1.370023734162E9
1370023735179;1.370023735138E9
1370023736206;1.370023736151E9
1370023736819;1.370023736767E9
1370023737344;1.370023737152E9
1370023738749;1.370023738554E9
1370023738958;1.370023738925E9
1370023739458;1.370023739385E9
1370023739995;1.370023739836E9
1370023741532;1.370023741507E9
1370023741540;1.370023741517E9
1370023742941;1.370023742939E9
1370023743246;1.3700237432E9
1370023744549;1.370023744166E9
1370023744591;1.370023744149E9
1370023744864;1.370023744846E9
1370023745562;1.370023745561E9
1370023749747;1.370023749711E9
1370023751447;1.370023751392E9
1370023752867;1.370023752852E9
1370023753009;1.370023752944E9
1370023754605;1.370023754544E9
1370023755771;1.370023755745E9
1370023756008;1.370023755924E9
1370023756575;1.37002375657E9
1370023757702;1.370023757689E9
1370023759094;1.370023759092E9
1370023759125;1.37002375908E9
1370023759464;1.370023759459E9
1370023759899;1.370023759773E9
1370023761595;1.370023761497E9
1370023764236;1.370023764164E9
1370023764855;1.370023764832E9
1370023765462;1.370023765455E9
1370023766041;1.370023766022E9
1370023766336;1.370023766169E9
1370023766738;1.370023766637E9
1370023767626;1.370023767449E9
1370023767870;1.37002376774E9
1370023767874;1.37002376775E9
1370023770311;1.370023770306E9
1370023772039;1.370023772031E9
1370023773312;1.370023773253E9
1370023774199;1.37002377419E9
1370023774409;1.370023774309E9
1370023774791;1.370023774685E9
1370023775186;1.370023775111E9
1370023777751;1.370023777748E9
1370023779549;1.370023778997E9
1370023779569;1.370023778961E9
1370023779617;1.370023779177E9
1370023779662;1.370023779212E9
1370023782819;1.370023782749E9
1370023783716;1.370023783556E9
1370023787388;1.370023787192E9
1370023787996;1.370023787936E9
1370023788565;1.370023788433E9
1370023789138;1.370023789122E9
1370023789473;1.37002378946E9
1370023789677;1.370023789491E9
1370023790191;1.37002379013E9
1370023790785;1.37002379075E9
1370023793386;1.370023793368E9
1370023793966;1.370023793966E9
1370023794436;1.370023794269E9
1370023795608;1.370023795593E9
1370023796319;1.370023796291E9
1370023798220;1.370023798185E9
1370023799089;1.370023798961E9
1370023800847;1.370023800807E9
1370023803094;1.370023803003E9
1370023806059;1.370023805992E9
1370023806586;1.370023806539E9
1370023807239;1.370023807022E9
1370023807244;1.370023807126E9
1370023808733;1.370023808657E9
1370023809313;1.370023809303E9
1370023809340;1.370023809273E9
1370023809407;1.370023809221E9
1370023810371;1.370023810371E9
1370023810582;1.370023810324E9
1370023812064;1.370023811688E9
1370023812538;1.370023812321E9
1370023813682;1.370023813636E9
1370023813758;1.37002381372E9
1370023813888;1.370023813791E9
1370023816492;1.370023816485E9
1370023819495;1.370023819482E9
1370023820775;1.370023820751E9
1370023823138;1.370023823118E9
1370023823644;1.370023823588E9
1370023824554;1.370023824516E9
1370023824694;1.370023824687E9
1370023825909;1.370023825872E9
1370023826965;1.370023826714E9
1370023827227;1.370023827199E9
1370023827679;1.370023827383E9
1370023827979;1.370023827695E9
1370023829761;1.370023829736E9
1370023830197;1.37002383016E9
1370023830852;1.370023830811E9
1370023831086;1.370023831086E9
1370023832199;1.370023832123E9
1370023832720;1.370023832674E9
1370023833309;1.370023833098E9
1370023833366;1.370023833166E9
1370023833433;1.370023833349E9
1370023834184;1.370023834052E9
1370023834574;1.370023834367E9
1370023836372;1.370023836299E9
1370023837150;1.370023836903E9
1370023837370;1.370023837169E9
1370023837720;1.370023837715E9
1370023838039;1.370023837993E9
1370023838682;1.370023838672E9
1370023839059;1.370023838953E9
1370023839615;1.370023839475E9
1370023839947;1.370023839818E9
1370023840229;1.370023840228E9
1370023840913;1.370023840763E9
1370023841985;1.370023841963E9
1370023842917;1.370023842887E9
1370023843864;1.370023843863E9
1370023844901;1.370023844838E9
1370023847039;1.370023846893E9
1370023847063;1.370023846833E9
1370023848103;1.370023848102E9
1370023849319;1.370023849314E9
1370023849622;1.370023849522E9
1370023849859;1.370023849645E9
1370023849895;1.370023849862E9
1370023850238;1.370023850067E9
1370023850291;1.370023850065E9
1370023850518;1.370023850476E9
1370023850799;1.370023850769E9
1370023852650;1.370023852618E9
1370023852726;1.370023852609E9
1370023853182;1.370023853169E9
1370023853278;1.370023853205E9
1370023856217;1.370023856202E9
1370023857778;1.370023857773E9
1370023858015;1.370023857835E9
1370023858369;1.370023858273E9
1370023859101;1.370023859084E9
1370023859387;1.370023859262E9
1370023859421;1.370023859292E9
1370023859461;1.370023859433E9
1370023860068;1.370023860024E9
1370023861344;1.370023861225E9
1370023862365;1.370023862151E9
1370023863908;1.370023863901E9
1370023866691;1.370023866667E9
1370023866930;1.370023866807E9
1370023867671;1.370023867659E9
1370023868292;1.370023867841E9
1370023868828;1.370023868769E9
1370023868873;1.370023868775E9
1370023872663;1.370023872651E9
1370023872937;1.370023872808E9
1370023873967;1.370023873911E9
1370023874716;1.370023874452E9
1370023874951;1.370023874765E9
1370023875372;1.370023875348E9
1370023876708;1.370023876297E9
1370023879531;1.37002387947E9
1370023879788;1.370023879773E9
1370023880560;1.370023880476E9
1370023883044;1.370023882993E9
1370023885285;1.370023885226E9
1370023886555;1.370023886458E9
1370023886977;1.370023886976E9
1370023888233;1.370023888165E9
1370023892728;1.370023892633E9
1370023893311;1.37002389306E9
1370023893522;1.370023893482E9
1370023894364;1.370023894227E9
1370023895514;1.370023895371E9
1370023895554;1.370023895487E9
1370023897513;1.37002389745E9
1370023898340;1.3700238983E9
1370023899772;1.370023899765E9
1370023900142;1.370023900096E9
1370023900952;1.370023900839E9
1370023901188;1.370023901133E9
1370023903257;1.37002390317E9
1370023904386;1.370023904368E9
1370023904599;1.370023904505E9
1370023904850;1.37002390481E9
1370023905839;1.370023905574E9
1370023907010;1.370023906771E9
1370023907399;1.370023907268E9
1370023907613;1.37002390761E9
1370023907676;1.37002390758E9
1370023908628;1.370023908398E9
1370023910822;1.370023910791E9
1370023912449;1.370023912373E9
1370023913512;1.37002391345E9
1370023914375;1.370023914239E9
1370023914617;1.37002391461E9
1370023914848;1.370023914843E9
1370023916017;1.370023916009E9
1370023920447;1.370023920348E9
1370023921729;1.370023921653E9
1370023922256;1.370023922248E9
1370023923125;1.370023923102E9
1370023923486;1.370023923445E9
1370023924093;1.370023924027E9
1370023925472;1.37002392535E9
1370023927653;1.370023927528E9
1370023928669;1.370023928531E9
1370023929683;1.37002392951E9
1370023930044;1.370023930044E9
1370023935631;1.370023935583E9
1370023936729;1.370023936724E9
1370023941555;1.370023941416E9
1370023942354;1.370023941914E9
1370023945870;1.370023945622E9
1370023945934;1.370023945681E9
1370023946550;1.370023946541E9
1370023947548;1.370023947535E9
1370023948324;1.370023948183E9
1370023948942;1.370023948933E9
1370023952324;1.370023952258E9
1370023952416;1.370023952344E9
1370023952981;1.370023952822E9
1370023954111;1.370023954083E9
1370023956763;1.370023956697E9
1370023956980;1.370023956922E9
1370023957081;1.370023957013E9
1370023959059;1.370023959058E9
1370023959743;1.37002395968E9
1370023962319;1.370023962204E9
1370023964314;1.370023964305E9
1370023964699;1.370023964692E9
1370023965546;1.370023965499E9
1370023965768;1.370023965728E9
1370023967822;1.370023967738E9
1370023968062;1.37002396799E9
1370023968119;1.370023968098E9
1370023968835;1.370023968659E9
1370023969156;1.370023969027E9
1370023969745;1.370023969662E9
1370023969996;1.37002396979E9
1370023970441;1.370023970437E9
1370023972427;1.370023972373E9
1370023973116;1.370023972931E9
1370023974398;1.370023974248E9
1370023975551;1.370023975233E9
1370023975569;1.370023975488E9
1370023975758;1.370023975206E9
1370023976006;1.37002397486E9
1370023978220;1.370023977958E9
1370023979179;1.370023979069E9
1370023979279;1.370023979213E9
1370023980761;1.370023980702E9
1370023981978;1.370023981672E9
1370023982534;1.370023982379E9
1370023983626;1.370023983587E9
1370023983772;1.370023983699E9
1370023983807;1.370023983757E9
1370023985583;1.370023985553E9
1370023987785;1.370023987772E9
1370023991174;1.370023991091E9
1370023992264;1.370023992167E9
1370023994112;1.370023994102E9
1370024001824;1.370024001822E9
1370024003053;1.370024003048E9
1370024003129;1.370024003057E9
1370024004858;1.370024004664E9
1370024013714;1.370024013589E9
1370024014707;1.370024014706E9
1370024014826;1.370024014822E9
1370024015777;1.370024015648E9
1370024016661;1.37002401666E9
1370024016910;1.370024016906E9
1370024017942;1.370024017854E9
1370024018002;1.37002401796E9
1370024018737;1.370024018657E9
1370024019291;1.370024019133E9
1370024019885;1.370024019865E9
1370024020617;1.370024020597E9
1370024021786;1.3700240217E9
1370024021872;1.370024021811E9
1370024023089;1.370024022938E9
1370024023656;1.370024023412E9
1370024027614;1.370024027576E9
1370024030064;1.370024029878E9
1370024030395;1.370024030393E9
1370024030427;1.37002403038E9
1370024032887;1.370024032885E9
1370024034877;1.370024034877E9
1370024035131;1.37002403504E9
1370024036781;1.370024036771E9
1370024037468;1.370024037467E9
1370024038964;1.370024038954E9
1370024039372;1.370024039364E9
1370024039578;1.370024039419E9
1370024040591;1.370024040525E9
1370024041410;1.370024041109E9
1370024043376;1.370024043313E9
1370024045208;1.370024044825E9
1370024046414;1.370024046263E9
1370024047111;1.370024047023E9
1370024048515;1.370024048387E9
1370024049297;1.370024049236E9
1370024049613;1.37002404946E9
1370024050226;1.37002405009E9
1370024052874;1.370024052839E9
1370024054386;1.370024054386E9
1370024054412;1.370024054388E9
1370024054700;1.370024054508E9
1370024055160;1.370024054962E9
1370024057236;1.370024057201E9
1370024058010;1.370024057994E9
1370024060269;1.370024060225E9
1370024060558;1.370024060451E9
1370024063561;1.370024063238E9
1370024066526;1.370024066519E9
1370024066883;1.370024066719E9
1370024067027;1.370024066962E9
1370024067694;1.370024067524E9
1370024069215;1.370024068849E9
1370024069584;1.370024069567E9
1370024070183;1.370024070097E9
1370024071644;1.370024071573E9
1370024073315;1.370024073296E9
1370024073421;1.370024073359E9
1370024079854;1.370024079791E9
1370024081128;1.370024081047E9
1370024082505;1.370024082484E9
1370024082891;1.370024082869E9
1370024083406;1.370024083199E9
1370024087773;1.370024087772E9
1370024088639;1.370024088609E9
1370024088924;1.370024088863E9
1370024089628;1.370024089606E9
1370024089742;1.370024089732E9
1370024090399;1.370024090322E9
1370024090675;1.370024090522E9
1370024091073;1.370024090965E9
1370024092674;1.370024092667E9
1370024093140;1.3700240929E9
1370024093230;1.370024092939E9
1370024093321;1.370024093116E9
1370024095485;1.370024095485E9
1370024101098;1.370024101057E9
1370024103268;1.370024103116E9
1370024103899;1.370024103869E9
1370024104279;1.370024104069E9
1370024106552;1.370024106511E9
1370024107050;1.370024106929E9
1370024108106;1.370024108101E9
1370024108134;1.370024108132E9
1370024108774;1.370024108505E9
1370024109743;1.37002410973E9
1370024110054;1.370024109997E9
1370024111026;1.370024110699E9
1370024114810;1.370024114798E9
1370024115007;1.370024114895E9
1370024115486;1.370024115466E9
1370024116161;1.370024116141E9
1370024117075;1.370024117006E9
1370024118209;1.370024118169E9
1370024119543;1.370024119508E9
1370024121834;1.370024121822E9
1370024122368;1.370024122349E9
1370024122694;1.370024122633E9
1370024123123;1.370024123092E9
1370024123897;1.37002412375E9
1370024125062;1.370024125031E9
1370024128164;1.370024127983E9
1370024130343;1.370024130153E9
1370024131997;1.370024131982E9
1370024132551;1.370024132518E9
1370024135157;1.370024135039E9
1370024137245;1.370024137186E9
1370024138875;1.370024138795E9
1370024142516;1.370024142164E9
1370024142890;1.370024142868E9
1370024143406;1.370024143388E9
1370024143475;1.370024143421E9
1370024144864;1.370024144831E9
1370024147233;1.370024147183E9
1370024148455;1.370024148448E9
1370024148580;1.370024148433E9
1370024148687;1.370024148636E9
1370024148871;1.370024148712E9
1370024150290;1.370024149826E9
1370024154026;1.370024153973E9
1370024154267;1.370024154262E9
1370024155135;1.370024155093E9
1370024156068;1.370024156044E9
1370024156726;1.370024156703E9
1370024157578;1.370024157459E9
1370024157861;1.370024157836E9
1370024160886;1.370024160861E9
1370024162838;1.370024162813E9
1370024163481;1.370024163412E9
1370024164374;1.370024164247E9
1370024165053;1.370024165053E9
1370024166996;1.370024166728E9
1370024167145;1.370024167097E9
1370024168094;1.370024167999E9
1370024171992;1.37002417193E9
1370024173100;1.370024172895E9
1370024173223;1.370024173042E9
1370024173224;1.370024172908E9
1370024176492;1.37002417649E9
1370024176695;1.370024176688E9
1370024176908;1.370024176825E9
1370024177493;1.370024177477E9
1370024179264;1.370024179201E9
1370024180667;1.370024180564E9
1370024183425;1.370024183224E9
1370024183661;1.370024183285E9
1370024183669;1.370024183646E9
1370024187388;1.370024187267E9
1370024187619;1.370024187563E9
1370024188934;1.37002418872E9
1370024189606;1.370024189595E9
1370024190026;1.370024189908E9
1370024190088;1.370024189896E9
1370024190599;1.370024190518E9
1370024191368;1.370024191337E9
1370024191981;1.370024191874E9
1370024192775;1.370024192709E9
1370024193745;1.370024193673E9
1370024195293;1.370024195212E9
1370024196182;1.370024195994E9
1370024200245;1.370024200227E9
1370024200516;1.370024200255E9
1370024201746;1.370024201676E9
1370024203119;1.370024202731E9
1370024203668;1.370024203425E9
1370024204357;1.370024204266E9
1370024205253;1.370024205166E9
1370024205937;1.37002420568E9
1370024206466;1.370024206464E9
1370024209220;1.370024209133E9
1370024210010;1.370024210006E9
1370024211016;1.370024211013E9
1370024214265;1.370024214252E9
1370024214495;1.370024214478E9
1370024215951;1.370024215918E9
1370024219422;1.37002421939E9
1370024219432;1.370024219408E9
1370024219620;1.370024219619E9
1370024220326;1.370024220295E9
1370024220591;1.37002422055E9
1370024220937;1.370024220933E9
1370024221850;1.370024221826E9
1370024222138;1.370024222077E9
1370024222206;1.370024222197E9
1370024223287;1.370024223257E9
1370024225057;1.370024225024E9
1370024225151;1.370024225135E9
1370024226610;1.370024226485E9
1370024226825;1.370024226821E9
1370024227788;1.370024227768E9
1370024227897;1.370024227892E9
1370024228194;1.370024228133E9
1370024228275;1.370024228231E9
1370024229377;1.370024229311E9
1370024229381;1.370024228867E9
1370024229914;1.37002422985E9
1370024230055;1.370024229818E9
1370024231239;1.370024231009E9
1370024231918;1.370024231818E9
1370024232135;1.37002423201E9
1370024232856;1.370024232823E9
1370024233918;1.370024233834E9
1370024234035;1.37002423403E9
1370024234622;1.370024234578E9
1370024235265;1.37002423524E9
1370024235403;1.370024235118E9
1370024235623;1.370024235557E9
1370024237644;1.370024237541E9
1370024237884;1.370024237784E9
1370024239032;1.37002423902E9
1370024241455;1.370024241027E9
1370024241506;1.370024241379E9
1370024242103;1.370024241962E9
1370024242317;1.370024242297E9
1370024242375;1.37002424237E9
1370024242719;1.370024242488E9
1370024243841;1.37002424342E9
1370024243900;1.370024243453E9
1370024244458;1.370024244081E9
1370024248041;1.370024247996E9
1370024248675;1.370024248601E9
1370024250566;1.370024250494E9
1370024252649;1.370024252598E9
1370024253750;1.370024253572E9
1370024257384;1.370024257383E9
1370024260714;1.370024260701E9
1370024262176;1.370024262132E9
1370024264117;1.370024264002E9
1370024264170;1.370024264124E9
1370024264327;1.370024264233E9
1370024264870;1.37002426479E9
1370024266499;1.370024266498E9
1370024268015;1.370024267967E9
1370024269985;1.370024269907E9
1370024270929;1.370024270886E9
1370024271140;1.370024270917E9
1370024272206;1.370024272122E9
1370024273176;1.370024273149E9
1370024275324;1.370024275148E9
1370024277253;1.370024277181E9
1370024278064;1.37002427801E9
1370024280140;1.370024280133E9
1370024280521;1.370024280471E9
1370024281046;1.370024281E9
1370024281198;1.370024281133E9
1370024282150;1.370024282127E9
1370024284068;1.370024284039E9
1370024284193;1.370024283944E9
1370024284304;1.37002428411E9
1370024286027;1.370024285954E9
1370024286658;1.370024286626E9
1370024287033;1.370024286824E9
1370024289601;1.370024289422E9
1370024289787;1.370024289772E9
1370024290769;1.37002429063E9
1370024291557;1.370024291471E9
1370024293514;1.370024293383E9
1370024293536;1.370024293394E9
1370024293626;1.370024293516E9
1370024293671;1.370024293605E9
1370024294411;1.37002429428E9
1370024296992;1.370024296991E9
1370024298479;1.370024298352E9
1370024298623;1.370024298623E9
1370024299677;1.370024299639E9
1370024303501;1.370024303471E9
1370024305528;1.370024305323E9
1370024305922;1.370024305867E9
1370024307682;1.370024307545E9
1370024313016;1.370024312906E9
1370024314911;1.370024314896E9
1370024316685;1.370024316635E9
1370024316795;1.370024316669E9
1370024318187;1.370024318176E9
1370024318825;1.370024318567E9
1370024320403;1.370024320218E9
1370024321556;1.370024321543E9
1370024322073;1.370024321954E9
1370024325524;1.370024325513E9
1370024326416;1.370024326325E9
1370024326658;1.370024326532E9
1370024327873;1.37002432767E9
1370024332938;1.370024332777E9
1370024333063;1.370024333004E9
1370024333893;1.370024333844E9
1370024335366;1.370024335264E9
1370024336225;1.370024336147E9
1370024336886;1.370024336884E9
1370024337205;1.370024337114E9
1370024340876;1.370024340871E9
1370024342383;1.370024342379E9
1370024342799;1.370024342781E9
1370024344358;1.370024344271E9
1370024344502;1.370024344498E9
1370024345255;1.37002434524E9
1370024347564;1.370024347544E9
1370024349190;1.37002434918E9
1370024349364;1.370024349294E9
1370024351735;1.370024351526E9
1370024353406;1.370024353405E9
1370024355408;1.370024355322E9
1370024356199;1.370024356144E9
1370024358149;1.370024358098E9
1370024363338;1.370024363297E9
1370024363385;1.370024363374E9
1370024364941;1.370024364841E9
1370024366507;1.370024366392E9
1370024366640;1.370024366571E9
1370024366649;1.370024366525E9
1370024367234;1.370024367106E9
1370024369433;1.37002436942E9
1370024369618;1.370024369605E9
1370024369782;1.370024369777E9
1370024370221;1.370024370038E9
1370024371055;1.370024370794E9
1370024371452;1.370024371403E9
1370024372120;1.37002437208E9
1370024372898;1.370024372883E9
1370024375114;1.370024374968E9
1370024375420;1.37002437538E9
1370024376986;1.370024376949E9
1370024378065;1.370024378045E9
1370024378797;1.370024378789E9
1370024380710;1.370024380489E9
1370024381237;1.370024381163E9
1370024381622;1.370024381546E9
1370024382586;1.370024382447E9
1370024383337;1.370024383143E9
1370024383760;1.370024383742E9
1370024384176;1.370024383942E9
1370024384541;1.370024384411E9
1370024384563;1.370024384425E9
1370024386089;1.370024386052E9
1370024386336;1.370024386231E9
1370024386339;1.370024386141E9
1370024390114;1.370024390074E9
1370024391951;1.370024391778E9
1370024393067;1.370024393012E9
1370024393305;1.370024393297E9
1370024393819;1.370024393777E9
1370024393880;1.370024393753E9
1370024401789;1.370024401705E9
1370024402093;1.370024402049E9
1370024403342;1.370024403128E9
1370024404218;1.37002440417E9
1370024404701;1.370024404537E9
1370024405168;1.370024404946E9
1370024405985;1.370024405892E9
1370024409848;1.370024409823E9
1370024410575;1.370024410574E9
1370024411603;1.370024411581E9
1370024411989;1.370024411937E9
1370024415319;1.370024415302E9
1370024416280;1.370024416205E9
1370024417437;1.370024417419E9
1370024419138;1.370024419137E9
1370024421002;1.370024420979E9
1370024422684;1.370024422684E9
1370024423601;1.370024423424E9
1370024424465;1.37002442441E9
1370024426846;1.370024426777E9
1370024427022;1.370024426933E9
1370024427311;1.370024427204E9
1370024427864;1.3700244278E9
1370024428664;1.370024428623E9
1370024429292;1.370024429252E9
1370024431145;1.370024431073E9
1370024433571;1.370024433491E9
1370024436253;1.370024436106E9
1370024436445;1.37002443634E9
1370024438141;1.370024438008E9
1370024438626;1.370024438506E9
1370024438733;1.370024438723E9
1370024439795;1.37002443972E9
1370024440571;1.370024440563E9
1370024441295;1.37002444103E9
1370024442444;1.370024442399E9
1370024443079;1.370024443032E9
1370024443237;1.370024443167E9
1370024444115;1.3700244441E9
1370024444412;1.370024444302E9
1370024444738;1.370024444453E9
1370024445050;1.370024445039E9
1370024445551;1.370024445469E9
1370024446211;1.370024446019E9
1370024448276;1.370024448276E9
1370024448784;1.370024448582E9
1370024449165;1.37002444916E9
1370024449691;1.370024449642E9
1370024451133;1.370024450827E9
1370024453800;1.370024453658E9
1370024454135;1.37002445395E9
1370024454397;1.370024454338E9
1370024454528;1.370024454511E9
1370024455680;1.370024455475E9
1370024455858;1.370024455854E9
1370024457329;1.370024457125E9
1370024457498;1.370024457412E9
1370024459458;1.370024459418E9
1370024459466;1.37002445931E9
1370024464602;1.370024464577E9
1370024464875;1.370024464813E9
1370024467045;1.370024466916E9
1370024467623;1.370024467533E9
1370024468732;1.370024468688E9
1370024470353;1.370024470295E9
1370024470864;1.370024470849E9
1370024479562;1.370024479516E9
1370024480288;1.370024480258E9
1370024481891;1.370024481778E9
1370024485899;1.370024485855E9
1370024486158;1.370024486148E9
1370024487068;1.370024486872E9
1370024487237;1.37002448711E9
1370024488594;1.370024488487E9
1370024488714;1.370024488701E9
1370024490945;1.370024490743E9
1370024491384;1.37002449136E9
1370024493228;1.370024492965E9
1370024495270;1.370024495228E9
1370024496835;1.370024496813E9
1370024497546;1.370024497511E9
1370024498193;1.370024498122E9
1370024498420;1.37002449838E9
1370024498524;1.370024498462E9
1370024498835;1.370024498773E9
1370024500185;1.370024500095E9
1370024501760;1.37002450172E9
1370024503204;1.370024503182E9
1370024503748;1.370024503723E9
1370024503867;1.370024503798E9
1370024503947;1.370024503655E9
1370024504451;1.370024504421E9
1370024504816;1.370024504738E9
1370024506080;1.370024505984E9
1370024506796;1.370024506795E9
1370024509241;1.370024509029E9
1370024510806;1.370024510759E9
1370024511377;1.370024511361E9
1370024511511;1.370024511489E9
1370024512359;1.370024512231E9
1370024512805;1.37002451275E9
1370024513177;1.370024513166E9
1370024516327;1.370024516265E9
1370024516958;1.370024516947E9
1370024521087;1.370024521062E9
1370024521605;1.370024521576E9
1370024521770;1.370024521648E9
1370024523836;1.370024523568E9
1370024524315;1.370024524288E9
1370024524469;1.370024524408E9
1370024525836;1.370024525636E9
1370024526768;1.370024526713E9
1370024526881;1.370024526718E9
1370024528137;1.370024528126E9
1370024529140;1.370024529119E9
1370024531120;1.370024531119E9
1370024531679;1.370024531546E9
1370024531852;1.370024531844E9
1370024532791;1.370024532779E9
1370024534084;1.370024534064E9
1370024534426;1.370024534332E9
1370024534696;1.370024534513E9
1370024536257;1.370024536246E9
1370024538782;1.37002453868E9
1370024539511;1.37002453939E9
1370024541818;1.370024541809E9
1370024543575;1.370024543527E9
1370024544206;1.370024544123E9
1370024544949;1.370024544917E9
1370024545512;1.37002454547E9
1370024546057;1.370024546056E9
1370024548427;1.370024548317E9
1370024548457;1.370024548173E9
1370024549778;1.370024549774E9
1370024552142;1.370024551945E9
1370024553133;1.370024552812E9
1370024553560;1.370024553433E9
1370024555861;1.370024555798E9
1370024556445;1.370024556434E9
1370024557405;1.370024557264E9
1370024558000;1.370024557975E9
1370024558619;1.370024558579E9
1370024559603;1.370024559575E9
1370024560283;1.370024560251E9
1370024560586;1.370024560377E9
1370024561339;1.370024561211E9
1370024561761;1.370024561569E9
1370024562799;1.370024562797E9
1370024563999;1.37002456393E9
1370024564938;1.370024564923E9
1370024566097;1.370024566031E9
1370024566293;1.370024566242E9
1370024566599;1.37002456655E9
1370024567657;1.370024567655E9
1370024567687;1.370024567581E9
1370024568712;1.370024568633E9
1370024570677;1.370024570231E9
1370024571035;1.370024570785E9
1370024571167;1.370024570254E9
1370024572111;1.37002457205E9
1370024573004;1.370024572718E9
1370024574546;1.370024574488E9
1370024575944;1.370024575892E9
1370024576252;1.370024576208E9
1370024577841;1.370024577817E9
1370024580123;1.370024580093E9
1370024580496;1.370024580405E9
1370024581767;1.370024581767E9
1370024583514;1.370024583137E9
1370024584462;1.370024584086E9
1370024584491;1.370024584349E9
1370024584549;1.370024584521E9
1370024588473;1.370024588335E9
1370024591274;1.370024591259E9
1370024591753;1.370024591741E9
1370024592893;1.370024592851E9
1370024595974;1.370024595947E9
1370024597187;1.370024596893E9
1370024597268;1.370024596933E9
1370024598162;1.3700245979E9
1370024598936;1.370024598847E9
1370024599536;1.370024599488E9
1370024601281;1.370024600791E9
1370024602519;1.370024602475E9
1370024602969;1.370024602915E9
1370024603212;1.370024603153E9
1370024606036;1.370024605992E9
1370024606254;1.370024606137E9
1370024607499;1.370024607474E9
1370024607968;1.370024607953E9
1370024610275;1.370024610209E9
1370024610755;1.370024610745E9
