Timestamp;WC0;WC1
1370044592000;3.0;2.0
1370044593000;0.0;2.0
1370044594000;1.0;1.0
1370044595000;2.0;1.0
1370044596000;2.0;2.0
1370044597000;1.0;0.0
1370044598000;1.0;2.0
1370044599000;1.0;1.0
1370044600000;0.0;0.0
1370044601000;1.0;2.0
1370044602000;0.0;4.0
1370044603000;0.0;1.0
1370044604000;2.0;0.0
1370044605000;2.0;1.0
1370044606000;0.0;0.0
1370044607000;3.0;0.0
1370044608000;1.0;1.0
1370044609000;0.0;2.0
1370044610000;2.0;3.0
1370044611000;1.0;1.0
1370044612000;0.0;0.0
1370044613000;4.0;1.0
1370044614000;3.0;1.0
1370044615000;1.0;2.0
1370044616000;1.0;2.0
1370044617000;1.0;2.0
1370044618000;4.0;1.0
1370044619000;5.0;2.0
1370044620000;2.0;1.0
1370044621000;0.0;2.0
1370044622000;3.0;0.0
1370044623000;1.0;0.0
1370044624000;3.0;0.0
1370044625000;1.0;3.0
1370044626000;3.0;2.0
1370044627000;1.0;2.0
1370044628000;1.0;2.0
1370044629000;1.0;3.0
1370044630000;2.0;1.0
1370044631000;1.0;1.0
1370044632000;2.0;0.0
1370044633000;0.0;4.0
1370044634000;2.0;2.0
1370044635000;3.0;0.0
1370044636000;0.0;0.0
1370044637000;0.0;3.0
1370044638000;2.0;0.0
1370044639000;0.0;1.0
1370044640000;2.0;1.0
1370044641000;3.0;2.0
1370044642000;1.0;0.0
1370044643000;0.0;3.0
1370044644000;0.0;1.0
1370044645000;2.0;2.0
1370044646000;1.0;1.0
1370044647000;2.0;3.0
1370044648000;2.0;0.0
1370044649000;1.0;1.0
1370044650000;1.0;3.0
1370044651000;2.0;1.0
1370044652000;3.0;3.0
1370044653000;1.0;2.0
1370044654000;2.0;1.0
1370044655000;2.0;2.0
1370044656000;0.0;0.0
1370044657000;3.0;2.0
1370044658000;2.0;0.0
1370044659000;0.0;1.0
1370044660000;0.0;3.0
1370044661000;1.0;1.0
1370044662000;0.0;1.0
1370044663000;1.0;3.0
1370044664000;1.0;0.0
1370044665000;2.0;3.0
1370044666000;1.0;1.0
1370044667000;3.0;1.0
1370044668000;0.0;1.0
1370044669000;0.0;0.0
1370044670000;1.0;1.0
1370044671000;1.0;4.0
1370044672000;1.0;3.0
1370044673000;1.0;2.0
1370044674000;0.0;1.0
1370044675000;2.0;0.0
1370044676000;3.0;1.0
1370044677000;1.0;1.0
1370044678000;2.0;0.0
1370044679000;0.0;2.0
1370044680000;2.0;0.0
1370044681000;3.0;0.0
1370044682000;1.0;2.0
1370044683000;0.0;0.0
1370044684000;2.0;0.0
1370044685000;0.0;2.0
1370044686000;0.0;0.0
1370044687000;3.0;2.0
1370044688000;1.0;1.0
1370044689000;1.0;1.0
1370044690000;3.0;2.0
1370044691000;2.0;3.0
1370044692000;0.0;4.0
1370044693000;1.0;2.0
1370044694000;3.0;1.0
1370044695000;3.0;1.0
1370044696000;2.0;2.0
1370044697000;2.0;2.0
1370044698000;0.0;2.0
1370044699000;2.0;3.0
1370044700000;2.0;1.0
1370044701000;2.0;2.0
1370044702000;2.0;0.0
1370044703000;2.0;0.0
1370044704000;0.0;1.0
1370044705000;1.0;1.0
1370044706000;0.0;2.0
1370044707000;0.0;1.0
1370044708000;1.0;0.0
1370044709000;4.0;0.0
1370044710000;2.0;1.0
1370044711000;4.0;2.0
1370044712000;4.0;2.0
1370044713000;2.0;2.0
1370044714000;3.0;2.0
1370044715000;0.0;2.0
1370044716000;3.0;1.0
1370044717000;0.0;0.0
1370044718000;0.0;3.0
1370044719000;2.0;0.0
1370044720000;1.0;1.0
1370044721000;2.0;1.0
1370044722000;2.0;0.0
1370044723000;1.0;2.0
1370044724000;0.0;2.0
1370044725000;2.0;3.0
1370044726000;2.0;1.0
1370044727000;0.0;2.0
1370044728000;3.0;0.0
1370044729000;3.0;1.0
1370044730000;0.0;2.0
1370044731000;2.0;1.0
1370044732000;0.0;3.0
1370044733000;2.0;0.0
1370044734000;1.0;0.0
1370044735000;1.0;0.0
1370044736000;0.0;2.0
1370044737000;4.0;2.0
1370044738000;1.0;1.0
1370044739000;0.0;2.0
1370044740000;3.0;3.0
1370044741000;1.0;3.0
1370044742000;2.0;6.0
1370044743000;1.0;1.0
1370044744000;4.0;0.0
1370044745000;0.0;4.0
1370044746000;3.0;3.0
1370044747000;3.0;0.0
1370044748000;2.0;0.0
1370044749000;0.0;0.0
1370044750000;1.0;0.0
1370044751000;1.0;0.0
1370044752000;3.0;1.0
1370044753000;2.0;1.0
1370044754000;0.0;2.0
1370044755000;3.0;1.0
1370044756000;1.0;2.0
1370044757000;1.0;1.0
1370044758000;0.0;3.0
1370044759000;1.0;1.0
1370044760000;0.0;2.0
1370044761000;0.0;2.0
1370044762000;2.0;3.0
1370044763000;3.0;0.0
1370044764000;0.0;2.0
1370044765000;0.0;0.0
1370044766000;2.0;2.0
1370044767000;0.0;1.0
1370044768000;2.0;0.0
1370044769000;0.0;0.0
1370044770000;2.0;1.0
1370044771000;0.0;1.0
1370044772000;0.0;1.0
1370044773000;2.0;2.0
1370044774000;2.0;0.0
1370044775000;1.0;0.0
1370044776000;0.0;0.0
1370044777000;0.0;2.0
1370044778000;2.0;0.0
1370044779000;0.0;3.0
1370044780000;1.0;2.0
1370044781000;1.0;1.0
1370044782000;1.0;2.0
1370044783000;1.0;2.0
1370044784000;0.0;0.0
1370044785000;2.0;2.0
1370044786000;1.0;2.0
1370044787000;0.0;1.0
1370044788000;1.0;2.0
1370044789000;1.0;0.0
1370044790000;0.0;0.0
1370044791000;0.0;2.0
1370044792000;1.0;0.0
1370044793000;3.0;1.0
1370044794000;1.0;1.0
1370044795000;2.0;1.0
1370044796000;3.0;3.0
1370044797000;0.0;2.0
1370044798000;0.0;2.0
1370044799000;2.0;1.0
1370044800000;1.0;1.0
1370044801000;2.0;1.0
1370044802000;1.0;0.0
1370044803000;0.0;0.0
1370044804000;1.0;2.0
1370044805000;1.0;0.0
1370044806000;0.0;2.0
1370044807000;3.0;3.0
1370044808000;4.0;1.0
1370044809000;2.0;0.0
1370044810000;2.0;0.0
1370044811000;1.0;0.0
1370044812000;0.0;2.0
1370044813000;1.0;2.0
1370044814000;0.0;2.0
1370044815000;1.0;1.0
1370044816000;3.0;2.0
1370044817000;0.0;1.0
1370044818000;2.0;4.0
1370044819000;0.0;3.0
1370044820000;1.0;0.0
1370044821000;1.0;2.0
1370044822000;2.0;0.0
1370044823000;4.0;1.0
1370044824000;1.0;1.0
1370044825000;4.0;1.0
1370044826000;1.0;1.0
1370044827000;0.0;2.0
1370044828000;0.0;1.0
1370044829000;4.0;1.0
1370044830000;1.0;2.0
1370044831000;2.0;1.0
1370044832000;1.0;2.0
1370044833000;1.0;2.0
1370044834000;0.0;0.0
1370044835000;1.0;1.0
1370044836000;1.0;1.0
1370044837000;2.0;0.0
1370044838000;1.0;1.0
1370044839000;1.0;1.0
1370044840000;2.0;1.0
1370044841000;2.0;3.0
1370044842000;0.0;1.0
1370044843000;1.0;0.0
1370044844000;1.0;3.0
1370044845000;2.0;4.0
1370044846000;3.0;2.0
1370044847000;1.0;1.0
1370044848000;1.0;3.0
1370044849000;2.0;1.0
1370044850000;0.0;2.0
1370044851000;1.0;1.0
1370044852000;2.0;1.0
1370044853000;1.0;1.0
1370044854000;3.0;2.0
1370044855000;2.0;1.0
1370044856000;0.0;2.0
1370044857000;0.0;1.0
1370044858000;1.0;1.0
1370044859000;3.0;2.0
1370044860000;1.0;2.0
1370044861000;2.0;0.0
1370044862000;1.0;0.0
1370044863000;1.0;0.0
1370044864000;2.0;0.0
1370044865000;2.0;0.0
1370044866000;0.0;1.0
1370044867000;1.0;1.0
1370044868000;2.0;0.0
1370044869000;1.0;0.0
1370044870000;1.0;0.0
1370044871000;1.0;0.0
1370044872000;0.0;0.0
1370044873000;1.0;1.0
1370044874000;1.0;0.0
1370044875000;1.0;1.0
1370044876000;0.0;1.0
1370044877000;1.0;1.0
1370044878000;1.0;1.0
1370044879000;4.0;1.0
1370044880000;0.0;1.0
1370044881000;0.0;1.0
1370044882000;2.0;1.0
1370044883000;1.0;2.0
1370044884000;0.0;2.0
1370044885000;1.0;1.0
1370044886000;0.0;2.0
1370044887000;1.0;1.0
1370044888000;0.0;0.0
1370044889000;2.0;2.0
1370044890000;1.0;4.0
1370044891000;1.0;2.0
1370044892000;3.0;1.0
1370044893000;1.0;2.0
1370044894000;1.0;4.0
1370044895000;3.0;1.0
1370044896000;1.0;4.0
1370044897000;0.0;1.0
1370044898000;1.0;3.0
1370044899000;2.0;0.0
1370044900000;0.0;0.0
1370044901000;2.0;2.0
1370044902000;0.0;3.0
1370044903000;0.0;1.0
1370044904000;1.0;1.0
1370044905000;0.0;1.0
1370044906000;3.0;0.0
1370044907000;0.0;2.0
1370044908000;0.0;2.0
1370044909000;3.0;0.0
1370044910000;0.0;1.0
1370044911000;5.0;2.0
1370044912000;3.0;0.0
1370044913000;1.0;2.0
1370044914000;3.0;1.0
1370044915000;2.0;2.0
1370044916000;2.0;2.0
1370044917000;0.0;1.0
1370044918000;1.0;2.0
1370044919000;2.0;0.0
1370044920000;2.0;1.0
1370044921000;1.0;1.0
1370044922000;0.0;4.0
1370044923000;1.0;0.0
1370044924000;1.0;2.0
1370044925000;3.0;1.0
1370044926000;1.0;1.0
1370044927000;2.0;0.0
1370044928000;4.0;2.0
1370044929000;1.0;1.0
1370044930000;3.0;0.0
1370044931000;1.0;0.0
1370044932000;2.0;1.0
1370044933000;0.0;1.0
1370044934000;2.0;3.0
1370044935000;0.0;1.0
1370044936000;1.0;1.0
1370044937000;0.0;2.0
1370044938000;1.0;0.0
1370044939000;0.0;1.0
1370044940000;2.0;1.0
1370044941000;1.0;1.0
1370044942000;1.0;0.0
1370044943000;1.0;1.0
1370044944000;1.0;3.0
1370044945000;2.0;3.0
1370044946000;0.0;1.0
1370044947000;0.0;1.0
1370044948000;2.0;0.0
1370044949000;1.0;0.0
1370044950000;0.0;2.0
1370044951000;0.0;2.0
1370044952000;2.0;1.0
1370044953000;1.0;2.0
1370044954000;0.0;0.0
1370044955000;1.0;0.0
1370044956000;1.0;3.0
1370044957000;1.0;1.0
1370044958000;2.0;2.0
1370044959000;0.0;1.0
1370044960000;1.0;1.0
1370044961000;1.0;0.0
1370044962000;1.0;0.0
1370044963000;4.0;2.0
1370044964000;3.0;1.0
1370044965000;3.0;1.0
1370044966000;1.0;1.0
1370044967000;1.0;0.0
1370044968000;2.0;1.0
1370044969000;1.0;1.0
1370044970000;0.0;4.0
1370044971000;1.0;1.0
1370044972000;1.0;1.0
1370044973000;0.0;1.0
1370044974000;0.0;3.0
1370044975000;1.0;2.0
1370044976000;0.0;1.0
1370044977000;3.0;2.0
1370044978000;0.0;0.0
1370044979000;1.0;4.0
1370044980000;2.0;2.0
1370044981000;1.0;1.0
1370044982000;1.0;2.0
1370044983000;0.0;0.0
1370044984000;1.0;0.0
1370044985000;2.0;0.0
1370044986000;2.0;1.0
1370044987000;2.0;0.0
1370044988000;1.0;3.0
1370044989000;0.0;1.0
1370044990000;1.0;1.0
1370044991000;0.0;0.0
1370044992000;3.0;3.0
1370044993000;2.0;1.0
1370044994000;0.0;3.0
1370044995000;2.0;1.0
1370044996000;2.0;1.0
1370044997000;2.0;3.0
1370044998000;1.0;2.0
1370044999000;3.0;0.0
1370045000000;0.0;1.0
1370045001000;1.0;2.0
1370045002000;0.0;2.0
1370045003000;1.0;2.0
1370045004000;2.0;0.0
1370045005000;0.0;1.0
1370045006000;0.0;3.0
1370045007000;3.0;1.0
1370045008000;1.0;2.0
1370045009000;0.0;3.0
1370045010000;3.0;1.0
1370045011000;0.0;1.0
1370045012000;1.0;1.0
1370045013000;2.0;1.0
1370045014000;0.0;3.0
1370045015000;1.0;0.0
1370045016000;1.0;1.0
1370045017000;0.0;1.0
1370045018000;3.0;3.0
1370045019000;1.0;2.0
1370045020000;1.0;3.0
1370045021000;3.0;4.0
1370045022000;0.0;2.0
1370045023000;0.0;1.0
1370045024000;2.0;0.0
1370045025000;1.0;3.0
1370045026000;3.0;2.0
1370045027000;1.0;3.0
1370045028000;2.0;1.0
1370045029000;0.0;0.0
1370045030000;3.0;2.0
1370045031000;0.0;1.0
1370045032000;2.0;3.0
1370045033000;1.0;2.0
1370045034000;1.0;2.0
1370045035000;2.0;2.0
1370045036000;1.0;2.0
1370045037000;1.0;3.0
1370045038000;2.0;1.0
1370045039000;1.0;0.0
1370045040000;1.0;1.0
1370045041000;2.0;1.0
1370045042000;0.0;1.0
1370045043000;0.0;1.0
1370045044000;3.0;0.0
1370045045000;2.0;1.0
1370045046000;1.0;0.0
1370045047000;2.0;2.0
1370045048000;1.0;0.0
1370045049000;3.0;2.0
1370045050000;2.0;4.0
1370045051000;0.0;2.0
1370045052000;1.0;1.0
1370045053000;3.0;2.0
1370045054000;1.0;3.0
1370045055000;2.0;4.0
1370045056000;0.0;2.0
1370045057000;2.0;0.0
1370045058000;4.0;0.0
1370045059000;1.0;1.0
1370045060000;0.0;0.0
1370045061000;1.0;1.0
1370045062000;3.0;3.0
1370045063000;3.0;2.0
1370045064000;2.0;5.0
1370045065000;1.0;2.0
1370045066000;0.0;2.0
1370045067000;1.0;0.0
1370045068000;0.0;1.0
1370045069000;2.0;1.0
1370045070000;1.0;1.0
1370045071000;0.0;0.0
1370045072000;2.0;0.0
1370045073000;1.0;1.0
1370045074000;1.0;1.0
1370045075000;1.0;1.0
1370045076000;2.0;0.0
1370045077000;2.0;1.0
1370045078000;1.0;3.0
1370045079000;0.0;2.0
1370045080000;3.0;0.0
1370045081000;1.0;0.0
1370045082000;0.0;2.0
1370045083000;2.0;1.0
1370045084000;0.0;1.0
1370045085000;0.0;2.0
1370045086000;1.0;2.0
1370045087000;1.0;1.0
1370045088000;1.0;4.0
1370045089000;1.0;0.0
1370045090000;0.0;3.0
1370045091000;1.0;1.0
1370045092000;2.0;1.0
1370045093000;5.0;0.0
1370045094000;0.0;0.0
1370045095000;0.0;2.0
1370045096000;2.0;1.0
1370045097000;1.0;1.0
1370045098000;0.0;2.0
1370045099000;1.0;1.0
1370045100000;0.0;3.0
1370045101000;1.0;1.0
1370045102000;3.0;0.0
1370045103000;3.0;0.0
1370045104000;1.0;3.0
1370045105000;3.0;3.0
1370045106000;3.0;0.0
1370045107000;1.0;0.0
1370045108000;2.0;1.0
1370045109000;1.0;2.0
1370045110000;1.0;1.0
1370045111000;0.0;0.0
1370045112000;2.0;1.0
1370045113000;1.0;1.0
1370045114000;0.0;0.0
1370045115000;1.0;1.0
1370045116000;2.0;1.0
1370045117000;2.0;1.0
1370045118000;1.0;2.0
1370045119000;1.0;1.0
1370045120000;2.0;4.0
1370045121000;3.0;0.0
1370045122000;3.0;0.0
1370045123000;1.0;0.0
1370045124000;1.0;3.0
1370045125000;4.0;0.0
1370045126000;2.0;1.0
1370045127000;0.0;1.0
1370045128000;5.0;2.0
1370045129000;2.0;1.0
1370045130000;1.0;1.0
1370045131000;1.0;3.0
1370045132000;2.0;2.0
1370045133000;0.0;6.0
1370045134000;0.0;1.0
1370045135000;1.0;2.0
1370045136000;2.0;2.0
1370045137000;1.0;0.0
1370045138000;0.0;1.0
1370045139000;1.0;3.0
1370045140000;1.0;3.0
1370045141000;1.0;2.0
1370045142000;1.0;2.0
1370045143000;0.0;3.0
1370045144000;0.0;0.0
1370045145000;2.0;2.0
1370045146000;0.0;2.0
1370045147000;1.0;1.0
1370045148000;1.0;4.0
1370045149000;1.0;3.0
1370045150000;2.0;1.0
1370045151000;0.0;0.0
1370045152000;0.0;0.0
1370045153000;0.0;1.0
1370045154000;1.0;2.0
1370045155000;0.0;0.0
1370045156000;3.0;1.0
1370045157000;1.0;1.0
1370045158000;0.0;2.0
1370045159000;1.0;2.0
1370045160000;1.0;2.0
1370045161000;1.0;0.0
1370045162000;1.0;1.0
1370045163000;2.0;1.0
1370045164000;1.0;0.0
1370045165000;1.0;2.0
1370045166000;4.0;1.0
1370045167000;4.0;1.0
1370045168000;1.0;1.0
1370045169000;1.0;1.0
1370045170000;0.0;1.0
1370045171000;0.0;2.0
1370045172000;0.0;2.0
1370045173000;1.0;1.0
1370045174000;1.0;0.0
1370045175000;4.0;1.0
1370045176000;2.0;2.0
1370045177000;0.0;1.0
1370045178000;1.0;1.0
1370045179000;0.0;1.0
1370045180000;0.0;0.0
1370045181000;0.0;1.0
1370045182000;3.0;1.0
1370045183000;0.0;1.0
1370045184000;1.0;1.0
1370045185000;1.0;2.0
1370045186000;2.0;0.0
1370045187000;2.0;2.0
1370045188000;3.0;1.0
1370045189000;1.0;2.0
1370045190000;0.0;3.0
1370045191000;2.0;2.0
1370045192000;0.0;2.0
1370045193000;1.0;2.0
1370045194000;0.0;0.0
1370045195000;0.0;3.0
1370045196000;2.0;1.0
1370045197000;1.0;1.0
1370045198000;0.0;0.0
1370045199000;0.0;1.0
1370045200000;1.0;2.0
1370045201000;3.0;1.0
1370045202000;1.0;0.0
1370045203000;2.0;3.0
1370045204000;0.0;2.0
1370045205000;2.0;1.0
1370045206000;1.0;0.0
1370045207000;1.0;0.0
1370045208000;2.0;1.0
1370045209000;0.0;0.0
1370045210000;1.0;0.0
1370045211000;0.0;0.0
1370045212000;0.0;0.0
1370045213000;0.0;2.0
1370045214000;2.0;0.0
1370045215000;3.0;0.0
1370045216000;1.0;1.0
1370045217000;0.0;3.0
1370045218000;1.0;1.0
1370045219000;0.0;4.0
1370045220000;3.0;1.0
1370045221000;2.0;2.0
1370045222000;1.0;1.0
1370045223000;4.0;0.0
1370045224000;0.0;1.0
1370045225000;0.0;2.0
1370045226000;1.0;3.0
1370045227000;0.0;1.0
1370045228000;2.0;1.0
1370045229000;0.0;0.0
1370045230000;2.0;3.0
1370045231000;2.0;0.0
1370045232000;1.0;1.0
1370045233000;0.0;0.0
1370045234000;3.0;1.0
1370045235000;3.0;1.0
1370045236000;1.0;4.0
1370045237000;4.0;2.0
1370045238000;1.0;1.0
1370045239000;2.0;2.0
1370045240000;0.0;2.0
1370045241000;4.0;3.0
1370045242000;4.0;2.0
1370045243000;3.0;3.0
1370045244000;0.0;1.0
1370045245000;1.0;0.0
1370045246000;2.0;0.0
1370045247000;0.0;0.0
1370045248000;0.0;1.0
1370045249000;1.0;1.0
1370045250000;2.0;0.0
1370045251000;2.0;4.0
1370045252000;2.0;3.0
1370045253000;1.0;0.0
1370045254000;1.0;3.0
1370045255000;2.0;1.0
1370045256000;1.0;2.0
1370045257000;3.0;0.0
1370045258000;1.0;2.0
1370045259000;1.0;1.0
1370045260000;1.0;1.0
1370045261000;2.0;3.0
1370045262000;3.0;1.0
1370045263000;3.0;3.0
1370045264000;1.0;0.0
1370045265000;1.0;0.0
1370045266000;0.0;1.0
1370045267000;3.0;0.0
1370045268000;1.0;2.0
1370045269000;2.0;0.0
1370045270000;2.0;0.0
1370045271000;3.0;1.0
1370045272000;0.0;1.0
1370045273000;3.0;5.0
1370045274000;0.0;1.0
1370045275000;3.0;2.0
1370045276000;3.0;1.0
1370045277000;1.0;3.0
1370045278000;2.0;3.0
1370045279000;1.0;1.0
1370045280000;5.0;3.0
1370045281000;2.0;2.0
1370045282000;2.0;0.0
1370045283000;1.0;2.0
1370045284000;1.0;1.0
1370045285000;2.0;3.0
1370045286000;0.0;1.0
1370045287000;1.0;2.0
1370045288000;1.0;2.0
1370045289000;2.0;1.0
1370045290000;0.0;1.0
1370045291000;1.0;1.0
1370045292000;0.0;0.0
1370045293000;1.0;2.0
1370045294000;1.0;0.0
1370045295000;1.0;1.0
1370045296000;2.0;1.0
1370045297000;0.0;2.0
1370045298000;2.0;2.0
1370045299000;0.0;1.0
1370045300000;0.0;3.0
1370045301000;4.0;0.0
1370045302000;0.0;2.0
1370045303000;1.0;1.0
1370045304000;1.0;1.0
1370045305000;0.0;1.0
1370045306000;1.0;2.0
1370045307000;4.0;2.0
1370045308000;1.0;2.0
1370045309000;0.0;1.0
1370045310000;1.0;2.0
1370045311000;2.0;1.0
1370045312000;2.0;1.0
1370045313000;0.0;0.0
1370045314000;0.0;1.0
1370045315000;0.0;4.0
1370045316000;1.0;1.0
1370045317000;1.0;1.0
1370045318000;5.0;0.0
1370045319000;0.0;0.0
1370045320000;2.0;0.0
1370045321000;0.0;0.0
1370045322000;0.0;1.0
1370045323000;2.0;0.0
1370045324000;1.0;2.0
1370045325000;1.0;3.0
1370045326000;2.0;0.0
1370045327000;4.0;2.0
1370045328000;1.0;1.0
1370045329000;0.0;2.0
1370045330000;2.0;0.0
1370045331000;2.0;2.0
1370045332000;1.0;3.0
1370045333000;3.0;1.0
1370045334000;4.0;0.0
1370045335000;1.0;3.0
1370045336000;2.0;4.0
1370045337000;0.0;3.0
1370045338000;0.0;3.0
1370045339000;0.0;2.0
1370045340000;1.0;1.0
1370045341000;2.0;2.0
1370045342000;2.0;0.0
1370045343000;1.0;0.0
1370045344000;1.0;1.0
1370045345000;1.0;2.0
1370045346000;3.0;0.0
1370045347000;1.0;1.0
1370045348000;1.0;0.0
1370045349000;0.0;1.0
1370045350000;2.0;1.0
1370045351000;3.0;1.0
1370045352000;1.0;0.0
1370045353000;1.0;2.0
1370045354000;2.0;0.0
1370045355000;1.0;2.0
1370045356000;2.0;2.0
1370045357000;0.0;2.0
1370045358000;1.0;0.0
1370045359000;4.0;2.0
1370045360000;2.0;0.0
1370045361000;3.0;3.0
1370045362000;1.0;0.0
1370045363000;1.0;0.0
1370045364000;3.0;1.0
1370045365000;1.0;1.0
1370045366000;2.0;3.0
1370045367000;2.0;2.0
1370045368000;2.0;1.0
1370045369000;2.0;2.0
1370045370000;0.0;3.0
1370045371000;4.0;1.0
1370045372000;0.0;0.0
1370045373000;0.0;1.0
1370045374000;0.0;3.0
1370045375000;1.0;1.0
1370045376000;1.0;1.0
1370045377000;0.0;3.0
1370045378000;1.0;2.0
1370045379000;4.0;3.0
1370045380000;1.0;3.0
1370045381000;3.0;1.0
1370045382000;1.0;2.0
1370045383000;0.0;2.0
1370045384000;0.0;1.0
1370045385000;1.0;1.0
1370045386000;1.0;1.0
1370045387000;0.0;4.0
1370045388000;2.0;0.0
1370045389000;2.0;5.0
1370045390000;2.0;1.0
1370045391000;0.0;2.0
1370045392000;0.0;1.0
1370045393000;2.0;0.0
1370045394000;0.0;2.0
1370045395000;2.0;0.0
1370045396000;1.0;0.0
1370045397000;1.0;0.0
1370045398000;2.0;1.0
1370045399000;1.0;2.0
1370045400000;1.0;3.0
1370045401000;1.0;1.0
1370045402000;0.0;3.0
1370045403000;2.0;5.0
1370045404000;0.0;1.0
1370045405000;2.0;2.0
1370045406000;1.0;1.0
1370045407000;2.0;0.0
1370045408000;0.0;1.0
1370045409000;1.0;0.0
1370045410000;0.0;1.0
1370045411000;4.0;1.0
1370045412000;2.0;1.0
1370045413000;0.0;3.0
1370045414000;1.0;0.0
1370045415000;0.0;1.0
1370045416000;0.0;2.0
1370045417000;1.0;1.0
1370045418000;1.0;1.0
1370045419000;1.0;0.0
1370045420000;0.0;3.0
1370045421000;2.0;0.0
1370045422000;2.0;0.0
1370045423000;1.0;2.0
1370045424000;1.0;0.0
1370045425000;1.0;1.0
1370045426000;1.0;1.0
1370045427000;2.0;3.0
1370045428000;3.0;1.0
1370045429000;0.0;0.0
1370045430000;1.0;1.0
1370045431000;2.0;0.0
1370045432000;4.0;1.0
1370045433000;1.0;3.0
1370045434000;4.0;0.0
1370045435000;2.0;1.0
1370045436000;1.0;1.0
1370045437000;1.0;1.0
1370045438000;2.0;4.0
1370045439000;2.0;0.0
1370045440000;1.0;1.0
1370045441000;3.0;4.0
1370045442000;1.0;3.0
1370045443000;1.0;0.0
1370045444000;1.0;3.0
1370045445000;1.0;2.0
1370045446000;0.0;0.0
1370045447000;0.0;1.0
1370045448000;2.0;1.0
1370045449000;0.0;3.0
1370045450000;1.0;0.0
1370045451000;3.0;0.0
1370045452000;0.0;1.0
1370045453000;1.0;1.0
1370045454000;0.0;1.0
1370045455000;1.0;0.0
1370045456000;2.0;2.0
1370045457000;4.0;0.0
1370045458000;2.0;1.0
1370045459000;1.0;3.0
1370045460000;0.0;0.0
1370045461000;0.0;4.0
1370045462000;1.0;0.0
1370045463000;0.0;1.0
1370045464000;0.0;2.0
1370045465000;2.0;1.0
1370045466000;0.0;3.0
1370045467000;1.0;2.0
1370045468000;0.0;1.0
1370045469000;0.0;0.0
1370045470000;1.0;1.0
1370045471000;1.0;3.0
1370045472000;1.0;0.0
1370045473000;2.0;0.0
1370045474000;1.0;1.0
1370045475000;1.0;0.0
1370045476000;0.0;1.0
1370045477000;3.0;2.0
1370045478000;1.0;0.0
1370045479000;2.0;3.0
1370045480000;0.0;2.0
1370045481000;3.0;2.0
1370045482000;1.0;1.0
1370045483000;1.0;3.0
1370045484000;2.0;1.0
1370045485000;2.0;2.0
1370045486000;3.0;0.0
1370045487000;1.0;3.0
1370045488000;3.0;1.0
1370045489000;3.0;4.0
1370045490000;1.0;0.0
1370045491000;1.0;1.0
1370045492000;2.0;0.0
1370045493000;0.0;1.0
1370045494000;3.0;0.0
1370045495000;1.0;0.0
1370045496000;2.0;0.0
1370045497000;0.0;2.0
1370045498000;2.0;1.0
1370045499000;1.0;2.0
1370045500000;1.0;1.0
1370045501000;2.0;1.0
1370045502000;1.0;1.0
1370045503000;3.0;0.0
1370045504000;0.0;2.0
1370045505000;2.0;4.0
1370045506000;0.0;1.0
1370045507000;2.0;3.0
1370045508000;2.0;1.0
1370045509000;4.0;0.0
1370045510000;1.0;4.0
1370045511000;1.0;0.0
1370045512000;0.0;1.0
1370045513000;2.0;0.0
1370045514000;1.0;1.0
1370045515000;1.0;0.0
1370045516000;0.0;1.0
1370045517000;4.0;1.0
1370045518000;1.0;2.0
1370045519000;1.0;0.0
1370045520000;1.0;1.0
1370045521000;1.0;5.0
1370045522000;3.0;0.0
1370045523000;3.0;0.0
1370045524000;1.0;2.0
1370045525000;2.0;0.0
1370045526000;0.0;1.0
1370045527000;1.0;1.0
1370045528000;1.0;1.0
1370045529000;0.0;2.0
1370045530000;1.0;2.0
1370045531000;1.0;1.0
1370045532000;2.0;2.0
1370045533000;2.0;0.0
1370045534000;1.0;4.0
1370045535000;0.0;0.0
1370045536000;1.0;1.0
1370045537000;0.0;0.0
1370045538000;1.0;2.0
1370045539000;0.0;1.0
1370045540000;2.0;1.0
1370045541000;2.0;2.0
1370045542000;2.0;1.0
1370045543000;0.0;1.0
1370045544000;1.0;0.0
1370045545000;2.0;0.0
1370045546000;1.0;1.0
1370045547000;1.0;0.0
1370045548000;1.0;0.0
1370045549000;1.0;0.0
1370045550000;2.0;2.0
1370045551000;1.0;3.0
1370045552000;2.0;0.0
1370045553000;1.0;0.0
1370045554000;2.0;1.0
1370045555000;2.0;1.0
1370045556000;1.0;1.0
1370045557000;0.0;2.0
1370045558000;1.0;2.0
1370045559000;1.0;1.0
1370045560000;2.0;1.0
1370045561000;2.0;0.0
1370045562000;0.0;3.0
1370045563000;1.0;0.0
1370045564000;3.0;1.0
1370045565000;3.0;1.0
1370045566000;2.0;2.0
1370045567000;0.0;0.0
1370045568000;1.0;0.0
1370045569000;2.0;3.0
1370045570000;2.0;3.0
1370045571000;1.0;0.0
1370045572000;0.0;0.0
1370045573000;1.0;0.0
1370045574000;0.0;1.0
1370045575000;1.0;3.0
1370045576000;1.0;0.0
1370045577000;0.0;1.0
1370045578000;1.0;1.0
1370045579000;1.0;2.0
1370045580000;2.0;2.0
1370045581000;0.0;1.0
1370045582000;3.0;1.0
1370045583000;3.0;1.0
1370045584000;1.0;1.0
1370045585000;2.0;1.0
1370045586000;0.0;1.0
1370045587000;0.0;1.0
1370045588000;2.0;0.0
1370045589000;0.0;0.0
1370045590000;0.0;0.0
1370045591000;3.0;2.0
1370045592000;2.0;0.0
1370045593000;1.0;0.0
1370045594000;0.0;2.0
1370045595000;1.0;3.0
1370045596000;2.0;0.0
1370045597000;3.0;1.0
1370045598000;1.0;5.0
1370045599000;2.0;0.0
1370045600000;1.0;5.0
1370045601000;1.0;2.0
1370045602000;3.0;1.0
1370045603000;2.0;2.0
1370045604000;1.0;2.0
1370045605000;1.0;0.0
1370045606000;1.0;3.0
1370045607000;0.0;1.0
1370045608000;1.0;1.0
1370045609000;1.0;0.0
1370045610000;0.0;2.0
1370045611000;2.0;1.0
1370045612000;2.0;3.0
1370045613000;2.0;0.0
1370045614000;2.0;1.0
1370045615000;4.0;2.0
1370045616000;1.0;0.0
1370045617000;0.0;4.0
1370045618000;0.0;1.0
1370045619000;0.0;3.0
1370045620000;2.0;1.0
1370045621000;0.0;1.0
1370045622000;1.0;1.0
1370045623000;1.0;0.0
1370045624000;0.0;1.0
1370045625000;2.0;1.0
1370045626000;1.0;0.0
1370045627000;2.0;3.0
1370045628000;1.0;1.0
1370045629000;1.0;2.0
1370045630000;3.0;0.0
1370045631000;1.0;2.0
1370045632000;0.0;3.0
1370045633000;1.0;2.0
1370045634000;4.0;2.0
1370045635000;0.0;3.0
1370045636000;0.0;0.0
1370045637000;2.0;0.0
1370045638000;0.0;3.0
1370045639000;1.0;1.0
1370045640000;0.0;1.0
1370045641000;4.0;1.0
1370045642000;0.0;0.0
1370045643000;1.0;3.0
1370045644000;2.0;0.0
1370045645000;2.0;0.0
1370045646000;0.0;2.0
1370045647000;4.0;2.0
1370045648000;3.0;2.0
1370045649000;4.0;3.0
1370045650000;1.0;2.0
1370045651000;0.0;2.0
1370045652000;3.0;1.0
1370045653000;1.0;0.0
1370045654000;0.0;1.0
1370045655000;0.0;2.0
1370045656000;3.0;0.0
1370045657000;1.0;2.0
1370045658000;2.0;4.0
1370045659000;0.0;3.0
1370045660000;0.0;2.0
1370045661000;0.0;0.0
1370045662000;4.0;0.0
1370045663000;4.0;0.0
1370045664000;0.0;2.0
1370045665000;1.0;0.0
1370045666000;4.0;1.0
1370045667000;5.0;3.0
1370045668000;1.0;0.0
1370045669000;4.0;0.0
1370045670000;1.0;1.0
1370045671000;0.0;2.0
1370045672000;2.0;2.0
1370045673000;3.0;2.0
1370045674000;1.0;3.0
1370045675000;1.0;2.0
1370045676000;3.0;2.0
1370045677000;4.0;3.0
1370045678000;1.0;0.0
1370045679000;1.0;3.0
1370045680000;2.0;1.0
1370045681000;0.0;1.0
1370045682000;1.0;3.0
1370045683000;0.0;1.0
1370045684000;0.0;4.0
1370045685000;2.0;0.0
1370045686000;3.0;0.0
1370045687000;1.0;0.0
1370045688000;2.0;1.0
1370045689000;2.0;0.0
1370045690000;1.0;1.0
1370045691000;1.0;0.0
1370045692000;0.0;1.0
1370045693000;1.0;0.0
1370045694000;2.0;2.0
1370045695000;1.0;0.0
1370045696000;2.0;0.0
1370045697000;1.0;4.0
1370045698000;0.0;0.0
1370045699000;1.0;2.0
1370045700000;1.0;3.0
1370045701000;1.0;2.0
1370045702000;1.0;2.0
1370045703000;1.0;2.0
1370045704000;1.0;2.0
1370045705000;1.0;2.0
1370045706000;2.0;2.0
1370045707000;1.0;1.0
1370045708000;1.0;1.0
1370045709000;0.0;1.0
1370045710000;0.0;1.0
1370045711000;1.0;1.0
1370045712000;2.0;0.0
1370045713000;2.0;1.0
1370045714000;1.0;3.0
1370045715000;3.0;1.0
1370045716000;4.0;3.0
1370045717000;0.0;0.0
1370045718000;1.0;6.0
1370045719000;0.0;2.0
1370045720000;2.0;1.0
1370045721000;2.0;0.0
1370045722000;3.0;1.0
1370045723000;1.0;1.0
1370045724000;3.0;0.0
1370045725000;1.0;1.0
1370045726000;0.0;4.0
1370045727000;1.0;0.0
1370045728000;1.0;1.0
1370045729000;3.0;0.0
1370045730000;0.0;2.0
1370045731000;0.0;5.0
1370045732000;1.0;2.0
1370045733000;1.0;1.0
1370045734000;2.0;2.0
1370045735000;3.0;5.0
1370045736000;2.0;1.0
1370045737000;1.0;0.0
1370045738000;0.0;0.0
1370045739000;1.0;2.0
1370045740000;3.0;2.0
1370045741000;5.0;0.0
1370045742000;0.0;1.0
1370045743000;1.0;1.0
1370045744000;2.0;0.0
1370045745000;2.0;2.0
1370045746000;2.0;1.0
1370045747000;0.0;0.0
1370045748000;2.0;0.0
1370045749000;1.0;0.0
1370045750000;1.0;0.0
1370045751000;1.0;2.0
1370045752000;1.0;0.0
1370045753000;1.0;2.0
1370045754000;2.0;1.0
1370045755000;3.0;0.0
1370045756000;0.0;2.0
1370045757000;0.0;2.0
1370045758000;2.0;1.0
1370045759000;1.0;2.0
1370045760000;1.0;4.0
1370045761000;2.0;1.0
1370045762000;2.0;2.0
1370045763000;1.0;1.0
1370045764000;1.0;0.0
1370045765000;0.0;2.0
1370045766000;2.0;2.0
1370045767000;3.0;0.0
1370045768000;1.0;0.0
1370045769000;4.0;0.0
1370045770000;0.0;0.0
1370045771000;1.0;3.0
1370045772000;3.0;1.0
1370045773000;1.0;1.0
1370045774000;3.0;0.0
1370045775000;2.0;1.0
1370045776000;1.0;0.0
1370045777000;2.0;1.0
1370045778000;2.0;2.0
1370045779000;0.0;0.0
1370045780000;0.0;2.0
1370045781000;1.0;2.0
1370045782000;0.0;1.0
1370045783000;1.0;3.0
1370045784000;1.0;0.0
1370045785000;1.0;2.0
1370045786000;0.0;2.0
1370045787000;2.0;2.0
1370045788000;0.0;1.0
1370045789000;1.0;1.0
1370045790000;3.0;1.0
1370045791000;1.0;1.0
1370045792000;0.0;1.0
1370045793000;1.0;2.0
1370045794000;1.0;2.0
1370045795000;0.0;1.0
1370045796000;2.0;2.0
1370045797000;0.0;2.0
1370045798000;1.0;1.0
1370045799000;2.0;1.0
1370045800000;0.0;1.0
1370045801000;0.0;1.0
1370045802000;3.0;1.0
1370045803000;1.0;0.0
1370045804000;0.0;1.0
1370045805000;1.0;0.0
1370045806000;1.0;2.0
1370045807000;1.0;2.0
1370045808000;1.0;2.0
1370045809000;0.0;0.0
1370045810000;1.0;0.0
1370045811000;2.0;3.0
1370045812000;1.0;0.0
1370045813000;4.0;0.0
1370045814000;0.0;1.0
1370045815000;2.0;2.0
1370045816000;2.0;0.0
1370045817000;1.0;1.0
1370045818000;1.0;1.0
1370045819000;0.0;1.0
1370045820000;2.0;2.0
1370045821000;1.0;3.0
1370045822000;1.0;3.0
1370045823000;1.0;2.0
1370045824000;0.0;1.0
1370045825000;1.0;1.0
1370045826000;2.0;0.0
1370045827000;1.0;0.0
1370045828000;1.0;1.0
1370045829000;2.0;2.0
1370045830000;2.0;2.0
1370045831000;3.0;1.0
1370045832000;3.0;3.0
1370045833000;2.0;3.0
1370045834000;0.0;0.0
1370045835000;2.0;2.0
1370045836000;2.0;2.0
1370045837000;0.0;1.0
1370045838000;1.0;2.0
1370045839000;2.0;1.0
1370045840000;1.0;3.0
1370045841000;1.0;1.0
1370045842000;1.0;2.0
1370045843000;0.0;0.0
1370045844000;0.0;1.0
1370045845000;3.0;1.0
1370045846000;1.0;1.0
1370045847000;1.0;1.0
1370045848000;2.0;2.0
1370045849000;2.0;0.0
1370045850000;2.0;0.0
1370045851000;3.0;1.0
1370045852000;1.0;0.0
1370045853000;1.0;1.0
1370045854000;2.0;2.0
1370045855000;4.0;1.0
1370045856000;1.0;0.0
1370045857000;2.0;0.0
1370045858000;0.0;1.0
1370045859000;2.0;4.0
1370045860000;2.0;0.0
1370045861000;3.0;1.0
1370045862000;1.0;1.0
1370045863000;1.0;3.0
1370045864000;1.0;0.0
1370045865000;1.0;3.0
1370045866000;2.0;1.0
1370045867000;1.0;2.0
1370045868000;1.0;0.0
1370045869000;6.0;0.0
1370045870000;1.0;0.0
1370045871000;1.0;3.0
1370045872000;1.0;2.0
1370045873000;2.0;2.0
1370045874000;0.0;4.0
1370045875000;1.0;2.0
1370045876000;2.0;4.0
1370045877000;1.0;0.0
1370045878000;1.0;2.0
1370045879000;1.0;1.0
1370045880000;2.0;0.0
1370045881000;2.0;3.0
1370045882000;2.0;1.0
1370045883000;0.0;0.0
1370045884000;1.0;0.0
1370045885000;1.0;2.0
1370045886000;1.0;0.0
1370045887000;1.0;0.0
1370045888000;0.0;3.0
1370045889000;0.0;3.0
1370045890000;3.0;1.0
1370045891000;2.0;1.0
1370045892000;0.0;2.0
1370045893000;1.0;2.0
1370045894000;2.0;2.0
1370045895000;0.0;2.0
1370045896000;4.0;1.0
1370045897000;1.0;3.0
1370045898000;2.0;1.0
1370045899000;2.0;2.0
1370045900000;0.0;2.0
1370045901000;1.0;0.0
1370045902000;1.0;1.0
1370045903000;2.0;4.0
1370045904000;2.0;3.0
1370045905000;0.0;3.0
1370045906000;1.0;2.0
1370045907000;4.0;1.0
1370045908000;0.0;2.0
1370045909000;0.0;3.0
1370045910000;4.0;1.0
1370045911000;2.0;3.0
1370045912000;1.0;3.0
1370045913000;3.0;0.0
1370045914000;0.0;2.0
1370045915000;3.0;0.0
1370045916000;4.0;1.0
1370045917000;1.0;1.0
1370045918000;1.0;3.0
1370045919000;0.0;2.0
1370045920000;1.0;1.0
1370045921000;1.0;0.0
1370045922000;0.0;2.0
1370045923000;2.0;0.0
1370045924000;1.0;0.0
1370045925000;0.0;1.0
1370045926000;2.0;0.0
1370045927000;2.0;0.0
1370045928000;1.0;3.0
1370045929000;1.0;0.0
1370045930000;1.0;4.0
1370045931000;3.0;1.0
1370045932000;2.0;0.0
1370045933000;1.0;2.0
1370045934000;1.0;2.0
1370045935000;2.0;1.0
1370045936000;1.0;1.0
1370045937000;0.0;1.0
1370045938000;2.0;0.0
1370045939000;2.0;1.0
1370045940000;1.0;2.0
1370045941000;2.0;0.0
1370045942000;2.0;0.0
1370045943000;1.0;3.0
1370045944000;1.0;1.0
1370045945000;0.0;1.0
1370045946000;1.0;3.0
1370045947000;1.0;1.0
1370045948000;2.0;1.0
1370045949000;1.0;1.0
1370045950000;4.0;2.0
1370045951000;2.0;0.0
1370045952000;0.0;0.0
1370045953000;0.0;2.0
1370045954000;1.0;1.0
1370045955000;1.0;0.0
1370045956000;3.0;3.0
1370045957000;2.0;1.0
1370045958000;4.0;3.0
1370045959000;0.0;0.0
1370045960000;2.0;0.0
1370045961000;2.0;1.0
1370045962000;2.0;1.0
1370045963000;2.0;0.0
1370045964000;5.0;1.0
1370045965000;1.0;2.0
1370045966000;1.0;0.0
1370045967000;2.0;1.0
1370045968000;2.0;2.0
1370045969000;0.0;1.0
1370045970000;5.0;0.0
1370045971000;3.0;1.0
1370045972000;1.0;1.0
1370045973000;2.0;2.0
1370045974000;0.0;1.0
1370045975000;1.0;1.0
1370045976000;1.0;0.0
1370045977000;1.0;4.0
1370045978000;3.0;2.0
1370045979000;1.0;0.0
1370045980000;0.0;3.0
1370045981000;2.0;5.0
1370045982000;3.0;2.0
1370045983000;2.0;0.0
1370045984000;1.0;1.0
1370045985000;2.0;1.0
1370045986000;2.0;0.0
1370045987000;0.0;2.0
1370045988000;2.0;2.0
1370045989000;1.0;2.0
1370045990000;1.0;1.0
1370045991000;2.0;2.0
1370045992000;1.0;3.0
1370045993000;0.0;0.0
1370045994000;0.0;2.0
1370045995000;0.0;1.0
1370045996000;0.0;2.0
1370045997000;1.0;2.0
1370045998000;1.0;1.0
1370045999000;2.0;1.0
1370046000000;2.0;1.0
1370046001000;2.0;1.0
1370046002000;4.0;3.0
1370046003000;1.0;0.0
1370046004000;1.0;0.0
1370046005000;0.0;3.0
1370046006000;1.0;0.0
1370046007000;2.0;3.0
1370046008000;2.0;1.0
1370046009000;0.0;1.0
1370046010000;2.0;0.0
1370046011000;0.0;2.0
1370046012000;1.0;2.0
1370046013000;3.0;3.0
1370046014000;2.0;2.0
1370046015000;2.0;1.0
1370046016000;1.0;4.0
1370046017000;1.0;0.0
1370046018000;0.0;1.0
1370046019000;1.0;1.0
1370046020000;1.0;1.0
1370046021000;0.0;0.0
1370046022000;0.0;0.0
1370046023000;0.0;0.0
1370046024000;0.0;3.0
1370046025000;2.0;0.0
1370046026000;0.0;0.0
1370046027000;7.0;3.0
1370046028000;1.0;3.0
1370046029000;1.0;1.0
1370046030000;1.0;1.0
1370046031000;0.0;1.0
1370046032000;1.0;2.0
1370046033000;1.0;0.0
1370046034000;3.0;1.0
1370046035000;2.0;1.0
1370046036000;2.0;0.0
1370046037000;1.0;1.0
1370046038000;1.0;1.0
1370046039000;0.0;1.0
1370046040000;3.0;2.0
1370046041000;3.0;0.0
1370046042000;2.0;1.0
1370046043000;2.0;1.0
1370046044000;2.0;1.0
1370046045000;0.0;4.0
1370046046000;2.0;0.0
1370046047000;1.0;0.0
1370046048000;1.0;2.0
1370046049000;0.0;2.0
1370046050000;2.0;2.0
1370046051000;2.0;1.0
1370046052000;2.0;1.0
1370046053000;0.0;2.0
1370046054000;0.0;0.0
1370046055000;2.0;1.0
1370046056000;0.0;3.0
1370046057000;1.0;2.0
1370046058000;3.0;1.0
1370046059000;0.0;1.0
1370046060000;0.0;1.0
1370046061000;1.0;1.0
1370046062000;0.0;1.0
1370046063000;3.0;1.0
1370046064000;4.0;2.0
1370046065000;3.0;1.0
1370046066000;1.0;1.0
1370046067000;3.0;2.0
1370046068000;0.0;0.0
1370046069000;1.0;2.0
1370046070000;3.0;0.0
1370046071000;2.0;0.0
1370046072000;0.0;0.0
1370046073000;3.0;1.0
1370046074000;1.0;2.0
1370046075000;1.0;1.0
1370046076000;1.0;2.0
1370046077000;0.0;3.0
1370046078000;0.0;1.0
1370046079000;3.0;2.0
1370046080000;3.0;1.0
1370046081000;1.0;2.0
1370046082000;1.0;2.0
1370046083000;1.0;1.0
1370046084000;3.0;0.0
1370046085000;1.0;5.0
1370046086000;2.0;0.0
1370046087000;3.0;3.0
1370046088000;1.0;2.0
1370046089000;2.0;1.0
1370046090000;4.0;2.0
1370046091000;2.0;1.0
1370046092000;1.0;2.0
1370046093000;1.0;1.0
1370046094000;1.0;0.0
1370046095000;1.0;1.0
1370046096000;2.0;3.0
1370046097000;3.0;4.0
1370046098000;1.0;0.0
1370046099000;2.0;4.0
1370046100000;2.0;0.0
1370046101000;1.0;5.0
1370046102000;1.0;1.0
1370046103000;1.0;1.0
1370046104000;2.0;2.0
1370046105000;0.0;1.0
1370046106000;1.0;0.0
1370046107000;2.0;3.0
1370046108000;1.0;0.0
1370046109000;0.0;4.0
1370046110000;2.0;0.0
1370046111000;1.0;1.0
1370046112000;0.0;0.0
1370046113000;0.0;2.0
1370046114000;2.0;0.0
1370046115000;2.0;1.0
1370046116000;1.0;3.0
1370046117000;1.0;2.0
1370046118000;1.0;1.0
1370046119000;0.0;4.0
1370046120000;0.0;0.0
1370046121000;1.0;0.0
1370046122000;2.0;2.0
1370046123000;0.0;0.0
1370046124000;0.0;1.0
1370046125000;0.0;3.0
1370046126000;0.0;0.0
1370046127000;1.0;0.0
1370046128000;2.0;2.0
1370046129000;2.0;2.0
1370046130000;1.0;2.0
1370046131000;1.0;0.0
1370046132000;1.0;0.0
1370046133000;0.0;0.0
1370046134000;2.0;0.0
1370046135000;1.0;0.0
1370046136000;1.0;3.0
1370046137000;1.0;2.0
1370046138000;1.0;1.0
1370046139000;3.0;2.0
1370046140000;2.0;2.0
1370046141000;1.0;3.0
1370046142000;1.0;2.0
1370046143000;0.0;3.0
1370046144000;0.0;2.0
1370046145000;5.0;1.0
1370046146000;0.0;0.0
1370046147000;0.0;2.0
1370046148000;3.0;1.0
1370046149000;3.0;1.0
1370046150000;1.0;1.0
1370046151000;2.0;1.0
1370046152000;3.0;0.0
1370046153000;1.0;0.0
1370046154000;3.0;2.0
1370046155000;2.0;1.0
1370046156000;2.0;2.0
1370046157000;1.0;0.0
1370046158000;1.0;3.0
1370046159000;2.0;1.0
1370046160000;2.0;3.0
1370046161000;0.0;0.0
1370046162000;1.0;5.0
1370046163000;0.0;2.0
1370046164000;1.0;2.0
1370046165000;2.0;2.0
1370046166000;1.0;2.0
1370046167000;2.0;1.0
1370046168000;5.0;0.0
1370046169000;1.0;2.0
1370046170000;1.0;1.0
1370046171000;0.0;1.0
1370046172000;1.0;1.0
1370046173000;1.0;0.0
1370046174000;2.0;1.0
1370046175000;3.0;0.0
1370046176000;0.0;2.0
1370046177000;1.0;0.0
1370046178000;1.0;3.0
1370046179000;1.0;1.0
1370046180000;0.0;2.0
1370046181000;2.0;0.0
1370046182000;1.0;2.0
1370046183000;0.0;0.0
1370046184000;1.0;2.0
1370046185000;0.0;2.0
1370046186000;2.0;0.0
1370046187000;0.0;4.0
1370046188000;0.0;1.0
1370046189000;1.0;0.0
1370046190000;0.0;1.0
1370046191000;2.0;0.0
1370046192000;3.0;3.0
1370046193000;1.0;2.0
1370046194000;1.0;2.0
1370046195000;1.0;1.0
1370046196000;3.0;1.0
1370046197000;2.0;5.0
1370046198000;1.0;1.0
1370046199000;3.0;1.0
1370046200000;0.0;1.0
1370046201000;0.0;5.0
1370046202000;1.0;0.0
1370046203000;2.0;1.0
1370046204000;2.0;1.0
1370046205000;2.0;1.0
1370046206000;0.0;1.0
1370046207000;1.0;0.0
1370046208000;2.0;4.0
1370046209000;0.0;0.0
1370046210000;1.0;0.0
1370046211000;2.0;0.0
1370046212000;0.0;1.0
1370046213000;1.0;2.0
1370046214000;2.0;0.0
1370046215000;0.0;1.0
1370046216000;0.0;3.0
1370046217000;2.0;2.0
1370046218000;2.0;0.0
1370046219000;0.0;0.0
1370046220000;4.0;3.0
1370046221000;0.0;1.0
1370046222000;0.0;3.0
1370046223000;3.0;3.0
1370046224000;0.0;0.0
1370046225000;0.0;2.0
1370046226000;2.0;2.0
1370046227000;2.0;2.0
1370046228000;0.0;4.0
1370046229000;1.0;2.0
1370046230000;2.0;1.0
1370046231000;2.0;1.0
1370046232000;2.0;1.0
1370046233000;0.0;0.0
1370046234000;1.0;0.0
1370046235000;1.0;0.0
1370046236000;1.0;0.0
1370046237000;2.0;0.0
1370046238000;2.0;1.0
1370046239000;2.0;2.0
1370046240000;1.0;0.0
1370046241000;2.0;2.0
1370046242000;1.0;1.0
1370046243000;3.0;4.0
1370046244000;4.0;0.0
1370046245000;1.0;0.0
1370046246000;0.0;0.0
1370046247000;0.0;1.0
1370046248000;3.0;0.0
1370046249000;1.0;0.0
1370046250000;2.0;1.0
1370046251000;1.0;2.0
1370046252000;1.0;2.0
1370046253000;0.0;1.0
1370046254000;1.0;0.0
1370046255000;2.0;0.0
1370046256000;2.0;0.0
1370046257000;2.0;1.0
1370046258000;1.0;2.0
1370046259000;1.0;2.0
1370046260000;1.0;2.0
1370046261000;1.0;1.0
1370046262000;0.0;1.0
1370046263000;0.0;1.0
1370046264000;0.0;1.0
1370046265000;0.0;2.0
1370046266000;4.0;0.0
1370046267000;0.0;2.0
1370046268000;1.0;0.0
1370046269000;3.0;3.0
1370046270000;3.0;3.0
1370046271000;1.0;2.0
1370046272000;1.0;2.0
1370046273000;1.0;1.0
1370046274000;1.0;0.0
1370046275000;3.0;0.0
1370046276000;1.0;2.0
1370046277000;1.0;0.0
1370046278000;1.0;0.0
1370046279000;2.0;0.0
1370046280000;3.0;0.0
1370046281000;0.0;0.0
1370046282000;2.0;0.0
1370046283000;1.0;2.0
1370046284000;1.0;1.0
1370046285000;0.0;0.0
1370046286000;0.0;3.0
1370046287000;0.0;1.0
1370046288000;1.0;1.0
1370046289000;2.0;2.0
1370046290000;2.0;1.0
1370046291000;0.0;1.0
1370046292000;3.0;3.0
1370046293000;4.0;0.0
1370046294000;4.0;0.0
1370046295000;0.0;2.0
1370046296000;0.0;2.0
1370046297000;2.0;1.0
1370046298000;2.0;1.0
1370046299000;1.0;2.0
1370046300000;1.0;3.0
1370046301000;2.0;1.0
1370046302000;2.0;1.0
1370046303000;4.0;2.0
1370046304000;2.0;0.0
1370046305000;4.0;2.0
1370046306000;1.0;4.0
1370046307000;0.0;0.0
1370046308000;0.0;1.0
1370046309000;4.0;2.0
1370046310000;1.0;1.0
1370046311000;1.0;1.0
1370046312000;0.0;2.0
1370046313000;0.0;1.0
1370046314000;1.0;0.0
1370046315000;1.0;0.0
1370046316000;1.0;2.0
1370046317000;0.0;3.0
1370046318000;2.0;1.0
1370046319000;0.0;1.0
1370046320000;0.0;2.0
1370046321000;0.0;3.0
1370046322000;3.0;1.0
1370046323000;2.0;3.0
1370046324000;2.0;1.0
1370046325000;1.0;1.0
1370046326000;1.0;1.0
1370046327000;2.0;2.0
1370046328000;1.0;3.0
1370046329000;0.0;1.0
1370046330000;0.0;1.0
1370046331000;0.0;1.0
1370046332000;1.0;0.0
1370046333000;2.0;2.0
1370046334000;0.0;1.0
1370046335000;2.0;1.0
1370046336000;1.0;3.0
1370046337000;0.0;4.0
1370046338000;0.0;1.0
1370046339000;0.0;1.0
1370046340000;1.0;0.0
1370046341000;0.0;0.0
1370046342000;1.0;3.0
1370046343000;3.0;1.0
1370046344000;3.0;0.0
1370046345000;0.0;1.0
1370046346000;1.0;2.0
1370046347000;0.0;0.0
1370046348000;1.0;1.0
1370046349000;1.0;1.0
1370046350000;0.0;3.0
1370046351000;1.0;1.0
1370046352000;2.0;0.0
1370046353000;1.0;0.0
1370046354000;1.0;2.0
1370046355000;1.0;3.0
1370046356000;0.0;1.0
1370046357000;0.0;2.0
1370046358000;2.0;1.0
1370046359000;2.0;1.0
1370046360000;0.0;1.0
1370046361000;2.0;1.0
1370046362000;0.0;2.0
1370046363000;2.0;4.0
1370046364000;0.0;0.0
1370046365000;3.0;1.0
1370046366000;1.0;4.0
1370046367000;1.0;1.0
1370046368000;3.0;1.0
1370046369000;1.0;2.0
1370046370000;2.0;1.0
1370046371000;1.0;1.0
1370046372000;1.0;2.0
1370046373000;3.0;2.0
1370046374000;2.0;0.0
1370046375000;3.0;1.0
1370046376000;1.0;0.0
1370046377000;3.0;2.0
1370046378000;1.0;1.0
1370046379000;3.0;1.0
1370046380000;1.0;0.0
1370046381000;1.0;3.0
1370046382000;1.0;0.0
1370046383000;0.0;4.0
1370046384000;1.0;1.0
1370046385000;2.0;1.0
1370046386000;2.0;1.0
1370046387000;3.0;1.0
1370046388000;2.0;1.0
1370046389000;0.0;0.0
1370046390000;2.0;0.0
1370046391000;3.0;2.0
1370046392000;1.0;0.0
1370046393000;1.0;0.0
1370046394000;0.0;1.0
1370046395000;3.0;3.0
1370046396000;2.0;1.0
1370046397000;0.0;2.0
1370046398000;3.0;0.0
1370046399000;2.0;0.0
1370046400000;1.0;0.0
1370046401000;2.0;2.0
1370046402000;2.0;1.0
1370046403000;3.0;1.0
1370046404000;1.0;2.0
1370046405000;0.0;1.0
1370046406000;3.0;1.0
1370046407000;1.0;1.0
1370046408000;0.0;1.0
1370046409000;0.0;1.0
1370046410000;2.0;2.0
1370046411000;2.0;0.0
1370046412000;1.0;0.0
1370046413000;2.0;1.0
1370046414000;1.0;3.0
1370046415000;3.0;2.0
1370046416000;2.0;1.0
1370046417000;3.0;0.0
1370046418000;0.0;3.0
1370046419000;0.0;0.0
1370046420000;0.0;3.0
1370046421000;0.0;1.0
1370046422000;1.0;0.0
1370046423000;1.0;1.0
1370046424000;3.0;1.0
1370046425000;2.0;0.0
1370046426000;0.0;3.0
1370046427000;1.0;2.0
1370046428000;4.0;3.0
1370046429000;0.0;2.0
1370046430000;2.0;0.0
1370046431000;2.0;1.0
1370046432000;3.0;5.0
1370046433000;1.0;0.0
1370046434000;0.0;2.0
1370046435000;2.0;1.0
1370046436000;1.0;1.0
1370046437000;4.0;1.0
1370046438000;2.0;1.0
1370046439000;1.0;1.0
1370046440000;1.0;0.0
1370046441000;2.0;2.0
1370046442000;2.0;1.0
1370046443000;0.0;2.0
1370046444000;0.0;5.0
1370046445000;1.0;1.0
1370046446000;0.0;1.0
1370046447000;1.0;4.0
1370046448000;3.0;1.0
1370046449000;0.0;3.0
1370046450000;0.0;2.0
1370046451000;2.0;1.0
1370046452000;1.0;0.0
1370046453000;0.0;1.0
1370046454000;2.0;2.0
1370046455000;0.0;2.0
1370046456000;1.0;3.0
1370046457000;1.0;1.0
1370046458000;1.0;2.0
1370046459000;1.0;1.0
1370046460000;3.0;2.0
1370046461000;0.0;2.0
1370046462000;1.0;1.0
1370046463000;0.0;0.0
1370046464000;2.0;5.0
1370046465000;2.0;1.0
1370046466000;0.0;0.0
1370046467000;3.0;0.0
1370046468000;1.0;2.0
1370046469000;4.0;1.0
1370046470000;1.0;3.0
1370046471000;2.0;0.0
1370046472000;4.0;1.0
1370046473000;2.0;1.0
1370046474000;1.0;0.0
1370046475000;1.0;1.0
1370046476000;1.0;0.0
1370046477000;2.0;1.0
1370046478000;3.0;3.0
1370046479000;2.0;1.0
1370046480000;0.0;4.0
1370046481000;0.0;3.0
1370046482000;2.0;1.0
1370046483000;2.0;1.0
1370046484000;2.0;1.0
1370046485000;3.0;0.0
1370046486000;1.0;2.0
1370046487000;1.0;1.0
1370046488000;0.0;3.0
1370046489000;1.0;3.0
1370046490000;1.0;2.0
1370046491000;4.0;6.0
1370046492000;0.0;3.0
1370046493000;2.0;1.0
1370046494000;1.0;4.0
1370046495000;1.0;2.0
1370046496000;2.0;1.0
1370046497000;0.0;1.0
1370046498000;0.0;3.0
1370046499000;1.0;4.0
1370046500000;0.0;2.0
1370046501000;0.0;0.0
1370046502000;2.0;2.0
1370046503000;1.0;2.0
1370046504000;1.0;3.0
1370046505000;0.0;2.0
1370046506000;0.0;5.0
1370046507000;2.0;2.0
1370046508000;0.0;1.0
1370046509000;0.0;1.0
1370046510000;0.0;1.0
1370046511000;0.0;1.0
1370046512000;1.0;2.0
1370046513000;3.0;3.0
1370046514000;2.0;2.0
1370046515000;2.0;3.0
1370046516000;2.0;2.0
1370046517000;1.0;0.0
1370046518000;2.0;1.0
1370046519000;1.0;0.0
1370046520000;0.0;0.0
1370046521000;0.0;2.0
1370046522000;2.0;2.0
1370046523000;2.0;1.0
1370046524000;0.0;1.0
1370046525000;2.0;0.0
1370046526000;0.0;2.0
1370046527000;0.0;1.0
1370046528000;0.0;0.0
1370046529000;0.0;0.0
1370046530000;1.0;2.0
1370046531000;2.0;0.0
1370046532000;1.0;1.0
1370046533000;2.0;2.0
1370046534000;1.0;1.0
1370046535000;0.0;1.0
1370046536000;1.0;0.0
1370046537000;0.0;1.0
1370046538000;3.0;3.0
1370046539000;0.0;0.0
1370046540000;1.0;0.0
1370046541000;1.0;3.0
1370046542000;1.0;0.0
1370046543000;4.0;1.0
1370046544000;0.0;2.0
1370046545000;1.0;2.0
1370046546000;3.0;2.0
1370046547000;0.0;0.0
1370046548000;0.0;3.0
1370046549000;3.0;0.0
1370046550000;0.0;1.0
1370046551000;3.0;2.0
1370046552000;1.0;1.0
1370046553000;1.0;3.0
1370046554000;1.0;3.0
1370046555000;3.0;2.0
1370046556000;3.0;1.0
1370046557000;0.0;2.0
1370046558000;1.0;1.0
1370046559000;1.0;0.0
1370046560000;1.0;3.0
1370046561000;1.0;1.0
1370046562000;1.0;1.0
1370046563000;3.0;1.0
1370046564000;1.0;2.0
1370046565000;2.0;1.0
1370046566000;4.0;1.0
1370046567000;4.0;0.0
1370046568000;2.0;0.0
1370046569000;1.0;1.0
1370046570000;1.0;0.0
1370046571000;2.0;1.0
1370046572000;0.0;0.0
1370046573000;0.0;1.0
1370046574000;0.0;3.0
1370046575000;1.0;1.0
1370046576000;2.0;0.0
1370046577000;5.0;0.0
1370046578000;2.0;1.0
1370046579000;0.0;3.0
1370046580000;2.0;1.0
1370046581000;1.0;2.0
1370046582000;2.0;1.0
1370046583000;1.0;2.0
1370046584000;1.0;2.0
1370046585000;2.0;1.0
1370046586000;0.0;0.0
1370046587000;0.0;1.0
1370046588000;4.0;3.0
1370046589000;1.0;1.0
1370046590000;2.0;4.0
1370046591000;1.0;3.0
1370046592000;0.0;0.0
1370046593000;2.0;1.0
1370046594000;1.0;0.0
1370046595000;4.0;1.0
1370046596000;1.0;0.0
1370046597000;1.0;1.0
1370046598000;1.0;0.0
1370046599000;1.0;0.0
1370046600000;1.0;0.0
1370046601000;0.0;0.0
1370046602000;2.0;1.0
1370046603000;1.0;2.0
1370046604000;1.0;0.0
1370046605000;2.0;1.0
1370046606000;1.0;3.0
1370046607000;1.0;3.0
1370046608000;0.0;1.0
1370046609000;0.0;3.0
1370046610000;2.0;0.0
1370046611000;2.0;3.0
1370046612000;2.0;1.0
1370046613000;0.0;2.0
1370046614000;3.0;1.0
1370046615000;0.0;1.0
1370046616000;0.0;1.0
1370046617000;1.0;2.0
1370046618000;2.0;2.0
1370046619000;1.0;0.0
1370046620000;0.0;0.0
1370046621000;0.0;2.0
1370046622000;0.0;0.0
1370046623000;1.0;2.0
1370046624000;0.0;3.0
1370046625000;2.0;1.0
1370046626000;2.0;1.0
1370046627000;2.0;0.0
1370046628000;2.0;1.0
1370046629000;1.0;2.0
1370046630000;3.0;0.0
1370046631000;2.0;3.0
1370046632000;1.0;1.0
1370046633000;2.0;1.0
1370046634000;1.0;1.0
1370046635000;2.0;1.0
1370046636000;1.0;3.0
1370046637000;0.0;2.0
1370046638000;3.0;2.0
1370046639000;3.0;1.0
1370046640000;1.0;0.0
1370046641000;2.0;0.0
1370046642000;4.0;0.0
1370046643000;1.0;0.0
1370046644000;0.0;1.0
1370046645000;0.0;1.0
1370046646000;1.0;0.0
1370046647000;1.0;0.0
1370046648000;2.0;1.0
1370046649000;4.0;2.0
1370046650000;1.0;1.0
1370046651000;1.0;2.0
1370046652000;0.0;4.0
1370046653000;3.0;2.0
1370046654000;2.0;1.0
1370046655000;3.0;3.0
1370046656000;1.0;2.0
1370046657000;2.0;2.0
1370046658000;1.0;1.0
1370046659000;1.0;1.0
1370046660000;1.0;1.0
1370046661000;0.0;3.0
1370046662000;3.0;1.0
1370046663000;3.0;0.0
1370046664000;2.0;1.0
1370046665000;0.0;1.0
1370046666000;1.0;0.0
1370046667000;3.0;2.0
1370046668000;3.0;1.0
1370046669000;2.0;1.0
1370046670000;1.0;1.0
1370046671000;0.0;2.0
1370046672000;3.0;2.0
1370046673000;2.0;0.0
1370046674000;2.0;2.0
1370046675000;2.0;0.0
1370046676000;3.0;2.0
1370046677000;0.0;2.0
1370046678000;2.0;1.0
1370046679000;2.0;3.0
1370046680000;4.0;0.0
1370046681000;4.0;0.0
1370046682000;0.0;4.0
1370046683000;2.0;3.0
1370046684000;0.0;1.0
1370046685000;1.0;0.0
1370046686000;0.0;3.0
1370046687000;1.0;0.0
1370046688000;1.0;0.0
1370046689000;2.0;1.0
1370046690000;1.0;2.0
1370046691000;3.0;1.0
1370046692000;1.0;2.0
1370046693000;1.0;3.0
1370046694000;0.0;2.0
1370046695000;0.0;4.0
1370046696000;1.0;1.0
1370046697000;2.0;1.0
1370046698000;0.0;0.0
1370046699000;0.0;0.0
1370046700000;3.0;0.0
1370046701000;0.0;1.0
1370046702000;2.0;0.0
1370046703000;1.0;3.0
1370046704000;2.0;0.0
1370046705000;3.0;1.0
1370046706000;2.0;1.0
1370046707000;3.0;1.0
1370046708000;1.0;1.0
1370046709000;0.0;1.0
1370046710000;1.0;1.0
1370046711000;3.0;1.0
1370046712000;0.0;2.0
1370046713000;0.0;1.0
1370046714000;2.0;2.0
1370046715000;1.0;1.0
1370046716000;1.0;0.0
1370046717000;1.0;2.0
1370046718000;5.0;2.0
1370046719000;0.0;1.0
1370046720000;0.0;3.0
1370046721000;1.0;5.0
1370046722000;2.0;1.0
1370046723000;1.0;2.0
1370046724000;0.0;1.0
1370046725000;1.0;0.0
1370046726000;1.0;0.0
1370046727000;1.0;1.0
1370046728000;1.0;3.0
1370046729000;2.0;2.0
1370046730000;2.0;0.0
1370046731000;0.0;1.0
1370046732000;2.0;2.0
1370046733000;2.0;2.0
1370046734000;1.0;4.0
1370046735000;1.0;0.0
1370046736000;2.0;2.0
1370046737000;1.0;0.0
1370046738000;0.0;3.0
1370046739000;2.0;0.0
1370046740000;0.0;1.0
1370046741000;1.0;2.0
1370046742000;2.0;1.0
1370046743000;1.0;2.0
1370046744000;2.0;2.0
1370046745000;1.0;2.0
1370046746000;1.0;1.0
1370046747000;1.0;3.0
1370046748000;0.0;1.0
1370046749000;0.0;0.0
1370046750000;0.0;1.0
1370046751000;0.0;4.0
1370046752000;0.0;2.0
1370046753000;2.0;0.0
1370046754000;1.0;1.0
1370046755000;3.0;0.0
1370046756000;0.0;0.0
1370046757000;2.0;3.0
1370046758000;0.0;3.0
1370046759000;1.0;0.0
1370046760000;4.0;2.0
1370046761000;4.0;1.0
1370046762000;1.0;2.0
1370046763000;1.0;0.0
1370046764000;0.0;1.0
1370046765000;2.0;3.0
1370046766000;2.0;0.0
1370046767000;0.0;2.0
1370046768000;0.0;0.0
1370046769000;0.0;0.0
1370046770000;1.0;1.0
1370046771000;0.0;3.0
1370046772000;0.0;0.0
1370046773000;2.0;1.0
1370046774000;3.0;1.0
1370046775000;0.0;1.0
1370046776000;4.0;2.0
1370046777000;4.0;1.0
1370046778000;1.0;2.0
1370046779000;3.0;1.0
1370046780000;2.0;0.0
1370046781000;1.0;1.0
1370046782000;1.0;0.0
1370046783000;1.0;2.0
1370046784000;2.0;1.0
1370046785000;3.0;1.0
1370046786000;1.0;0.0
1370046787000;0.0;1.0
1370046788000;1.0;0.0
1370046789000;2.0;3.0
1370046790000;1.0;2.0
1370046791000;1.0;3.0
1370046792000;2.0;1.0
1370046793000;1.0;3.0
1370046794000;2.0;3.0
1370046795000;0.0;2.0
1370046796000;2.0;4.0
1370046797000;0.0;2.0
1370046798000;0.0;2.0
1370046799000;1.0;0.0
1370046800000;1.0;2.0
1370046801000;1.0;1.0
1370046802000;0.0;3.0
1370046803000;1.0;3.0
1370046804000;1.0;2.0
1370046805000;0.0;0.0
1370046806000;2.0;0.0
1370046807000;2.0;2.0
1370046808000;1.0;3.0
1370046809000;1.0;2.0
1370046810000;0.0;0.0
1370046811000;0.0;2.0
1370046812000;0.0;1.0
1370046813000;5.0;1.0
1370046814000;1.0;3.0
1370046815000;1.0;0.0
1370046816000;0.0;1.0
1370046817000;2.0;1.0
1370046818000;2.0;1.0
1370046819000;2.0;1.0
1370046820000;0.0;4.0
1370046821000;1.0;3.0
1370046822000;2.0;0.0
1370046823000;1.0;1.0
1370046824000;3.0;2.0
1370046825000;1.0;2.0
1370046826000;2.0;1.0
1370046827000;1.0;3.0
1370046828000;2.0;0.0
1370046829000;1.0;1.0
1370046830000;2.0;1.0
1370046831000;1.0;1.0
1370046832000;2.0;3.0
1370046833000;1.0;3.0
1370046834000;0.0;1.0
1370046835000;1.0;0.0
1370046836000;1.0;0.0
1370046837000;2.0;0.0
1370046838000;1.0;0.0
1370046839000;0.0;1.0
1370046840000;0.0;2.0
1370046841000;2.0;1.0
1370046842000;2.0;2.0
1370046843000;1.0;2.0
1370046844000;2.0;2.0
1370046845000;1.0;2.0
1370046846000;3.0;3.0
1370046847000;0.0;0.0
1370046848000;1.0;4.0
1370046849000;2.0;1.0
1370046850000;1.0;4.0
1370046851000;0.0;2.0
1370046852000;1.0;2.0
1370046853000;1.0;1.0
1370046854000;0.0;2.0
1370046855000;2.0;1.0
1370046856000;1.0;1.0
1370046857000;0.0;0.0
1370046858000;1.0;0.0
1370046859000;0.0;1.0
1370046860000;0.0;3.0
1370046861000;1.0;4.0
1370046862000;0.0;0.0
1370046863000;1.0;2.0
1370046864000;0.0;0.0
1370046865000;0.0;2.0
1370046866000;5.0;1.0
1370046867000;4.0;1.0
1370046868000;0.0;1.0
1370046869000;0.0;1.0
1370046870000;2.0;5.0
1370046871000;0.0;2.0
1370046872000;2.0;0.0
1370046873000;3.0;4.0
1370046874000;3.0;2.0
1370046875000;1.0;1.0
1370046876000;3.0;1.0
1370046877000;0.0;1.0
1370046878000;2.0;3.0
1370046879000;3.0;0.0
1370046880000;1.0;1.0
1370046881000;0.0;3.0
1370046882000;0.0;2.0
1370046883000;1.0;0.0
1370046884000;1.0;2.0
1370046885000;2.0;2.0
1370046886000;0.0;3.0
1370046887000;1.0;2.0
1370046888000;0.0;1.0
1370046889000;0.0;1.0
1370046890000;3.0;0.0
1370046891000;2.0;0.0
1370046892000;5.0;0.0
1370046893000;3.0;2.0
1370046894000;1.0;0.0
1370046895000;2.0;1.0
1370046896000;2.0;1.0
1370046897000;1.0;4.0
1370046898000;0.0;1.0
1370046899000;1.0;0.0
1370046900000;2.0;0.0
1370046901000;3.0;1.0
1370046902000;0.0;4.0
1370046903000;1.0;2.0
1370046904000;0.0;2.0
1370046905000;6.0;4.0
1370046906000;0.0;4.0
1370046907000;4.0;1.0
1370046908000;1.0;3.0
1370046909000;0.0;1.0
1370046910000;3.0;0.0
1370046911000;3.0;0.0
1370046912000;2.0;0.0
1370046913000;2.0;1.0
1370046914000;3.0;1.0
1370046915000;4.0;2.0
1370046916000;1.0;0.0
1370046917000;0.0;4.0
1370046918000;1.0;0.0
1370046919000;4.0;5.0
1370046920000;4.0;0.0
1370046921000;5.0;2.0
1370046922000;1.0;1.0
1370046923000;1.0;3.0
1370046924000;3.0;1.0
1370046925000;7.0;2.0
1370046926000;2.0;2.0
1370046927000;2.0;0.0
1370046928000;4.0;2.0
1370046929000;1.0;1.0
1370046930000;0.0;1.0
1370046931000;3.0;1.0
1370046932000;4.0;0.0
1370046933000;0.0;0.0
1370046934000;6.0;1.0
1370046935000;1.0;1.0
1370046936000;1.0;2.0
1370046937000;0.0;0.0
1370046938000;1.0;1.0
1370046939000;1.0;0.0
1370046940000;1.0;1.0
1370046941000;0.0;0.0
1370046942000;2.0;2.0
1370046943000;2.0;0.0
1370046944000;1.0;2.0
1370046945000;1.0;3.0
1370046946000;1.0;2.0
1370046947000;3.0;0.0
1370046948000;0.0;1.0
1370046949000;0.0;0.0
1370046950000;1.0;3.0
1370046951000;1.0;3.0
1370046952000;2.0;3.0
1370046953000;1.0;2.0
1370046954000;1.0;1.0
1370046955000;2.0;5.0
1370046956000;1.0;0.0
1370046957000;1.0;1.0
1370046958000;0.0;3.0
1370046959000;0.0;2.0
1370046960000;0.0;1.0
1370046961000;2.0;4.0
1370046962000;3.0;1.0
1370046963000;2.0;2.0
1370046964000;3.0;1.0
1370046965000;0.0;2.0
1370046966000;1.0;1.0
1370046967000;1.0;1.0
1370046968000;2.0;2.0
1370046969000;3.0;1.0
1370046970000;3.0;0.0
1370046971000;1.0;2.0
1370046972000;0.0;2.0
1370046973000;1.0;0.0
1370046974000;0.0;1.0
1370046975000;1.0;2.0
1370046976000;1.0;1.0
1370046977000;4.0;1.0
1370046978000;1.0;1.0
1370046979000;0.0;1.0
1370046980000;1.0;0.0
1370046981000;1.0;1.0
1370046982000;2.0;1.0
1370046983000;4.0;2.0
1370046984000;1.0;1.0
1370046985000;3.0;1.0
1370046986000;1.0;0.0
1370046987000;0.0;0.0
1370046988000;3.0;1.0
1370046989000;4.0;2.0
1370046990000;1.0;1.0
1370046991000;2.0;2.0
1370046992000;1.0;4.0
1370046993000;2.0;0.0
1370046994000;2.0;0.0
1370046995000;0.0;3.0
1370046996000;1.0;1.0
1370046997000;0.0;0.0
1370046998000;1.0;1.0
1370046999000;0.0;2.0
1370047000000;0.0;1.0
1370047001000;0.0;3.0
1370047002000;3.0;4.0
1370047003000;1.0;0.0
1370047004000;1.0;1.0
1370047005000;3.0;0.0
1370047006000;1.0;1.0
1370047007000;2.0;3.0
1370047008000;0.0;2.0
1370047009000;3.0;1.0
1370047010000;0.0;2.0
1370047011000;1.0;0.0
1370047012000;1.0;0.0
1370047013000;0.0;1.0
1370047014000;0.0;4.0
1370047015000;2.0;1.0
1370047016000;0.0;2.0
1370047017000;1.0;2.0
1370047018000;3.0;0.0
1370047019000;2.0;0.0
1370047020000;2.0;2.0
1370047021000;2.0;0.0
1370047022000;0.0;0.0
1370047023000;4.0;2.0
1370047024000;0.0;0.0
1370047025000;2.0;2.0
1370047026000;1.0;1.0
1370047027000;2.0;3.0
1370047028000;0.0;4.0
1370047029000;1.0;0.0
1370047030000;2.0;2.0
1370047031000;2.0;1.0
1370047032000;1.0;0.0
1370047033000;1.0;2.0
1370047034000;0.0;0.0
1370047035000;2.0;1.0
1370047036000;0.0;0.0
1370047037000;2.0;4.0
1370047038000;4.0;2.0
1370047039000;3.0;1.0
1370047040000;2.0;2.0
1370047041000;3.0;2.0
1370047042000;3.0;3.0
1370047043000;0.0;0.0
1370047044000;1.0;2.0
1370047045000;1.0;1.0
1370047046000;2.0;1.0
1370047047000;2.0;0.0
1370047048000;4.0;0.0
1370047049000;3.0;3.0
1370047050000;2.0;1.0
1370047051000;2.0;0.0
1370047052000;2.0;1.0
1370047053000;1.0;1.0
1370047054000;0.0;2.0
1370047055000;0.0;1.0
1370047056000;0.0;0.0
1370047057000;3.0;0.0
1370047058000;1.0;4.0
1370047059000;0.0;1.0
1370047060000;1.0;4.0
1370047061000;1.0;1.0
1370047062000;1.0;1.0
1370047063000;0.0;0.0
1370047064000;2.0;3.0
1370047065000;1.0;0.0
1370047066000;3.0;1.0
1370047067000;2.0;4.0
1370047068000;1.0;0.0
1370047069000;2.0;0.0
1370047070000;0.0;0.0
1370047071000;1.0;1.0
1370047072000;1.0;0.0
1370047073000;3.0;1.0
1370047074000;0.0;1.0
1370047075000;2.0;1.0
1370047076000;0.0;0.0
1370047077000;1.0;2.0
1370047078000;1.0;6.0
1370047079000;1.0;2.0
1370047080000;0.0;2.0
1370047081000;0.0;2.0
1370047082000;0.0;5.0
1370047083000;2.0;0.0
1370047084000;0.0;0.0
1370047085000;0.0;1.0
1370047086000;1.0;1.0
1370047087000;1.0;2.0
1370047088000;0.0;3.0
1370047089000;0.0;0.0
1370047090000;0.0;0.0
1370047091000;2.0;1.0
1370047092000;1.0;1.0
1370047093000;2.0;1.0
1370047094000;0.0;1.0
1370047095000;2.0;3.0
1370047096000;0.0;0.0
1370047097000;2.0;2.0
1370047098000;2.0;0.0
1370047099000;3.0;0.0
1370047100000;1.0;3.0
1370047101000;1.0;2.0
1370047102000;1.0;1.0
1370047103000;2.0;2.0
1370047104000;0.0;2.0
1370047105000;2.0;1.0
1370047106000;2.0;1.0
1370047107000;1.0;2.0
1370047108000;1.0;1.0
1370047109000;4.0;2.0
1370047110000;2.0;0.0
1370047111000;2.0;1.0
1370047112000;2.0;1.0
1370047113000;0.0;1.0
1370047114000;1.0;4.0
1370047115000;0.0;0.0
1370047116000;1.0;1.0
1370047117000;0.0;1.0
1370047118000;2.0;1.0
1370047119000;3.0;1.0
1370047120000;1.0;1.0
1370047121000;0.0;0.0
1370047122000;0.0;1.0
1370047123000;5.0;1.0
1370047124000;1.0;1.0
1370047125000;1.0;0.0
1370047126000;2.0;1.0
1370047127000;2.0;1.0
1370047128000;0.0;2.0
1370047129000;0.0;2.0
1370047130000;0.0;2.0
1370047131000;1.0;0.0
1370047132000;3.0;0.0
1370047133000;2.0;3.0
1370047134000;0.0;1.0
1370047135000;0.0;2.0
1370047136000;3.0;0.0
1370047137000;2.0;0.0
1370047138000;2.0;2.0
1370047139000;2.0;0.0
1370047140000;1.0;1.0
1370047141000;2.0;2.0
1370047142000;1.0;2.0
1370047143000;0.0;4.0
1370047144000;0.0;1.0
1370047145000;1.0;1.0
1370047146000;1.0;0.0
1370047147000;1.0;1.0
1370047148000;0.0;1.0
1370047149000;3.0;1.0
1370047150000;1.0;1.0
1370047151000;4.0;1.0
1370047152000;2.0;0.0
1370047153000;4.0;1.0
1370047154000;2.0;0.0
1370047155000;0.0;3.0
1370047156000;2.0;1.0
1370047157000;3.0;2.0
1370047158000;2.0;1.0
1370047159000;0.0;0.0
1370047160000;2.0;1.0
1370047161000;0.0;4.0
1370047162000;0.0;1.0
1370047163000;3.0;1.0
1370047164000;0.0;2.0
1370047165000;0.0;2.0
1370047166000;1.0;2.0
1370047167000;2.0;3.0
1370047168000;0.0;1.0
1370047169000;0.0;3.0
1370047170000;1.0;1.0
1370047171000;0.0;2.0
1370047172000;2.0;1.0
1370047173000;1.0;0.0
1370047174000;0.0;1.0
1370047175000;2.0;1.0
1370047176000;5.0;2.0
1370047177000;3.0;4.0
1370047178000;3.0;0.0
1370047179000;3.0;2.0
1370047180000;0.0;0.0
1370047181000;0.0;0.0
1370047182000;1.0;1.0
1370047183000;4.0;0.0
1370047184000;1.0;1.0
1370047185000;3.0;1.0
1370047186000;0.0;2.0
1370047187000;0.0;2.0
1370047188000;2.0;3.0
1370047189000;1.0;2.0
1370047190000;2.0;2.0
1370047191000;0.0;0.0
1370047192000;1.0;2.0
1370047193000;0.0;0.0
1370047194000;1.0;1.0
1370047195000;3.0;2.0
1370047196000;4.0;2.0
1370047197000;4.0;1.0
1370047198000;3.0;2.0
1370047199000;0.0;1.0
1370047200000;2.0;2.0
1370047201000;1.0;0.0
1370047202000;1.0;2.0
1370047203000;2.0;1.0
1370047204000;3.0;1.0
1370047205000;1.0;1.0
1370047206000;3.0;1.0
1370047207000;2.0;1.0
1370047208000;2.0;0.0
1370047209000;2.0;1.0
1370047210000;2.0;1.0
1370047211000;0.0;1.0
1370047212000;2.0;3.0
1370047213000;1.0;0.0
1370047214000;0.0;0.0
1370047215000;2.0;0.0
1370047216000;2.0;1.0
1370047217000;1.0;2.0
1370047218000;0.0;0.0
1370047219000;1.0;1.0
1370047220000;4.0;2.0
1370047221000;0.0;4.0
1370047222000;2.0;2.0
1370047223000;0.0;3.0
1370047224000;1.0;0.0
1370047225000;0.0;1.0
1370047226000;2.0;2.0
1370047227000;5.0;1.0
1370047228000;0.0;1.0
1370047229000;1.0;0.0
1370047230000;0.0;1.0
1370047231000;2.0;1.0
1370047232000;3.0;1.0
1370047233000;0.0;1.0
1370047234000;2.0;2.0
1370047235000;3.0;1.0
1370047236000;0.0;1.0
1370047237000;0.0;1.0
1370047238000;2.0;2.0
1370047239000;3.0;0.0
1370047240000;4.0;0.0
1370047241000;1.0;0.0
1370047242000;3.0;2.0
1370047243000;0.0;0.0
1370047244000;3.0;1.0
1370047245000;1.0;0.0
1370047246000;2.0;0.0
1370047247000;2.0;4.0
1370047248000;0.0;2.0
1370047249000;0.0;3.0
1370047250000;2.0;1.0
1370047251000;1.0;0.0
1370047252000;1.0;2.0
1370047253000;0.0;1.0
1370047254000;0.0;2.0
1370047255000;0.0;2.0
1370047256000;3.0;1.0
1370047257000;2.0;3.0
1370047258000;3.0;3.0
1370047259000;2.0;1.0
1370047260000;0.0;0.0
1370047261000;3.0;0.0
1370047262000;2.0;2.0
1370047263000;1.0;2.0
1370047264000;5.0;0.0
1370047265000;0.0;0.0
1370047266000;2.0;1.0
1370047267000;0.0;0.0
1370047268000;2.0;0.0
1370047269000;2.0;0.0
1370047270000;4.0;4.0
1370047271000;2.0;0.0
1370047272000;3.0;1.0
1370047273000;0.0;2.0
1370047274000;2.0;2.0
1370047275000;0.0;0.0
1370047276000;2.0;1.0
1370047277000;0.0;0.0
1370047278000;2.0;1.0
1370047279000;1.0;1.0
1370047280000;1.0;0.0
1370047281000;1.0;1.0
1370047282000;0.0;0.0
1370047283000;2.0;1.0
1370047284000;1.0;4.0
1370047285000;2.0;2.0
1370047286000;1.0;2.0
1370047287000;1.0;1.0
1370047288000;4.0;2.0
1370047289000;1.0;2.0
1370047290000;1.0;0.0
1370047291000;3.0;2.0
1370047292000;1.0;3.0
1370047293000;1.0;2.0
1370047294000;1.0;1.0
1370047295000;2.0;1.0
1370047296000;0.0;3.0
1370047297000;2.0;0.0
1370047298000;1.0;1.0
1370047299000;1.0;1.0
1370047300000;5.0;0.0
1370047301000;1.0;0.0
1370047302000;0.0;1.0
1370047303000;0.0;1.0
1370047304000;1.0;2.0
1370047305000;1.0;1.0
1370047306000;1.0;3.0
1370047307000;2.0;1.0
1370047308000;0.0;1.0
1370047309000;1.0;3.0
1370047310000;3.0;2.0
1370047311000;1.0;0.0
1370047312000;2.0;0.0
1370047313000;0.0;2.0
1370047314000;3.0;0.0
1370047315000;1.0;3.0
1370047316000;1.0;2.0
1370047317000;1.0;1.0
1370047318000;1.0;1.0
1370047319000;0.0;1.0
1370047320000;2.0;1.0
1370047321000;0.0;2.0
1370047322000;2.0;2.0
1370047323000;1.0;3.0
1370047324000;2.0;1.0
1370047325000;0.0;1.0
1370047326000;0.0;1.0
1370047327000;0.0;1.0
1370047328000;1.0;0.0
1370047329000;3.0;2.0
1370047330000;0.0;2.0
1370047331000;3.0;1.0
1370047332000;1.0;2.0
1370047333000;0.0;2.0
1370047334000;2.0;1.0
1370047335000;3.0;1.0
1370047336000;1.0;2.0
1370047337000;4.0;2.0
1370047338000;1.0;0.0
1370047339000;0.0;2.0
1370047340000;0.0;2.0
1370047341000;0.0;4.0
1370047342000;2.0;0.0
1370047343000;1.0;0.0
1370047344000;3.0;0.0
1370047345000;1.0;3.0
1370047346000;4.0;1.0
1370047347000;0.0;1.0
1370047348000;2.0;1.0
1370047349000;1.0;1.0
1370047350000;2.0;0.0
1370047351000;3.0;0.0
1370047352000;1.0;1.0
1370047353000;1.0;2.0
1370047354000;0.0;1.0
1370047355000;3.0;1.0
1370047356000;1.0;3.0
1370047357000;2.0;2.0
1370047358000;2.0;0.0
1370047359000;1.0;1.0
1370047360000;0.0;1.0
1370047361000;1.0;0.0
1370047362000;2.0;2.0
1370047363000;2.0;3.0
1370047364000;1.0;2.0
1370047365000;1.0;4.0
1370047366000;2.0;0.0
1370047367000;2.0;1.0
1370047368000;2.0;1.0
1370047369000;1.0;1.0
1370047370000;1.0;2.0
1370047371000;0.0;1.0
1370047372000;0.0;3.0
1370047373000;1.0;1.0
1370047374000;2.0;1.0
1370047375000;0.0;1.0
1370047376000;0.0;2.0
1370047377000;0.0;1.0
1370047378000;1.0;1.0
1370047379000;2.0;1.0
1370047380000;0.0;1.0
1370047381000;2.0;3.0
1370047382000;2.0;2.0
1370047383000;2.0;1.0
1370047384000;0.0;1.0
1370047385000;1.0;0.0
1370047386000;3.0;0.0
1370047387000;1.0;0.0
1370047388000;0.0;1.0
1370047389000;1.0;0.0
1370047390000;3.0;2.0
1370047391000;1.0;0.0
1370047392000;2.0;1.0
1370047393000;2.0;0.0
1370047394000;1.0;1.0
1370047395000;1.0;2.0
1370047396000;0.0;0.0
1370047397000;1.0;0.0
1370047398000;1.0;0.0
1370047399000;2.0;0.0
1370047400000;0.0;0.0
1370047401000;0.0;1.0
1370047402000;3.0;2.0
1370047403000;3.0;0.0
1370047404000;1.0;2.0
1370047405000;3.0;3.0
1370047406000;1.0;2.0
1370047407000;0.0;3.0
1370047408000;0.0;2.0
1370047409000;0.0;3.0
1370047410000;1.0;1.0
1370047411000;0.0;1.0
1370047412000;0.0;1.0
1370047413000;2.0;1.0
1370047414000;1.0;2.0
1370047415000;0.0;1.0
1370047416000;2.0;3.0
1370047417000;2.0;3.0
1370047418000;3.0;3.0
1370047419000;3.0;0.0
1370047420000;1.0;2.0
1370047421000;0.0;2.0
1370047422000;1.0;2.0
1370047423000;1.0;0.0
1370047424000;2.0;2.0
1370047425000;2.0;1.0
1370047426000;2.0;1.0
1370047427000;0.0;1.0
1370047428000;1.0;2.0
1370047429000;3.0;1.0
1370047430000;3.0;5.0
1370047431000;2.0;0.0
1370047432000;0.0;1.0
1370047433000;2.0;2.0
1370047434000;0.0;1.0
1370047435000;1.0;1.0
1370047436000;1.0;1.0
1370047437000;3.0;0.0
1370047438000;0.0;1.0
1370047439000;1.0;2.0
1370047440000;1.0;2.0
1370047441000;0.0;1.0
1370047442000;3.0;1.0
1370047443000;3.0;1.0
1370047444000;2.0;2.0
1370047445000;0.0;2.0
1370047446000;1.0;1.0
1370047447000;1.0;0.0
1370047448000;1.0;0.0
1370047449000;2.0;1.0
1370047450000;1.0;2.0
1370047451000;1.0;3.0
1370047452000;2.0;0.0
1370047453000;2.0;2.0
1370047454000;3.0;4.0
1370047455000;1.0;2.0
1370047456000;1.0;3.0
1370047457000;0.0;2.0
1370047458000;1.0;2.0
1370047459000;3.0;3.0
1370047460000;1.0;1.0
1370047461000;2.0;0.0
1370047462000;2.0;2.0
1370047463000;3.0;2.0
1370047464000;2.0;1.0
1370047465000;1.0;2.0
1370047466000;2.0;1.0
1370047467000;0.0;2.0
1370047468000;5.0;2.0
1370047469000;1.0;2.0
1370047470000;1.0;5.0
1370047471000;1.0;0.0
1370047472000;2.0;1.0
1370047473000;2.0;1.0
1370047474000;2.0;0.0
1370047475000;1.0;3.0
1370047476000;2.0;0.0
1370047477000;0.0;1.0
1370047478000;1.0;1.0
1370047479000;0.0;2.0
1370047480000;2.0;1.0
1370047481000;1.0;2.0
1370047482000;1.0;2.0
1370047483000;2.0;1.0
1370047484000;2.0;3.0
1370047485000;0.0;1.0
1370047486000;1.0;0.0
1370047487000;2.0;1.0
1370047488000;1.0;0.0
1370047489000;1.0;0.0
1370047490000;0.0;3.0
1370047491000;1.0;1.0
1370047492000;4.0;4.0
1370047493000;1.0;0.0
1370047494000;2.0;2.0
1370047495000;0.0;0.0
1370047496000;1.0;0.0
1370047497000;3.0;2.0
1370047498000;1.0;3.0
1370047499000;0.0;3.0
1370047500000;0.0;0.0
1370047501000;0.0;0.0
1370047502000;1.0;0.0
1370047503000;2.0;1.0
1370047504000;0.0;0.0
1370047505000;4.0;4.0
1370047506000;1.0;0.0
1370047507000;3.0;3.0
1370047508000;2.0;3.0
1370047509000;2.0;4.0
1370047510000;1.0;0.0
1370047511000;3.0;5.0
1370047512000;3.0;1.0
1370047513000;1.0;1.0
1370047514000;1.0;0.0
1370047515000;3.0;2.0
1370047516000;1.0;1.0
1370047517000;2.0;0.0
1370047518000;0.0;0.0
1370047519000;1.0;0.0
1370047520000;2.0;2.0
1370047521000;1.0;1.0
1370047522000;0.0;0.0
1370047523000;2.0;0.0
1370047524000;0.0;1.0
1370047525000;0.0;1.0
1370047526000;1.0;2.0
1370047527000;0.0;1.0
1370047528000;0.0;2.0
1370047529000;1.0;1.0
1370047530000;2.0;0.0
1370047531000;1.0;0.0
1370047532000;1.0;1.0
1370047533000;2.0;4.0
1370047534000;1.0;2.0
1370047535000;1.0;3.0
1370047536000;3.0;2.0
1370047537000;1.0;2.0
1370047538000;0.0;2.0
1370047539000;1.0;0.0
1370047540000;3.0;0.0
1370047541000;1.0;2.0
1370047542000;2.0;2.0
1370047543000;0.0;1.0
1370047544000;1.0;2.0
1370047545000;2.0;1.0
1370047546000;1.0;3.0
1370047547000;0.0;1.0
1370047548000;3.0;0.0
1370047549000;2.0;0.0
1370047550000;2.0;1.0
1370047551000;1.0;0.0
1370047552000;1.0;1.0
1370047553000;1.0;0.0
1370047554000;2.0;2.0
1370047555000;0.0;1.0
1370047556000;2.0;1.0
1370047557000;0.0;0.0
1370047558000;1.0;0.0
1370047559000;1.0;0.0
1370047560000;2.0;0.0
1370047561000;1.0;0.0
1370047562000;2.0;2.0
1370047563000;1.0;1.0
1370047564000;0.0;2.0
1370047565000;1.0;0.0
1370047566000;1.0;3.0
1370047567000;1.0;1.0
1370047568000;0.0;1.0
1370047569000;2.0;0.0
1370047570000;0.0;1.0
1370047571000;2.0;1.0
1370047572000;2.0;1.0
1370047573000;1.0;1.0
1370047574000;2.0;4.0
1370047575000;1.0;1.0
1370047576000;2.0;0.0
1370047577000;0.0;2.0
1370047578000;0.0;0.0
1370047579000;2.0;0.0
1370047580000;3.0;0.0
1370047581000;1.0;2.0
1370047582000;0.0;2.0
1370047583000;1.0;0.0
1370047584000;1.0;2.0
1370047585000;2.0;2.0
1370047586000;2.0;3.0
1370047587000;0.0;3.0
1370047588000;0.0;0.0
1370047589000;1.0;1.0
1370047590000;1.0;1.0
1370047591000;0.0;3.0
1370047592000;0.0;2.0
1370047593000;0.0;2.0
1370047594000;1.0;1.0
1370047595000;2.0;1.0
1370047596000;1.0;1.0
1370047597000;2.0;2.0
1370047598000;3.0;1.0
1370047599000;1.0;1.0
1370047600000;3.0;1.0
1370047601000;1.0;3.0
1370047602000;3.0;2.0
1370047603000;1.0;1.0
1370047604000;0.0;3.0
1370047605000;1.0;2.0
1370047606000;0.0;1.0
1370047607000;0.0;0.0
1370047608000;1.0;1.0
1370047609000;3.0;0.0
1370047610000;1.0;1.0
1370047611000;0.0;0.0
1370047612000;0.0;3.0
1370047613000;1.0;0.0
1370047614000;1.0;2.0
1370047615000;1.0;2.0
1370047616000;1.0;0.0
1370047617000;1.0;1.0
1370047618000;3.0;0.0
1370047619000;1.0;0.0
1370047620000;3.0;2.0
1370047621000;0.0;2.0
1370047622000;0.0;1.0
1370047623000;0.0;2.0
1370047624000;0.0;1.0
1370047625000;2.0;0.0
1370047626000;2.0;1.0
1370047627000;1.0;0.0
1370047628000;0.0;1.0
1370047629000;2.0;3.0
1370047630000;0.0;3.0
1370047631000;0.0;1.0
1370047632000;2.0;3.0
1370047633000;3.0;0.0
1370047634000;0.0;0.0
1370047635000;2.0;2.0
1370047636000;2.0;1.0
1370047637000;1.0;0.0
1370047638000;0.0;2.0
1370047639000;0.0;2.0
1370047640000;2.0;1.0
1370047641000;1.0;1.0
1370047642000;3.0;0.0
1370047643000;2.0;0.0
1370047644000;2.0;1.0
1370047645000;2.0;3.0
1370047646000;0.0;0.0
1370047647000;0.0;0.0
1370047648000;1.0;3.0
1370047649000;1.0;1.0
1370047650000;1.0;1.0
1370047651000;1.0;1.0
1370047652000;1.0;4.0
1370047653000;2.0;2.0
1370047654000;2.0;2.0
1370047655000;2.0;2.0
1370047656000;0.0;1.0
1370047657000;2.0;3.0
1370047658000;2.0;2.0
1370047659000;0.0;1.0
1370047660000;0.0;0.0
1370047661000;0.0;0.0
1370047662000;2.0;2.0
1370047663000;2.0;1.0
1370047664000;1.0;1.0
1370047665000;2.0;1.0
1370047666000;1.0;0.0
1370047667000;2.0;3.0
1370047668000;1.0;0.0
1370047669000;1.0;2.0
1370047670000;2.0;1.0
1370047671000;2.0;1.0
1370047672000;1.0;0.0
1370047673000;2.0;1.0
1370047674000;2.0;1.0
1370047675000;2.0;1.0
1370047676000;2.0;0.0
1370047677000;2.0;1.0
1370047678000;4.0;0.0
1370047679000;4.0;2.0
1370047680000;4.0;6.0
1370047681000;0.0;1.0
1370047682000;3.0;1.0
1370047683000;3.0;2.0
1370047684000;0.0;1.0
1370047685000;0.0;2.0
1370047686000;1.0;1.0
1370047687000;0.0;1.0
1370047688000;0.0;1.0
1370047689000;1.0;3.0
1370047690000;0.0;2.0
1370047691000;2.0;1.0
1370047692000;1.0;1.0
1370047693000;0.0;4.0
1370047694000;3.0;1.0
1370047695000;2.0;1.0
1370047696000;0.0;2.0
1370047697000;0.0;3.0
1370047698000;1.0;3.0
1370047699000;0.0;3.0
1370047700000;3.0;1.0
1370047701000;1.0;3.0
1370047702000;2.0;1.0
1370047703000;2.0;2.0
1370047704000;3.0;1.0
1370047705000;2.0;2.0
1370047706000;0.0;0.0
1370047707000;0.0;1.0
1370047708000;0.0;1.0
1370047709000;2.0;2.0
1370047710000;1.0;0.0
1370047711000;0.0;0.0
1370047712000;1.0;1.0
1370047713000;2.0;0.0
1370047714000;0.0;3.0
1370047715000;2.0;4.0
1370047716000;1.0;2.0
1370047717000;0.0;2.0
1370047718000;1.0;1.0
1370047719000;3.0;2.0
1370047720000;2.0;0.0
1370047721000;1.0;2.0
1370047722000;4.0;0.0
1370047723000;1.0;1.0
1370047724000;2.0;2.0
1370047725000;1.0;2.0
1370047726000;1.0;0.0
1370047727000;2.0;5.0
1370047728000;0.0;0.0
1370047729000;1.0;1.0
1370047730000;2.0;0.0
1370047731000;2.0;1.0
1370047732000;0.0;2.0
1370047733000;1.0;1.0
1370047734000;1.0;3.0
1370047735000;1.0;2.0
1370047736000;0.0;1.0
1370047737000;0.0;0.0
1370047738000;2.0;1.0
1370047739000;3.0;2.0
1370047740000;1.0;0.0
1370047741000;0.0;0.0
1370047742000;1.0;4.0
1370047743000;1.0;2.0
1370047744000;2.0;3.0
1370047745000;1.0;0.0
1370047746000;3.0;0.0
1370047747000;1.0;0.0
1370047748000;4.0;1.0
1370047749000;2.0;1.0
1370047750000;2.0;3.0
1370047751000;2.0;2.0
1370047752000;3.0;0.0
1370047753000;3.0;2.0
1370047754000;1.0;3.0
1370047755000;0.0;2.0
1370047756000;1.0;1.0
1370047757000;1.0;0.0
1370047758000;2.0;1.0
1370047759000;0.0;0.0
1370047760000;0.0;2.0
1370047761000;1.0;2.0
1370047762000;1.0;1.0
1370047763000;1.0;0.0
1370047764000;1.0;1.0
1370047765000;0.0;2.0
1370047766000;2.0;1.0
1370047767000;1.0;3.0
1370047768000;2.0;2.0
1370047769000;1.0;1.0
1370047770000;0.0;1.0
1370047771000;3.0;4.0
1370047772000;1.0;0.0
1370047773000;3.0;2.0
1370047774000;1.0;2.0
1370047775000;1.0;1.0
1370047776000;2.0;0.0
1370047777000;1.0;2.0
1370047778000;2.0;2.0
1370047779000;1.0;1.0
1370047780000;0.0;2.0
1370047781000;0.0;1.0
1370047782000;4.0;0.0
1370047783000;2.0;2.0
1370047784000;3.0;2.0
1370047785000;1.0;1.0
1370047786000;2.0;1.0
1370047787000;2.0;1.0
1370047788000;1.0;0.0
1370047789000;1.0;1.0
1370047790000;3.0;1.0
1370047791000;0.0;1.0
1370047792000;1.0;1.0
1370047793000;2.0;2.0
1370047794000;0.0;0.0
1370047795000;0.0;1.0
1370047796000;4.0;1.0
1370047797000;3.0;2.0
1370047798000;2.0;2.0
1370047799000;2.0;1.0
1370047800000;1.0;0.0
1370047801000;2.0;0.0
1370047802000;4.0;2.0
1370047803000;1.0;0.0
1370047804000;1.0;1.0
1370047805000;0.0;2.0
1370047806000;2.0;2.0
1370047807000;0.0;2.0
1370047808000;1.0;1.0
1370047809000;2.0;5.0
1370047810000;0.0;0.0
1370047811000;3.0;1.0
1370047812000;1.0;0.0
1370047813000;0.0;2.0
1370047814000;2.0;0.0
1370047815000;0.0;0.0
1370047816000;3.0;3.0
1370047817000;1.0;0.0
1370047818000;1.0;1.0
1370047819000;2.0;2.0
1370047820000;1.0;2.0
1370047821000;2.0;0.0
1370047822000;1.0;3.0
1370047823000;0.0;1.0
1370047824000;0.0;2.0
1370047825000;1.0;0.0
1370047826000;2.0;2.0
1370047827000;2.0;1.0
1370047828000;1.0;1.0
1370047829000;1.0;1.0
1370047830000;5.0;0.0
1370047831000;4.0;0.0
1370047832000;0.0;3.0
1370047833000;2.0;0.0
1370047834000;1.0;1.0
1370047835000;2.0;2.0
1370047836000;3.0;1.0
1370047837000;1.0;0.0
1370047838000;2.0;0.0
1370047839000;1.0;1.0
1370047840000;2.0;4.0
1370047841000;2.0;3.0
1370047842000;3.0;1.0
1370047843000;2.0;0.0
1370047844000;2.0;2.0
1370047845000;0.0;4.0
1370047846000;0.0;1.0
1370047847000;1.0;1.0
1370047848000;0.0;3.0
1370047849000;0.0;4.0
1370047850000;1.0;1.0
1370047851000;0.0;0.0
1370047852000;0.0;2.0
1370047853000;1.0;2.0
1370047854000;1.0;3.0
1370047855000;0.0;1.0
1370047856000;1.0;0.0
1370047857000;2.0;2.0
1370047858000;1.0;1.0
1370047859000;3.0;3.0
1370047860000;0.0;2.0
1370047861000;1.0;4.0
1370047862000;2.0;1.0
1370047863000;0.0;0.0
1370047864000;3.0;1.0
1370047865000;2.0;0.0
1370047866000;1.0;1.0
1370047867000;4.0;4.0
1370047868000;1.0;0.0
1370047869000;1.0;1.0
1370047870000;1.0;0.0
1370047871000;0.0;2.0
1370047872000;2.0;0.0
1370047873000;1.0;2.0
1370047874000;1.0;1.0
1370047875000;0.0;0.0
1370047876000;1.0;1.0
1370047877000;0.0;6.0
1370047878000;1.0;0.0
1370047879000;0.0;4.0
1370047880000;2.0;2.0
1370047881000;1.0;3.0
1370047882000;3.0;1.0
1370047883000;1.0;1.0
1370047884000;1.0;1.0
1370047885000;0.0;0.0
1370047886000;2.0;2.0
1370047887000;1.0;0.0
1370047888000;0.0;0.0
1370047889000;0.0;2.0
1370047890000;2.0;2.0
1370047891000;2.0;3.0
1370047892000;1.0;2.0
1370047893000;0.0;0.0
1370047894000;2.0;3.0
1370047895000;3.0;0.0
1370047896000;0.0;1.0
1370047897000;0.0;0.0
1370047898000;1.0;2.0
1370047899000;3.0;3.0
1370047900000;3.0;2.0
1370047901000;0.0;1.0
1370047902000;0.0;3.0
1370047903000;0.0;1.0
1370047904000;0.0;1.0
1370047905000;0.0;1.0
1370047906000;1.0;1.0
1370047907000;0.0;3.0
1370047908000;2.0;0.0
1370047909000;3.0;1.0
1370047910000;1.0;2.0
1370047911000;2.0;2.0
1370047912000;2.0;2.0
1370047913000;2.0;1.0
1370047914000;1.0;0.0
1370047915000;2.0;2.0
1370047916000;1.0;1.0
1370047917000;0.0;0.0
1370047918000;0.0;3.0
1370047919000;3.0;2.0
1370047920000;0.0;3.0
1370047921000;0.0;2.0
1370047922000;2.0;2.0
1370047923000;1.0;0.0
1370047924000;3.0;2.0
1370047925000;3.0;2.0
1370047926000;0.0;0.0
1370047927000;1.0;3.0
1370047928000;1.0;2.0
1370047929000;2.0;1.0
1370047930000;3.0;1.0
1370047931000;1.0;2.0
1370047932000;3.0;1.0
1370047933000;2.0;1.0
1370047934000;2.0;2.0
1370047935000;4.0;2.0
1370047936000;4.0;1.0
1370047937000;1.0;1.0
1370047938000;0.0;2.0
1370047939000;1.0;0.0
1370047940000;1.0;2.0
1370047941000;3.0;2.0
1370047942000;1.0;0.0
1370047943000;1.0;0.0
1370047944000;1.0;0.0
1370047945000;3.0;2.0
1370047946000;1.0;2.0
1370047947000;0.0;1.0
1370047948000;0.0;1.0
1370047949000;1.0;1.0
1370047950000;0.0;1.0
1370047951000;0.0;0.0
1370047952000;6.0;1.0
1370047953000;2.0;2.0
1370047954000;1.0;1.0
1370047955000;4.0;0.0
1370047956000;3.0;2.0
1370047957000;1.0;1.0
1370047958000;0.0;0.0
1370047959000;2.0;2.0
1370047960000;2.0;2.0
1370047961000;1.0;0.0
1370047962000;1.0;0.0
1370047963000;2.0;0.0
1370047964000;1.0;1.0
1370047965000;1.0;2.0
1370047966000;2.0;2.0
1370047967000;0.0;2.0
1370047968000;2.0;0.0
1370047969000;1.0;1.0
1370047970000;1.0;0.0
1370047971000;2.0;2.0
1370047972000;1.0;1.0
1370047973000;2.0;3.0
1370047974000;0.0;0.0
1370047975000;0.0;0.0
1370047976000;2.0;0.0
1370047977000;1.0;4.0
1370047978000;3.0;2.0
1370047979000;1.0;0.0
1370047980000;1.0;1.0
1370047981000;3.0;1.0
1370047982000;1.0;0.0
1370047983000;1.0;2.0
1370047984000;0.0;1.0
1370047985000;1.0;2.0
1370047986000;2.0;3.0
1370047987000;0.0;1.0
1370047988000;2.0;0.0
1370047989000;0.0;2.0
1370047990000;1.0;2.0
1370047991000;1.0;3.0
1370047992000;2.0;0.0
1370047993000;2.0;1.0
1370047994000;1.0;0.0
1370047995000;1.0;2.0
1370047996000;0.0;2.0
1370047997000;1.0;1.0
1370047998000;2.0;2.0
1370047999000;1.0;3.0
1370048000000;2.0;3.0
1370048001000;0.0;0.0
