Timestamp;WC0;WC1;WC2
1370013395000;0.0;0.0;0.0
1370013396000;3.0;4.0;3.0
1370013397000;2.0;1.0;3.0
1370013398000;5.0;3.0;3.0
1370013399000;4.0;4.0;5.0
1370013400000;6.0;1.0;4.0
1370013401000;3.0;2.0;2.0
1370013402000;3.0;2.0;2.0
1370013403000;4.0;2.0;1.0
1370013404000;2.0;3.0;0.0
1370013405000;2.0;3.0;2.0
1370013406000;3.0;3.0;3.0
1370013407000;4.0;4.0;4.0
1370013408000;3.0;6.0;2.0
1370013409000;3.0;4.0;5.0
1370013410000;2.0;2.0;0.0
1370013411000;1.0;4.0;4.0
1370013412000;0.0;3.0;2.0
1370013413000;1.0;3.0;0.0
1370013414000;4.0;2.0;2.0
1370013415000;2.0;0.0;1.0
1370013416000;1.0;2.0;2.0
1370013417000;3.0;2.0;3.0
1370013418000;2.0;1.0;3.0
1370013419000;5.0;4.0;3.0
1370013420000;3.0;2.0;2.0
1370013421000;2.0;0.0;2.0
1370013422000;4.0;6.0;1.0
1370013423000;2.0;2.0;1.0
1370013424000;1.0;4.0;1.0
1370013425000;1.0;5.0;2.0
1370013426000;5.0;6.0;4.0
1370013427000;1.0;2.0;2.0
1370013428000;3.0;3.0;2.0
1370013429000;0.0;2.0;6.0
1370013430000;4.0;5.0;0.0
1370013431000;2.0;4.0;5.0
1370013432000;0.0;2.0;3.0
1370013433000;1.0;1.0;2.0
1370013434000;4.0;3.0;1.0
1370013435000;2.0;0.0;2.0
1370013436000;0.0;3.0;0.0
1370013437000;3.0;2.0;8.0
1370013438000;1.0;2.0;1.0
1370013439000;2.0;3.0;4.0
1370013440000;1.0;1.0;0.0
1370013441000;2.0;0.0;5.0
1370013442000;1.0;2.0;1.0
1370013443000;4.0;3.0;5.0
1370013444000;1.0;2.0;4.0
1370013445000;4.0;2.0;1.0
1370013446000;2.0;1.0;4.0
1370013447000;4.0;2.0;3.0
1370013448000;1.0;1.0;6.0
1370013449000;4.0;3.0;2.0
1370013450000;5.0;3.0;2.0
1370013451000;3.0;3.0;2.0
1370013452000;5.0;2.0;2.0
1370013453000;3.0;3.0;2.0
1370013454000;3.0;2.0;3.0
1370013455000;2.0;5.0;1.0
1370013456000;2.0;3.0;0.0
1370013457000;5.0;9.0;4.0
1370013458000;4.0;5.0;3.0
1370013459000;0.0;5.0;0.0
1370013460000;1.0;0.0;3.0
1370013461000;5.0;3.0;4.0
1370013462000;1.0;7.0;2.0
1370013463000;1.0;1.0;3.0
1370013464000;4.0;2.0;0.0
1370013465000;1.0;1.0;2.0
1370013466000;4.0;3.0;3.0
1370013467000;4.0;1.0;1.0
1370013468000;2.0;1.0;4.0
1370013469000;0.0;4.0;4.0
1370013470000;3.0;2.0;3.0
1370013471000;1.0;4.0;4.0
1370013472000;2.0;3.0;2.0
1370013473000;4.0;3.0;3.0
1370013474000;1.0;4.0;2.0
1370013475000;1.0;3.0;1.0
1370013476000;4.0;2.0;3.0
1370013477000;3.0;3.0;1.0
1370013478000;3.0;3.0;5.0
1370013479000;7.0;3.0;3.0
1370013480000;3.0;3.0;2.0
1370013481000;2.0;3.0;3.0
1370013482000;1.0;3.0;1.0
1370013483000;1.0;1.0;5.0
1370013484000;3.0;2.0;2.0
1370013485000;6.0;3.0;1.0
1370013486000;4.0;2.0;1.0
1370013487000;6.0;4.0;1.0
1370013488000;5.0;2.0;6.0
1370013489000;2.0;3.0;3.0
1370013490000;2.0;4.0;2.0
1370013491000;3.0;4.0;6.0
1370013492000;4.0;1.0;2.0
1370013493000;6.0;1.0;3.0
1370013494000;4.0;3.0;0.0
1370013495000;5.0;4.0;1.0
1370013496000;4.0;3.0;2.0
1370013497000;2.0;4.0;4.0
1370013498000;2.0;2.0;2.0
1370013499000;2.0;4.0;2.0
1370013500000;1.0;4.0;2.0
1370013501000;1.0;3.0;6.0
1370013502000;3.0;2.0;1.0
1370013503000;2.0;2.0;3.0
1370013504000;2.0;3.0;2.0
1370013505000;2.0;2.0;0.0
1370013506000;0.0;3.0;1.0
1370013507000;2.0;2.0;3.0
1370013508000;4.0;1.0;3.0
1370013509000;3.0;4.0;6.0
1370013510000;3.0;1.0;3.0
1370013511000;1.0;2.0;2.0
1370013512000;2.0;4.0;1.0
1370013513000;2.0;2.0;3.0
1370013514000;2.0;4.0;0.0
1370013515000;1.0;1.0;1.0
1370013516000;4.0;4.0;0.0
1370013517000;1.0;3.0;2.0
1370013518000;3.0;2.0;2.0
1370013519000;3.0;4.0;3.0
1370013520000;1.0;4.0;1.0
1370013521000;3.0;4.0;5.0
1370013522000;1.0;1.0;2.0
1370013523000;0.0;4.0;3.0
1370013524000;1.0;5.0;1.0
1370013525000;3.0;6.0;5.0
1370013526000;2.0;1.0;0.0
1370013527000;0.0;4.0;4.0
1370013528000;2.0;5.0;2.0
1370013529000;5.0;4.0;1.0
1370013530000;1.0;3.0;2.0
1370013531000;4.0;2.0;2.0
1370013532000;4.0;2.0;0.0
1370013533000;0.0;2.0;6.0
1370013534000;2.0;2.0;4.0
1370013535000;2.0;3.0;4.0
1370013536000;5.0;2.0;4.0
1370013537000;2.0;4.0;1.0
1370013538000;3.0;4.0;3.0
1370013539000;1.0;3.0;2.0
1370013540000;2.0;1.0;3.0
1370013541000;1.0;1.0;2.0
1370013542000;1.0;1.0;1.0
1370013543000;1.0;4.0;1.0
1370013544000;2.0;3.0;1.0
1370013545000;2.0;0.0;4.0
1370013546000;2.0;1.0;1.0
1370013547000;2.0;2.0;2.0
1370013548000;3.0;2.0;3.0
1370013549000;2.0;3.0;3.0
1370013550000;2.0;1.0;1.0
1370013551000;0.0;3.0;4.0
1370013552000;1.0;1.0;4.0
1370013553000;3.0;2.0;1.0
1370013554000;4.0;4.0;1.0
1370013555000;3.0;5.0;2.0
1370013556000;1.0;3.0;6.0
1370013557000;2.0;3.0;2.0
1370013558000;3.0;2.0;4.0
1370013559000;4.0;3.0;4.0
1370013560000;4.0;2.0;0.0
1370013561000;3.0;5.0;4.0
1370013562000;1.0;3.0;3.0
1370013563000;1.0;2.0;3.0
1370013564000;3.0;5.0;3.0
1370013565000;4.0;4.0;4.0
1370013566000;2.0;2.0;4.0
1370013567000;3.0;5.0;3.0
1370013568000;2.0;1.0;0.0
1370013569000;2.0;3.0;2.0
1370013570000;2.0;4.0;2.0
1370013571000;5.0;6.0;2.0
1370013572000;3.0;2.0;0.0
1370013573000;3.0;4.0;5.0
1370013574000;1.0;3.0;3.0
1370013575000;1.0;1.0;4.0
1370013576000;3.0;2.0;2.0
1370013577000;1.0;2.0;2.0
1370013578000;2.0;5.0;1.0
1370013579000;1.0;2.0;7.0
1370013580000;3.0;1.0;3.0
1370013581000;4.0;2.0;6.0
1370013582000;3.0;5.0;5.0
1370013583000;3.0;2.0;2.0
1370013584000;4.0;4.0;1.0
1370013585000;4.0;0.0;2.0
1370013586000;3.0;2.0;4.0
1370013587000;7.0;1.0;4.0
1370013588000;1.0;2.0;3.0
1370013589000;2.0;4.0;3.0
1370013590000;1.0;0.0;1.0
1370013591000;4.0;1.0;0.0
1370013592000;2.0;1.0;7.0
1370013593000;2.0;1.0;3.0
1370013594000;2.0;2.0;4.0
1370013595000;2.0;0.0;2.0
1370013596000;1.0;2.0;3.0
1370013597000;2.0;3.0;4.0
1370013598000;1.0;2.0;2.0
1370013599000;1.0;1.0;0.0
1370013600000;3.0;1.0;2.0
1370013601000;4.0;3.0;4.0
1370013602000;2.0;2.0;2.0
1370013603000;3.0;4.0;2.0
1370013604000;2.0;2.0;2.0
1370013605000;1.0;3.0;1.0
1370013606000;0.0;3.0;1.0
1370013607000;2.0;5.0;0.0
1370013608000;3.0;4.0;5.0
1370013609000;3.0;2.0;3.0
1370013610000;3.0;4.0;4.0
1370013611000;1.0;5.0;0.0
1370013612000;3.0;1.0;4.0
1370013613000;3.0;6.0;2.0
1370013614000;5.0;7.0;2.0
1370013615000;1.0;4.0;4.0
1370013616000;3.0;4.0;1.0
1370013617000;5.0;3.0;3.0
1370013618000;1.0;4.0;0.0
1370013619000;5.0;2.0;5.0
1370013620000;4.0;2.0;2.0
1370013621000;6.0;1.0;4.0
1370013622000;0.0;3.0;3.0
1370013623000;2.0;1.0;6.0
1370013624000;2.0;3.0;2.0
1370013625000;0.0;5.0;2.0
1370013626000;1.0;0.0;4.0
1370013627000;5.0;3.0;3.0
1370013628000;2.0;0.0;2.0
1370013629000;4.0;3.0;2.0
1370013630000;3.0;3.0;0.0
1370013631000;2.0;1.0;2.0
1370013632000;4.0;1.0;1.0
1370013633000;1.0;3.0;4.0
1370013634000;3.0;4.0;3.0
1370013635000;5.0;3.0;5.0
1370013636000;1.0;2.0;4.0
1370013637000;4.0;1.0;4.0
1370013638000;1.0;2.0;3.0
1370013639000;1.0;2.0;4.0
1370013640000;2.0;1.0;4.0
1370013641000;8.0;3.0;3.0
1370013642000;2.0;2.0;1.0
1370013643000;2.0;3.0;2.0
1370013644000;4.0;3.0;4.0
1370013645000;1.0;0.0;1.0
1370013646000;4.0;4.0;3.0
1370013647000;1.0;1.0;3.0
1370013648000;5.0;2.0;4.0
1370013649000;3.0;0.0;3.0
1370013650000;2.0;3.0;2.0
1370013651000;3.0;4.0;2.0
1370013652000;2.0;1.0;3.0
1370013653000;4.0;4.0;1.0
1370013654000;9.0;3.0;1.0
1370013655000;3.0;4.0;1.0
1370013656000;6.0;0.0;1.0
1370013657000;4.0;0.0;2.0
1370013658000;4.0;0.0;2.0
1370013659000;1.0;3.0;2.0
1370013660000;0.0;3.0;4.0
1370013661000;2.0;2.0;1.0
1370013662000;1.0;4.0;6.0
1370013663000;0.0;1.0;4.0
1370013664000;2.0;2.0;4.0
1370013665000;0.0;1.0;1.0
1370013666000;3.0;2.0;1.0
1370013667000;5.0;2.0;2.0
1370013668000;4.0;5.0;2.0
1370013669000;1.0;3.0;2.0
1370013670000;1.0;4.0;2.0
1370013671000;3.0;3.0;2.0
1370013672000;0.0;0.0;0.0
1370013673000;2.0;1.0;3.0
1370013674000;3.0;1.0;4.0
1370013675000;0.0;2.0;1.0
1370013676000;2.0;2.0;1.0
1370013677000;4.0;6.0;3.0
1370013678000;6.0;2.0;2.0
1370013679000;3.0;0.0;2.0
1370013680000;4.0;3.0;0.0
1370013681000;0.0;3.0;5.0
1370013682000;4.0;2.0;2.0
1370013683000;2.0;2.0;3.0
1370013684000;1.0;1.0;2.0
1370013685000;1.0;5.0;5.0
1370013686000;1.0;6.0;3.0
1370013687000;2.0;3.0;2.0
1370013688000;2.0;6.0;3.0
1370013689000;5.0;2.0;2.0
1370013690000;2.0;0.0;3.0
1370013691000;1.0;6.0;1.0
1370013692000;3.0;3.0;2.0
1370013693000;2.0;4.0;4.0
1370013694000;1.0;5.0;3.0
1370013695000;3.0;5.0;4.0
1370013696000;3.0;2.0;4.0
1370013697000;7.0;5.0;2.0
1370013698000;2.0;0.0;5.0
1370013699000;3.0;2.0;2.0
1370013700000;3.0;0.0;2.0
1370013701000;1.0;3.0;3.0
1370013702000;3.0;2.0;1.0
1370013703000;4.0;5.0;3.0
1370013704000;3.0;6.0;6.0
1370013705000;4.0;2.0;2.0
1370013706000;3.0;5.0;1.0
1370013707000;3.0;1.0;1.0
1370013708000;3.0;2.0;2.0
1370013709000;2.0;0.0;0.0
1370013710000;3.0;5.0;3.0
1370013711000;1.0;1.0;2.0
1370013712000;1.0;3.0;5.0
1370013713000;4.0;0.0;4.0
1370013714000;3.0;5.0;3.0
1370013715000;1.0;3.0;1.0
1370013716000;3.0;3.0;1.0
1370013717000;4.0;3.0;0.0
1370013718000;1.0;1.0;3.0
1370013719000;4.0;2.0;1.0
1370013720000;2.0;5.0;2.0
1370013721000;2.0;3.0;2.0
1370013722000;5.0;4.0;2.0
1370013723000;1.0;4.0;6.0
1370013724000;3.0;2.0;4.0
1370013725000;2.0;3.0;4.0
1370013726000;4.0;4.0;2.0
1370013727000;4.0;0.0;1.0
1370013728000;1.0;2.0;5.0
1370013729000;1.0;2.0;3.0
1370013730000;3.0;0.0;1.0
1370013731000;1.0;3.0;1.0
1370013732000;3.0;2.0;1.0
1370013733000;0.0;2.0;3.0
1370013734000;4.0;2.0;4.0
1370013735000;4.0;2.0;3.0
1370013736000;0.0;3.0;2.0
1370013737000;3.0;1.0;1.0
1370013738000;1.0;4.0;8.0
1370013739000;1.0;4.0;0.0
1370013740000;4.0;5.0;4.0
1370013741000;4.0;2.0;0.0
1370013742000;2.0;3.0;3.0
1370013743000;4.0;2.0;1.0
1370013744000;3.0;2.0;2.0
1370013745000;0.0;3.0;2.0
1370013746000;4.0;5.0;3.0
1370013747000;3.0;3.0;2.0
1370013748000;3.0;1.0;6.0
1370013749000;1.0;3.0;1.0
1370013750000;2.0;0.0;3.0
1370013751000;3.0;1.0;3.0
1370013752000;0.0;2.0;2.0
1370013753000;5.0;5.0;0.0
1370013754000;2.0;2.0;5.0
1370013755000;1.0;3.0;4.0
1370013756000;3.0;2.0;5.0
1370013757000;3.0;3.0;3.0
1370013758000;2.0;5.0;4.0
1370013759000;3.0;3.0;4.0
1370013760000;3.0;2.0;4.0
1370013761000;5.0;2.0;3.0
1370013762000;4.0;0.0;1.0
1370013763000;3.0;4.0;2.0
1370013764000;3.0;0.0;3.0
1370013765000;5.0;4.0;5.0
1370013766000;4.0;0.0;4.0
1370013767000;1.0;2.0;4.0
1370013768000;1.0;2.0;2.0
1370013769000;2.0;4.0;6.0
1370013770000;0.0;1.0;4.0
1370013771000;5.0;4.0;1.0
1370013772000;3.0;6.0;6.0
1370013773000;7.0;3.0;2.0
1370013774000;3.0;2.0;5.0
1370013775000;1.0;4.0;1.0
1370013776000;2.0;2.0;6.0
1370013777000;2.0;4.0;1.0
1370013778000;1.0;8.0;5.0
1370013779000;4.0;4.0;1.0
1370013780000;2.0;2.0;2.0
1370013781000;1.0;1.0;2.0
1370013782000;0.0;1.0;1.0
1370013783000;2.0;4.0;1.0
1370013784000;3.0;4.0;1.0
1370013785000;4.0;2.0;1.0
1370013786000;2.0;3.0;0.0
1370013787000;3.0;2.0;2.0
1370013788000;4.0;2.0;2.0
1370013789000;0.0;3.0;1.0
1370013790000;0.0;4.0;4.0
1370013791000;1.0;3.0;2.0
1370013792000;2.0;2.0;2.0
1370013793000;0.0;3.0;3.0
1370013794000;2.0;1.0;2.0
1370013795000;5.0;0.0;2.0
1370013796000;2.0;6.0;4.0
1370013797000;4.0;4.0;2.0
1370013798000;1.0;2.0;4.0
1370013799000;1.0;0.0;1.0
1370013800000;2.0;3.0;2.0
1370013801000;3.0;2.0;2.0
1370013802000;3.0;3.0;1.0
1370013803000;2.0;3.0;3.0
1370013804000;3.0;1.0;2.0
1370013805000;5.0;1.0;2.0
1370013806000;4.0;3.0;3.0
1370013807000;1.0;0.0;2.0
1370013808000;1.0;3.0;3.0
1370013809000;6.0;0.0;0.0
1370013810000;2.0;0.0;3.0
1370013811000;5.0;3.0;2.0
1370013812000;2.0;3.0;6.0
1370013813000;6.0;2.0;5.0
1370013814000;2.0;6.0;2.0
1370013815000;1.0;4.0;1.0
1370013816000;2.0;2.0;0.0
1370013817000;2.0;1.0;2.0
1370013818000;5.0;3.0;5.0
1370013819000;1.0;2.0;3.0
1370013820000;4.0;2.0;2.0
1370013821000;4.0;2.0;4.0
1370013822000;2.0;2.0;2.0
1370013823000;1.0;1.0;4.0
1370013824000;2.0;3.0;4.0
1370013825000;4.0;2.0;3.0
1370013826000;5.0;5.0;1.0
1370013827000;3.0;2.0;1.0
1370013828000;1.0;1.0;1.0
1370013829000;2.0;3.0;2.0
1370013830000;3.0;4.0;6.0
1370013831000;1.0;0.0;6.0
1370013832000;0.0;3.0;2.0
1370013833000;1.0;6.0;2.0
1370013834000;1.0;2.0;2.0
1370013835000;3.0;1.0;4.0
1370013836000;4.0;3.0;3.0
1370013837000;5.0;4.0;4.0
1370013838000;1.0;4.0;0.0
1370013839000;3.0;4.0;4.0
1370013840000;4.0;3.0;2.0
1370013841000;3.0;1.0;5.0
1370013842000;2.0;4.0;5.0
1370013843000;2.0;2.0;0.0
1370013844000;2.0;1.0;1.0
1370013845000;1.0;2.0;1.0
1370013846000;1.0;5.0;1.0
1370013847000;0.0;2.0;2.0
1370013848000;3.0;3.0;2.0
1370013849000;5.0;1.0;1.0
1370013850000;3.0;5.0;5.0
1370013851000;4.0;2.0;2.0
1370013852000;2.0;1.0;0.0
1370013853000;2.0;3.0;0.0
1370013854000;2.0;5.0;4.0
1370013855000;3.0;2.0;1.0
1370013856000;3.0;2.0;2.0
1370013857000;1.0;4.0;0.0
1370013858000;2.0;1.0;4.0
1370013859000;4.0;6.0;3.0
1370013860000;3.0;4.0;0.0
1370013861000;4.0;3.0;0.0
1370013862000;2.0;4.0;2.0
1370013863000;3.0;1.0;2.0
1370013864000;0.0;5.0;2.0
1370013865000;1.0;2.0;2.0
1370013866000;0.0;4.0;2.0
1370013867000;0.0;0.0;0.0
1370013868000;0.0;0.0;4.0
1370013869000;2.0;3.0;3.0
1370013870000;3.0;4.0;0.0
1370013871000;3.0;1.0;3.0
1370013872000;2.0;0.0;1.0
1370013873000;3.0;0.0;3.0
1370013874000;1.0;4.0;1.0
1370013875000;3.0;2.0;3.0
1370013876000;0.0;3.0;2.0
1370013877000;1.0;4.0;0.0
1370013878000;5.0;2.0;3.0
1370013879000;4.0;0.0;4.0
1370013880000;3.0;2.0;3.0
1370013881000;5.0;2.0;3.0
1370013882000;4.0;4.0;5.0
1370013883000;2.0;1.0;2.0
1370013884000;5.0;0.0;2.0
1370013885000;2.0;4.0;2.0
1370013886000;3.0;1.0;4.0
1370013887000;2.0;2.0;3.0
1370013888000;4.0;6.0;2.0
1370013889000;5.0;2.0;5.0
1370013890000;2.0;5.0;0.0
1370013891000;1.0;4.0;2.0
1370013892000;3.0;4.0;3.0
1370013893000;3.0;3.0;3.0
1370013894000;2.0;6.0;3.0
1370013895000;3.0;5.0;3.0
1370013896000;3.0;1.0;0.0
1370013897000;4.0;3.0;6.0
1370013898000;3.0;2.0;5.0
1370013899000;3.0;2.0;1.0
1370013900000;1.0;4.0;1.0
1370013901000;3.0;0.0;4.0
1370013902000;2.0;2.0;3.0
1370013903000;3.0;2.0;7.0
1370013904000;4.0;7.0;2.0
1370013905000;2.0;4.0;4.0
1370013906000;3.0;3.0;0.0
1370013907000;3.0;4.0;2.0
1370013908000;4.0;3.0;3.0
1370013909000;0.0;4.0;4.0
1370013910000;4.0;2.0;7.0
1370013911000;2.0;2.0;4.0
1370013912000;4.0;0.0;2.0
1370013913000;4.0;1.0;3.0
1370013914000;3.0;1.0;3.0
1370013915000;4.0;2.0;3.0
1370013916000;7.0;7.0;4.0
1370013917000;2.0;2.0;6.0
1370013918000;3.0;1.0;4.0
1370013919000;4.0;3.0;2.0
1370013920000;2.0;2.0;4.0
1370013921000;2.0;4.0;1.0
1370013922000;2.0;2.0;0.0
1370013923000;4.0;1.0;1.0
1370013924000;3.0;2.0;4.0
1370013925000;3.0;0.0;2.0
1370013926000;3.0;7.0;1.0
1370013927000;4.0;1.0;0.0
1370013928000;0.0;2.0;6.0
1370013929000;1.0;1.0;3.0
1370013930000;3.0;1.0;3.0
1370013931000;1.0;2.0;2.0
1370013932000;0.0;2.0;5.0
1370013933000;1.0;2.0;6.0
1370013934000;2.0;2.0;0.0
1370013935000;2.0;2.0;2.0
1370013936000;2.0;0.0;2.0
1370013937000;2.0;7.0;1.0
1370013938000;3.0;0.0;1.0
1370013939000;3.0;5.0;2.0
1370013940000;0.0;4.0;5.0
1370013941000;4.0;2.0;2.0
1370013942000;7.0;4.0;3.0
1370013943000;1.0;2.0;2.0
1370013944000;4.0;3.0;6.0
1370013945000;2.0;0.0;1.0
1370013946000;2.0;1.0;5.0
1370013947000;6.0;2.0;3.0
1370013948000;7.0;5.0;4.0
1370013949000;3.0;3.0;4.0
1370013950000;3.0;6.0;1.0
1370013951000;4.0;2.0;3.0
1370013952000;4.0;3.0;3.0
1370013953000;5.0;3.0;3.0
1370013954000;3.0;0.0;0.0
1370013955000;3.0;4.0;4.0
1370013956000;5.0;2.0;4.0
1370013957000;5.0;3.0;5.0
1370013958000;2.0;3.0;1.0
1370013959000;3.0;2.0;2.0
1370013960000;2.0;1.0;5.0
1370013961000;3.0;5.0;3.0
1370013962000;3.0;1.0;6.0
1370013963000;4.0;4.0;1.0
1370013964000;1.0;0.0;2.0
1370013965000;4.0;1.0;3.0
1370013966000;0.0;0.0;3.0
1370013967000;2.0;4.0;4.0
1370013968000;3.0;4.0;3.0
1370013969000;2.0;4.0;4.0
1370013970000;3.0;2.0;4.0
1370013971000;2.0;2.0;4.0
1370013972000;3.0;4.0;2.0
1370013973000;2.0;2.0;2.0
1370013974000;2.0;2.0;1.0
1370013975000;2.0;2.0;4.0
1370013976000;1.0;3.0;2.0
1370013977000;4.0;5.0;5.0
1370013978000;4.0;3.0;3.0
1370013979000;3.0;2.0;3.0
1370013980000;4.0;2.0;2.0
1370013981000;1.0;0.0;0.0
1370013982000;3.0;5.0;0.0
1370013983000;5.0;8.0;5.0
1370013984000;6.0;1.0;4.0
1370013985000;5.0;3.0;2.0
1370013986000;2.0;2.0;1.0
1370013987000;5.0;4.0;5.0
1370013988000;1.0;2.0;2.0
1370013989000;3.0;4.0;2.0
1370013990000;4.0;1.0;1.0
1370013991000;1.0;2.0;2.0
1370013992000;3.0;0.0;3.0
1370013993000;3.0;1.0;0.0
1370013994000;2.0;5.0;3.0
1370013995000;1.0;4.0;2.0
1370013996000;2.0;6.0;2.0
1370013997000;4.0;0.0;2.0
1370013998000;3.0;4.0;5.0
1370013999000;4.0;3.0;3.0
1370014000000;2.0;3.0;3.0
1370014001000;2.0;1.0;0.0
1370014002000;4.0;2.0;0.0
1370014003000;2.0;5.0;0.0
1370014004000;3.0;3.0;1.0
1370014005000;2.0;1.0;1.0
1370014006000;2.0;3.0;4.0
1370014007000;5.0;3.0;5.0
1370014008000;0.0;1.0;4.0
1370014009000;3.0;5.0;0.0
1370014010000;5.0;4.0;0.0
1370014011000;2.0;3.0;1.0
1370014012000;3.0;2.0;0.0
1370014013000;0.0;3.0;2.0
1370014014000;3.0;2.0;2.0
1370014015000;3.0;2.0;1.0
1370014016000;4.0;6.0;6.0
1370014017000;2.0;1.0;5.0
1370014018000;4.0;2.0;3.0
1370014019000;2.0;0.0;1.0
1370014020000;3.0;1.0;3.0
1370014021000;1.0;2.0;3.0
1370014022000;5.0;3.0;5.0
1370014023000;6.0;2.0;2.0
1370014024000;3.0;5.0;1.0
1370014025000;5.0;2.0;1.0
1370014026000;3.0;2.0;3.0
1370014027000;4.0;2.0;1.0
1370014028000;2.0;1.0;4.0
1370014029000;3.0;2.0;1.0
1370014030000;4.0;2.0;2.0
1370014031000;2.0;5.0;2.0
1370014032000;1.0;5.0;4.0
1370014033000;2.0;3.0;2.0
1370014034000;1.0;3.0;3.0
1370014035000;2.0;1.0;3.0
1370014036000;2.0;2.0;1.0
1370014037000;2.0;1.0;2.0
1370014038000;0.0;5.0;3.0
1370014039000;3.0;3.0;0.0
1370014040000;1.0;2.0;5.0
1370014041000;3.0;4.0;4.0
1370014042000;1.0;2.0;4.0
1370014043000;1.0;4.0;2.0
1370014044000;5.0;1.0;3.0
1370014045000;5.0;3.0;2.0
1370014046000;5.0;3.0;2.0
1370014047000;2.0;2.0;4.0
1370014048000;3.0;1.0;4.0
1370014049000;4.0;3.0;0.0
1370014050000;1.0;3.0;4.0
1370014051000;7.0;3.0;2.0
1370014052000;3.0;4.0;3.0
1370014053000;1.0;3.0;3.0
1370014054000;2.0;6.0;1.0
1370014055000;3.0;7.0;7.0
1370014056000;5.0;1.0;4.0
1370014057000;4.0;2.0;2.0
1370014058000;4.0;2.0;2.0
1370014059000;4.0;4.0;2.0
1370014060000;3.0;3.0;1.0
1370014061000;1.0;4.0;2.0
1370014062000;1.0;3.0;5.0
1370014063000;2.0;4.0;1.0
1370014064000;5.0;5.0;2.0
1370014065000;3.0;5.0;3.0
1370014066000;5.0;1.0;5.0
1370014067000;1.0;2.0;3.0
1370014068000;2.0;1.0;4.0
1370014069000;2.0;1.0;3.0
1370014070000;1.0;0.0;3.0
1370014071000;3.0;5.0;3.0
1370014072000;3.0;3.0;5.0
1370014073000;2.0;1.0;0.0
1370014074000;1.0;1.0;3.0
1370014075000;2.0;2.0;1.0
1370014076000;0.0;4.0;5.0
1370014077000;0.0;3.0;3.0
1370014078000;4.0;2.0;1.0
1370014079000;1.0;3.0;2.0
1370014080000;0.0;3.0;4.0
1370014081000;3.0;2.0;3.0
1370014082000;1.0;3.0;2.0
1370014083000;2.0;4.0;4.0
1370014084000;1.0;3.0;3.0
1370014085000;2.0;2.0;3.0
1370014086000;2.0;5.0;5.0
1370014087000;5.0;3.0;3.0
1370014088000;1.0;1.0;6.0
1370014089000;4.0;3.0;1.0
1370014090000;4.0;4.0;1.0
1370014091000;1.0;0.0;3.0
1370014092000;3.0;2.0;2.0
1370014093000;3.0;2.0;0.0
1370014094000;6.0;1.0;3.0
1370014095000;7.0;1.0;4.0
1370014096000;3.0;5.0;3.0
1370014097000;4.0;4.0;3.0
1370014098000;3.0;2.0;1.0
1370014099000;3.0;6.0;1.0
1370014100000;3.0;2.0;2.0
1370014101000;3.0;3.0;1.0
1370014102000;1.0;6.0;1.0
1370014103000;0.0;4.0;5.0
1370014104000;3.0;0.0;1.0
1370014105000;2.0;0.0;1.0
1370014106000;5.0;3.0;3.0
1370014107000;2.0;3.0;0.0
1370014108000;2.0;2.0;4.0
1370014109000;3.0;1.0;5.0
1370014110000;3.0;4.0;1.0
1370014111000;4.0;3.0;0.0
1370014112000;2.0;4.0;1.0
1370014113000;3.0;1.0;2.0
1370014114000;5.0;2.0;1.0
1370014115000;1.0;1.0;4.0
1370014116000;2.0;2.0;4.0
1370014117000;4.0;3.0;3.0
1370014118000;4.0;1.0;4.0
1370014119000;3.0;4.0;2.0
1370014120000;1.0;5.0;5.0
1370014121000;6.0;3.0;5.0
1370014122000;1.0;3.0;3.0
1370014123000;5.0;3.0;6.0
1370014124000;3.0;2.0;4.0
1370014125000;2.0;6.0;4.0
1370014126000;1.0;3.0;3.0
1370014127000;2.0;4.0;2.0
1370014128000;8.0;2.0;3.0
1370014129000;4.0;2.0;3.0
1370014130000;3.0;3.0;4.0
1370014131000;1.0;3.0;3.0
1370014132000;2.0;1.0;3.0
1370014133000;3.0;3.0;3.0
1370014134000;4.0;3.0;2.0
1370014135000;3.0;1.0;6.0
1370014136000;0.0;2.0;4.0
1370014137000;1.0;2.0;4.0
1370014138000;2.0;0.0;2.0
1370014139000;5.0;4.0;3.0
1370014140000;0.0;3.0;3.0
1370014141000;2.0;1.0;0.0
1370014142000;6.0;4.0;3.0
1370014143000;2.0;1.0;4.0
1370014144000;3.0;2.0;2.0
1370014145000;3.0;3.0;6.0
1370014146000;3.0;0.0;1.0
1370014147000;5.0;2.0;4.0
1370014148000;2.0;2.0;3.0
1370014149000;3.0;4.0;2.0
1370014150000;5.0;1.0;0.0
1370014151000;1.0;2.0;1.0
1370014152000;3.0;4.0;2.0
1370014153000;3.0;2.0;4.0
1370014154000;5.0;3.0;3.0
1370014155000;1.0;5.0;2.0
1370014156000;0.0;4.0;4.0
1370014157000;3.0;3.0;4.0
1370014158000;3.0;5.0;0.0
1370014159000;2.0;0.0;1.0
1370014160000;4.0;1.0;2.0
1370014161000;1.0;5.0;2.0
1370014162000;3.0;1.0;2.0
1370014163000;5.0;2.0;3.0
1370014164000;6.0;5.0;0.0
1370014165000;1.0;2.0;4.0
1370014166000;3.0;2.0;5.0
1370014167000;1.0;2.0;2.0
1370014168000;4.0;2.0;2.0
1370014169000;5.0;1.0;3.0
1370014170000;1.0;3.0;2.0
1370014171000;3.0;5.0;1.0
1370014172000;4.0;2.0;0.0
1370014173000;2.0;5.0;1.0
1370014174000;3.0;2.0;0.0
1370014175000;2.0;3.0;1.0
1370014176000;2.0;1.0;2.0
1370014177000;1.0;4.0;3.0
1370014178000;4.0;3.0;2.0
1370014179000;4.0;5.0;1.0
1370014180000;2.0;6.0;5.0
1370014181000;3.0;1.0;3.0
1370014182000;3.0;1.0;2.0
1370014183000;3.0;2.0;3.0
1370014184000;2.0;5.0;2.0
1370014185000;5.0;4.0;3.0
1370014186000;2.0;2.0;3.0
1370014187000;2.0;0.0;3.0
1370014188000;2.0;5.0;4.0
1370014189000;2.0;1.0;2.0
1370014190000;2.0;5.0;4.0
1370014191000;3.0;3.0;2.0
1370014192000;2.0;1.0;4.0
1370014193000;4.0;4.0;1.0
1370014194000;5.0;1.0;0.0
1370014195000;3.0;6.0;1.0
1370014196000;1.0;3.0;5.0
1370014197000;0.0;1.0;3.0
1370014198000;0.0;1.0;1.0
1370014199000;2.0;2.0;1.0
1370014200000;2.0;2.0;3.0
1370014201000;0.0;2.0;1.0
1370014202000;2.0;2.0;4.0
1370014203000;2.0;1.0;3.0
1370014204000;2.0;2.0;3.0
1370014205000;3.0;5.0;2.0
1370014206000;1.0;2.0;3.0
1370014207000;2.0;3.0;0.0
1370014208000;0.0;2.0;2.0
1370014209000;3.0;5.0;5.0
1370014210000;1.0;3.0;1.0
1370014211000;5.0;6.0;2.0
1370014212000;2.0;4.0;6.0
1370014213000;3.0;5.0;5.0
1370014214000;1.0;4.0;2.0
1370014215000;2.0;0.0;1.0
1370014216000;3.0;4.0;3.0
1370014217000;2.0;6.0;1.0
1370014218000;1.0;2.0;4.0
1370014219000;4.0;3.0;2.0
1370014220000;1.0;3.0;4.0
1370014221000;3.0;2.0;1.0
1370014222000;1.0;5.0;3.0
1370014223000;5.0;4.0;3.0
1370014224000;6.0;3.0;1.0
1370014225000;6.0;1.0;2.0
1370014226000;2.0;2.0;0.0
1370014227000;1.0;2.0;4.0
1370014228000;3.0;3.0;4.0
1370014229000;2.0;0.0;0.0
1370014230000;1.0;3.0;0.0
1370014231000;4.0;4.0;3.0
1370014232000;0.0;3.0;4.0
1370014233000;3.0;2.0;5.0
1370014234000;1.0;2.0;2.0
1370014235000;3.0;3.0;1.0
1370014236000;4.0;3.0;2.0
1370014237000;3.0;4.0;3.0
1370014238000;1.0;1.0;2.0
1370014239000;2.0;1.0;3.0
1370014240000;1.0;3.0;1.0
1370014241000;1.0;3.0;4.0
1370014242000;1.0;0.0;5.0
1370014243000;2.0;0.0;4.0
1370014244000;6.0;2.0;3.0
1370014245000;2.0;1.0;6.0
1370014246000;5.0;4.0;3.0
1370014247000;0.0;2.0;3.0
1370014248000;4.0;3.0;0.0
1370014249000;5.0;4.0;0.0
1370014250000;2.0;2.0;4.0
1370014251000;1.0;2.0;2.0
1370014252000;3.0;1.0;0.0
1370014253000;2.0;4.0;1.0
1370014254000;5.0;4.0;2.0
1370014255000;3.0;4.0;4.0
1370014256000;2.0;1.0;6.0
1370014257000;4.0;5.0;4.0
1370014258000;2.0;2.0;1.0
1370014259000;3.0;9.0;3.0
1370014260000;4.0;2.0;2.0
1370014261000;5.0;1.0;3.0
1370014262000;1.0;2.0;4.0
1370014263000;3.0;0.0;2.0
1370014264000;3.0;1.0;2.0
1370014265000;4.0;1.0;2.0
1370014266000;1.0;2.0;0.0
1370014267000;2.0;1.0;3.0
1370014268000;4.0;1.0;4.0
1370014269000;1.0;3.0;2.0
1370014270000;2.0;2.0;2.0
1370014271000;1.0;3.0;4.0
1370014272000;3.0;4.0;1.0
1370014273000;1.0;0.0;1.0
1370014274000;2.0;4.0;5.0
1370014275000;0.0;2.0;1.0
1370014276000;2.0;1.0;2.0
1370014277000;0.0;3.0;6.0
1370014278000;3.0;1.0;0.0
1370014279000;2.0;4.0;1.0
1370014280000;4.0;2.0;3.0
1370014281000;2.0;2.0;3.0
1370014282000;3.0;2.0;3.0
1370014283000;3.0;3.0;3.0
1370014284000;2.0;3.0;2.0
1370014285000;2.0;2.0;0.0
1370014286000;2.0;3.0;2.0
1370014287000;1.0;1.0;1.0
1370014288000;1.0;4.0;1.0
1370014289000;5.0;4.0;1.0
1370014290000;3.0;5.0;4.0
1370014291000;1.0;3.0;2.0
1370014292000;3.0;2.0;4.0
1370014293000;2.0;3.0;2.0
1370014294000;2.0;5.0;2.0
1370014295000;1.0;2.0;2.0
1370014296000;6.0;3.0;2.0
1370014297000;1.0;5.0;6.0
1370014298000;6.0;0.0;6.0
1370014299000;3.0;4.0;3.0
1370014300000;3.0;5.0;4.0
1370014301000;2.0;4.0;1.0
1370014302000;2.0;5.0;6.0
1370014303000;4.0;4.0;0.0
1370014304000;3.0;5.0;5.0
1370014305000;1.0;1.0;2.0
1370014306000;3.0;0.0;6.0
1370014307000;2.0;1.0;2.0
1370014308000;5.0;2.0;1.0
1370014309000;4.0;2.0;3.0
1370014310000;4.0;1.0;3.0
1370014311000;3.0;1.0;4.0
1370014312000;3.0;3.0;2.0
1370014313000;1.0;4.0;3.0
1370014314000;4.0;1.0;1.0
1370014315000;4.0;3.0;2.0
1370014316000;3.0;2.0;3.0
1370014317000;4.0;5.0;1.0
1370014318000;2.0;2.0;1.0
1370014319000;4.0;1.0;1.0
1370014320000;1.0;3.0;1.0
1370014321000;6.0;4.0;1.0
1370014322000;1.0;3.0;3.0
1370014323000;2.0;1.0;3.0
1370014324000;2.0;2.0;1.0
1370014325000;4.0;1.0;3.0
1370014326000;4.0;5.0;1.0
1370014327000;1.0;5.0;1.0
1370014328000;1.0;2.0;3.0
1370014329000;2.0;1.0;0.0
1370014330000;1.0;3.0;1.0
1370014331000;0.0;1.0;6.0
1370014332000;1.0;2.0;0.0
1370014333000;1.0;3.0;4.0
1370014334000;5.0;1.0;5.0
1370014335000;4.0;2.0;7.0
1370014336000;1.0;2.0;2.0
1370014337000;4.0;6.0;4.0
1370014338000;6.0;3.0;0.0
1370014339000;5.0;3.0;3.0
1370014340000;2.0;2.0;6.0
1370014341000;1.0;3.0;3.0
1370014342000;3.0;5.0;0.0
1370014343000;0.0;5.0;3.0
1370014344000;3.0;3.0;4.0
1370014345000;2.0;5.0;2.0
1370014346000;2.0;3.0;0.0
1370014347000;4.0;3.0;4.0
1370014348000;1.0;1.0;3.0
1370014349000;1.0;5.0;1.0
1370014350000;4.0;6.0;1.0
1370014351000;2.0;6.0;0.0
1370014352000;2.0;4.0;3.0
1370014353000;3.0;1.0;1.0
1370014354000;0.0;2.0;1.0
1370014355000;6.0;2.0;1.0
1370014356000;4.0;5.0;4.0
1370014357000;2.0;4.0;1.0
1370014358000;1.0;7.0;3.0
1370014359000;4.0;1.0;2.0
1370014360000;2.0;4.0;3.0
1370014361000;6.0;0.0;5.0
1370014362000;2.0;3.0;0.0
1370014363000;3.0;3.0;1.0
1370014364000;3.0;1.0;1.0
1370014365000;5.0;6.0;5.0
1370014366000;2.0;4.0;4.0
1370014367000;2.0;2.0;1.0
1370014368000;2.0;4.0;5.0
1370014369000;6.0;1.0;3.0
1370014370000;3.0;3.0;1.0
1370014371000;2.0;1.0;4.0
1370014372000;3.0;1.0;5.0
1370014373000;4.0;2.0;1.0
1370014374000;7.0;5.0;3.0
1370014375000;2.0;4.0;5.0
1370014376000;3.0;1.0;5.0
1370014377000;5.0;2.0;2.0
1370014378000;4.0;1.0;2.0
1370014379000;2.0;1.0;3.0
1370014380000;2.0;3.0;0.0
1370014381000;3.0;1.0;2.0
1370014382000;2.0;2.0;3.0
1370014383000;4.0;2.0;7.0
1370014384000;3.0;3.0;2.0
1370014385000;0.0;5.0;1.0
1370014386000;6.0;4.0;5.0
1370014387000;4.0;3.0;1.0
1370014388000;3.0;5.0;6.0
1370014389000;1.0;2.0;2.0
1370014390000;1.0;4.0;3.0
1370014391000;2.0;2.0;2.0
1370014392000;4.0;6.0;4.0
1370014393000;4.0;6.0;4.0
1370014394000;0.0;3.0;2.0
1370014395000;5.0;3.0;1.0
1370014396000;5.0;4.0;2.0
1370014397000;4.0;4.0;3.0
1370014398000;2.0;0.0;0.0
1370014399000;4.0;1.0;6.0
1370014400000;2.0;3.0;4.0
1370014401000;3.0;3.0;2.0
1370014402000;2.0;3.0;1.0
1370014403000;1.0;1.0;1.0
1370014404000;3.0;0.0;6.0
1370014405000;3.0;2.0;5.0
1370014406000;2.0;2.0;1.0
1370014407000;2.0;2.0;3.0
1370014408000;3.0;3.0;1.0
1370014409000;4.0;1.0;2.0
1370014410000;0.0;3.0;4.0
1370014411000;1.0;2.0;0.0
1370014412000;2.0;2.0;3.0
1370014413000;7.0;3.0;2.0
1370014414000;2.0;1.0;3.0
1370014415000;3.0;3.0;3.0
1370014416000;3.0;4.0;2.0
1370014417000;0.0;3.0;1.0
1370014418000;3.0;6.0;3.0
1370014419000;2.0;1.0;3.0
1370014420000;2.0;2.0;0.0
1370014421000;3.0;1.0;1.0
1370014422000;3.0;3.0;2.0
1370014423000;0.0;4.0;3.0
1370014424000;3.0;0.0;3.0
1370014425000;2.0;3.0;3.0
1370014426000;5.0;7.0;6.0
1370014427000;3.0;1.0;2.0
1370014428000;2.0;1.0;3.0
1370014429000;3.0;3.0;2.0
1370014430000;1.0;4.0;4.0
1370014431000;5.0;4.0;2.0
1370014432000;5.0;2.0;3.0
1370014433000;6.0;2.0;1.0
1370014434000;2.0;2.0;2.0
1370014435000;3.0;0.0;3.0
1370014436000;2.0;3.0;0.0
1370014437000;1.0;5.0;3.0
1370014438000;5.0;3.0;3.0
1370014439000;4.0;1.0;2.0
1370014440000;2.0;3.0;4.0
1370014441000;2.0;6.0;4.0
1370014442000;6.0;4.0;4.0
1370014443000;2.0;0.0;4.0
1370014444000;2.0;0.0;7.0
1370014445000;5.0;3.0;2.0
1370014446000;6.0;4.0;1.0
1370014447000;5.0;2.0;1.0
1370014448000;0.0;1.0;2.0
1370014449000;2.0;4.0;1.0
1370014450000;4.0;0.0;4.0
1370014451000;5.0;1.0;5.0
1370014452000;5.0;2.0;0.0
1370014453000;2.0;2.0;3.0
1370014454000;2.0;2.0;3.0
1370014455000;4.0;1.0;2.0
1370014456000;0.0;2.0;3.0
1370014457000;4.0;0.0;1.0
1370014458000;3.0;4.0;3.0
1370014459000;2.0;4.0;2.0
1370014460000;4.0;2.0;3.0
1370014461000;2.0;1.0;1.0
1370014462000;2.0;2.0;1.0
1370014463000;1.0;5.0;1.0
1370014464000;1.0;1.0;4.0
1370014465000;1.0;1.0;5.0
1370014466000;3.0;0.0;3.0
1370014467000;1.0;5.0;4.0
1370014468000;1.0;2.0;2.0
1370014469000;5.0;4.0;3.0
1370014470000;1.0;2.0;3.0
1370014471000;1.0;3.0;2.0
1370014472000;5.0;1.0;1.0
1370014473000;6.0;3.0;3.0
1370014474000;1.0;2.0;3.0
1370014475000;1.0;5.0;3.0
1370014476000;1.0;0.0;1.0
1370014477000;4.0;0.0;4.0
1370014478000;3.0;3.0;6.0
1370014479000;1.0;2.0;1.0
1370014480000;0.0;4.0;3.0
1370014481000;3.0;4.0;2.0
1370014482000;3.0;2.0;4.0
1370014483000;3.0;3.0;1.0
1370014484000;2.0;4.0;3.0
1370014485000;0.0;3.0;3.0
1370014486000;3.0;2.0;3.0
1370014487000;1.0;2.0;1.0
1370014488000;3.0;3.0;2.0
1370014489000;0.0;0.0;1.0
1370014490000;3.0;2.0;7.0
1370014491000;2.0;1.0;4.0
1370014492000;2.0;2.0;2.0
1370014493000;4.0;2.0;4.0
1370014494000;6.0;1.0;4.0
1370014495000;1.0;4.0;4.0
1370014496000;4.0;2.0;3.0
1370014497000;3.0;4.0;2.0
1370014498000;3.0;3.0;5.0
1370014499000;3.0;1.0;0.0
1370014500000;2.0;4.0;1.0
1370014501000;5.0;2.0;3.0
1370014502000;4.0;4.0;4.0
1370014503000;3.0;4.0;4.0
1370014504000;3.0;3.0;3.0
1370014505000;1.0;1.0;4.0
1370014506000;2.0;2.0;3.0
1370014507000;5.0;3.0;4.0
1370014508000;2.0;1.0;4.0
1370014509000;1.0;1.0;6.0
1370014510000;4.0;3.0;3.0
1370014511000;3.0;3.0;4.0
1370014512000;3.0;2.0;3.0
1370014513000;5.0;1.0;2.0
1370014514000;1.0;1.0;3.0
1370014515000;2.0;2.0;2.0
1370014516000;2.0;2.0;4.0
1370014517000;1.0;3.0;2.0
1370014518000;4.0;3.0;0.0
1370014519000;5.0;1.0;4.0
1370014520000;3.0;3.0;6.0
1370014521000;2.0;2.0;1.0
1370014522000;3.0;2.0;2.0
1370014523000;1.0;3.0;5.0
1370014524000;2.0;3.0;3.0
1370014525000;1.0;3.0;6.0
1370014526000;2.0;2.0;3.0
1370014527000;2.0;1.0;5.0
1370014528000;5.0;2.0;4.0
1370014529000;8.0;3.0;2.0
1370014530000;2.0;7.0;1.0
1370014531000;1.0;1.0;0.0
1370014532000;4.0;3.0;3.0
1370014533000;4.0;1.0;0.0
1370014534000;1.0;1.0;4.0
1370014535000;4.0;2.0;0.0
1370014536000;1.0;4.0;1.0
1370014537000;0.0;3.0;4.0
1370014538000;3.0;2.0;3.0
1370014539000;5.0;1.0;3.0
1370014540000;2.0;3.0;6.0
1370014541000;1.0;3.0;6.0
1370014542000;5.0;4.0;3.0
1370014543000;3.0;1.0;4.0
1370014544000;1.0;3.0;6.0
1370014545000;2.0;4.0;3.0
1370014546000;4.0;2.0;5.0
1370014547000;2.0;7.0;7.0
1370014548000;2.0;2.0;4.0
1370014549000;3.0;0.0;0.0
1370014550000;3.0;2.0;6.0
1370014551000;3.0;6.0;4.0
1370014552000;4.0;0.0;1.0
1370014553000;5.0;1.0;1.0
1370014554000;2.0;1.0;2.0
1370014555000;1.0;1.0;1.0
1370014556000;3.0;4.0;4.0
1370014557000;3.0;0.0;2.0
1370014558000;3.0;1.0;1.0
1370014559000;0.0;5.0;0.0
1370014560000;4.0;0.0;2.0
1370014561000;5.0;0.0;1.0
1370014562000;4.0;5.0;1.0
1370014563000;4.0;4.0;2.0
1370014564000;4.0;3.0;2.0
1370014565000;2.0;3.0;6.0
1370014566000;2.0;4.0;5.0
1370014567000;3.0;2.0;1.0
1370014568000;2.0;2.0;1.0
1370014569000;2.0;4.0;1.0
1370014570000;1.0;1.0;5.0
1370014571000;3.0;2.0;1.0
1370014572000;3.0;2.0;2.0
1370014573000;3.0;1.0;4.0
1370014574000;3.0;8.0;3.0
1370014575000;3.0;3.0;2.0
1370014576000;3.0;0.0;6.0
1370014577000;4.0;2.0;1.0
1370014578000;1.0;3.0;1.0
1370014579000;6.0;3.0;7.0
1370014580000;2.0;2.0;3.0
1370014581000;2.0;3.0;1.0
1370014582000;3.0;2.0;2.0
1370014583000;2.0;3.0;1.0
1370014584000;4.0;1.0;1.0
1370014585000;1.0;5.0;1.0
1370014586000;0.0;3.0;2.0
1370014587000;4.0;4.0;3.0
1370014588000;3.0;5.0;8.0
1370014589000;1.0;2.0;0.0
1370014590000;1.0;4.0;4.0
1370014591000;0.0;4.0;1.0
1370014592000;6.0;3.0;0.0
1370014593000;0.0;2.0;1.0
1370014594000;0.0;1.0;2.0
1370014595000;2.0;2.0;0.0
1370014596000;2.0;4.0;4.0
1370014597000;2.0;3.0;2.0
1370014598000;2.0;4.0;2.0
1370014599000;1.0;1.0;0.0
1370014600000;0.0;1.0;3.0
1370014601000;3.0;1.0;4.0
1370014602000;3.0;2.0;3.0
1370014603000;7.0;3.0;6.0
1370014604000;3.0;1.0;4.0
1370014605000;3.0;2.0;3.0
1370014606000;4.0;3.0;3.0
1370014607000;3.0;4.0;1.0
1370014608000;1.0;1.0;0.0
1370014609000;7.0;0.0;3.0
1370014610000;5.0;1.0;4.0
1370014611000;1.0;6.0;1.0
1370014612000;1.0;3.0;4.0
1370014613000;0.0;1.0;5.0
1370014614000;3.0;4.0;0.0
1370014615000;1.0;2.0;3.0
1370014616000;3.0;1.0;2.0
1370014617000;3.0;2.0;3.0
1370014618000;2.0;2.0;1.0
1370014619000;1.0;3.0;2.0
1370014620000;2.0;4.0;4.0
1370014621000;2.0;5.0;3.0
1370014622000;2.0;2.0;5.0
1370014623000;3.0;1.0;2.0
1370014624000;3.0;6.0;5.0
1370014625000;3.0;2.0;5.0
1370014626000;1.0;1.0;2.0
1370014627000;2.0;3.0;1.0
1370014628000;2.0;4.0;3.0
1370014629000;3.0;0.0;3.0
1370014630000;1.0;1.0;3.0
1370014631000;2.0;2.0;0.0
1370014632000;2.0;2.0;3.0
1370014633000;3.0;2.0;1.0
1370014634000;4.0;3.0;3.0
1370014635000;1.0;3.0;5.0
1370014636000;0.0;1.0;4.0
1370014637000;0.0;4.0;5.0
1370014638000;3.0;2.0;3.0
1370014639000;3.0;6.0;4.0
1370014640000;5.0;3.0;4.0
1370014641000;2.0;1.0;7.0
1370014642000;3.0;2.0;1.0
1370014643000;1.0;1.0;1.0
1370014644000;3.0;3.0;6.0
1370014645000;1.0;3.0;1.0
1370014646000;2.0;0.0;1.0
1370014647000;2.0;1.0;4.0
1370014648000;5.0;5.0;3.0
1370014649000;2.0;3.0;3.0
1370014650000;4.0;4.0;2.0
1370014651000;5.0;5.0;0.0
1370014652000;2.0;2.0;6.0
1370014653000;2.0;3.0;3.0
1370014654000;6.0;3.0;2.0
1370014655000;6.0;1.0;6.0
1370014656000;2.0;1.0;1.0
1370014657000;2.0;3.0;2.0
1370014658000;3.0;2.0;6.0
1370014659000;5.0;7.0;8.0
1370014660000;1.0;2.0;5.0
1370014661000;1.0;5.0;5.0
1370014662000;1.0;3.0;4.0
1370014663000;5.0;8.0;4.0
1370014664000;6.0;4.0;5.0
1370014665000;1.0;2.0;6.0
1370014666000;3.0;2.0;1.0
1370014667000;0.0;1.0;3.0
1370014668000;1.0;1.0;1.0
1370014669000;3.0;5.0;4.0
1370014670000;2.0;6.0;3.0
1370014671000;6.0;5.0;2.0
1370014672000;2.0;1.0;1.0
1370014673000;5.0;4.0;2.0
1370014674000;2.0;2.0;5.0
1370014675000;5.0;3.0;5.0
1370014676000;4.0;1.0;1.0
1370014677000;2.0;7.0;3.0
1370014678000;1.0;7.0;3.0
1370014679000;2.0;4.0;6.0
1370014680000;5.0;4.0;6.0
1370014681000;0.0;4.0;2.0
1370014682000;4.0;2.0;4.0
1370014683000;0.0;2.0;1.0
1370014684000;4.0;1.0;3.0
1370014685000;1.0;6.0;2.0
1370014686000;1.0;4.0;2.0
1370014687000;4.0;2.0;7.0
1370014688000;1.0;1.0;2.0
1370014689000;7.0;4.0;1.0
1370014690000;1.0;4.0;0.0
1370014691000;2.0;0.0;1.0
1370014692000;2.0;2.0;4.0
1370014693000;2.0;0.0;3.0
1370014694000;1.0;3.0;5.0
1370014695000;4.0;3.0;3.0
1370014696000;4.0;2.0;2.0
1370014697000;5.0;4.0;2.0
1370014698000;1.0;4.0;1.0
1370014699000;1.0;2.0;3.0
1370014700000;4.0;3.0;5.0
1370014701000;3.0;2.0;3.0
1370014702000;3.0;1.0;3.0
1370014703000;2.0;3.0;3.0
1370014704000;2.0;5.0;3.0
1370014705000;3.0;2.0;5.0
1370014706000;5.0;3.0;3.0
1370014707000;1.0;2.0;1.0
1370014708000;3.0;2.0;3.0
1370014709000;2.0;1.0;1.0
1370014710000;3.0;2.0;3.0
1370014711000;2.0;2.0;6.0
1370014712000;1.0;4.0;1.0
1370014713000;2.0;3.0;2.0
1370014714000;2.0;2.0;1.0
1370014715000;4.0;4.0;1.0
1370014716000;3.0;2.0;1.0
1370014717000;5.0;1.0;1.0
1370014718000;2.0;4.0;3.0
1370014719000;6.0;4.0;3.0
1370014720000;5.0;4.0;3.0
1370014721000;4.0;3.0;4.0
1370014722000;4.0;3.0;2.0
1370014723000;5.0;3.0;3.0
1370014724000;4.0;1.0;3.0
1370014725000;4.0;1.0;0.0
1370014726000;3.0;3.0;6.0
1370014727000;2.0;3.0;1.0
1370014728000;1.0;3.0;3.0
1370014729000;2.0;2.0;1.0
1370014730000;3.0;1.0;3.0
1370014731000;1.0;0.0;3.0
1370014732000;1.0;0.0;4.0
1370014733000;1.0;4.0;3.0
1370014734000;3.0;4.0;2.0
1370014735000;2.0;6.0;3.0
1370014736000;4.0;3.0;5.0
1370014737000;2.0;2.0;2.0
1370014738000;2.0;1.0;1.0
1370014739000;2.0;2.0;2.0
1370014740000;3.0;2.0;2.0
1370014741000;5.0;6.0;5.0
1370014742000;4.0;3.0;2.0
1370014743000;5.0;6.0;3.0
1370014744000;1.0;3.0;3.0
1370014745000;3.0;1.0;1.0
1370014746000;2.0;4.0;0.0
1370014747000;3.0;5.0;4.0
1370014748000;2.0;2.0;6.0
1370014749000;1.0;2.0;1.0
1370014750000;3.0;4.0;0.0
1370014751000;1.0;2.0;3.0
1370014752000;5.0;0.0;6.0
1370014753000;2.0;7.0;3.0
1370014754000;1.0;2.0;6.0
1370014755000;3.0;3.0;3.0
1370014756000;6.0;5.0;1.0
1370014757000;2.0;2.0;5.0
1370014758000;4.0;1.0;3.0
1370014759000;2.0;0.0;2.0
1370014760000;2.0;6.0;1.0
1370014761000;5.0;1.0;2.0
1370014762000;5.0;6.0;3.0
1370014763000;3.0;5.0;1.0
1370014764000;3.0;1.0;3.0
1370014765000;4.0;2.0;4.0
1370014766000;2.0;1.0;1.0
1370014767000;3.0;2.0;1.0
1370014768000;4.0;4.0;1.0
1370014769000;3.0;5.0;1.0
1370014770000;4.0;3.0;2.0
1370014771000;2.0;1.0;2.0
1370014772000;2.0;3.0;1.0
1370014773000;2.0;2.0;1.0
1370014774000;5.0;2.0;2.0
1370014775000;4.0;4.0;3.0
1370014776000;2.0;4.0;4.0
1370014777000;1.0;1.0;3.0
1370014778000;2.0;4.0;5.0
1370014779000;2.0;4.0;4.0
1370014780000;3.0;2.0;1.0
1370014781000;4.0;4.0;1.0
1370014782000;0.0;4.0;2.0
1370014783000;7.0;5.0;3.0
1370014784000;3.0;4.0;1.0
1370014785000;1.0;4.0;3.0
1370014786000;6.0;3.0;2.0
1370014787000;1.0;1.0;6.0
1370014788000;3.0;4.0;2.0
1370014789000;2.0;5.0;4.0
1370014790000;2.0;5.0;6.0
1370014791000;1.0;4.0;1.0
1370014792000;2.0;4.0;4.0
1370014793000;5.0;3.0;3.0
1370014794000;1.0;1.0;3.0
1370014795000;3.0;3.0;2.0
1370014796000;2.0;3.0;3.0
1370014797000;2.0;4.0;1.0
1370014798000;1.0;3.0;2.0
1370014799000;2.0;3.0;3.0
1370014800000;2.0;3.0;7.0
1370014801000;4.0;1.0;2.0
1370014802000;5.0;1.0;2.0
1370014803000;4.0;2.0;1.0
1370014804000;6.0;2.0;1.0
1370014805000;3.0;4.0;4.0
1370014806000;1.0;3.0;3.0
1370014807000;4.0;1.0;2.0
1370014808000;3.0;4.0;1.0
1370014809000;2.0;3.0;3.0
1370014810000;2.0;5.0;3.0
1370014811000;2.0;0.0;1.0
1370014812000;0.0;2.0;3.0
1370014813000;1.0;3.0;4.0
1370014814000;5.0;3.0;2.0
1370014815000;2.0;2.0;3.0
1370014816000;3.0;0.0;1.0
1370014817000;2.0;4.0;4.0
1370014818000;3.0;5.0;4.0
1370014819000;4.0;0.0;1.0
1370014820000;4.0;5.0;3.0
1370014821000;2.0;5.0;5.0
1370014822000;1.0;2.0;1.0
1370014823000;1.0;1.0;2.0
1370014824000;2.0;4.0;1.0
1370014825000;0.0;2.0;4.0
1370014826000;2.0;2.0;2.0
1370014827000;3.0;2.0;3.0
1370014828000;1.0;4.0;3.0
1370014829000;3.0;2.0;2.0
1370014830000;4.0;1.0;1.0
1370014831000;5.0;1.0;4.0
1370014832000;2.0;2.0;4.0
1370014833000;4.0;5.0;4.0
1370014834000;1.0;0.0;2.0
1370014835000;2.0;6.0;1.0
1370014836000;1.0;2.0;1.0
1370014837000;0.0;1.0;3.0
1370014838000;5.0;1.0;4.0
1370014839000;3.0;2.0;3.0
1370014840000;2.0;6.0;0.0
1370014841000;1.0;3.0;2.0
1370014842000;3.0;3.0;4.0
1370014843000;5.0;2.0;1.0
1370014844000;3.0;3.0;2.0
1370014845000;1.0;2.0;2.0
1370014846000;5.0;5.0;1.0
1370014847000;5.0;4.0;3.0
1370014848000;3.0;2.0;4.0
1370014849000;2.0;4.0;5.0
1370014850000;1.0;4.0;4.0
1370014851000;2.0;3.0;4.0
1370014852000;7.0;3.0;3.0
1370014853000;3.0;4.0;4.0
1370014854000;4.0;5.0;3.0
1370014855000;2.0;0.0;3.0
1370014856000;6.0;5.0;4.0
1370014857000;3.0;3.0;5.0
1370014858000;3.0;0.0;2.0
1370014859000;3.0;3.0;2.0
1370014860000;4.0;1.0;2.0
1370014861000;3.0;1.0;3.0
1370014862000;2.0;3.0;2.0
1370014863000;2.0;3.0;3.0
1370014864000;4.0;4.0;5.0
1370014865000;5.0;1.0;1.0
1370014866000;2.0;4.0;2.0
1370014867000;3.0;2.0;5.0
1370014868000;3.0;2.0;3.0
1370014869000;2.0;3.0;4.0
1370014870000;0.0;0.0;2.0
1370014871000;2.0;1.0;4.0
1370014872000;3.0;3.0;4.0
1370014873000;4.0;3.0;1.0
1370014874000;3.0;3.0;3.0
1370014875000;2.0;3.0;3.0
1370014876000;4.0;0.0;6.0
1370014877000;1.0;1.0;3.0
1370014878000;4.0;3.0;3.0
1370014879000;4.0;1.0;2.0
1370014880000;2.0;3.0;3.0
1370014881000;4.0;4.0;8.0
1370014882000;2.0;3.0;2.0
1370014883000;1.0;5.0;3.0
1370014884000;4.0;1.0;3.0
1370014885000;4.0;4.0;2.0
1370014886000;3.0;2.0;4.0
1370014887000;7.0;3.0;3.0
1370014888000;1.0;1.0;2.0
1370014889000;5.0;4.0;5.0
1370014890000;1.0;3.0;1.0
1370014891000;4.0;2.0;1.0
1370014892000;2.0;3.0;2.0
1370014893000;4.0;3.0;1.0
1370014894000;2.0;4.0;2.0
1370014895000;2.0;5.0;0.0
1370014896000;4.0;3.0;3.0
1370014897000;1.0;1.0;6.0
1370014898000;3.0;1.0;3.0
1370014899000;4.0;0.0;1.0
1370014900000;0.0;3.0;2.0
1370014901000;2.0;5.0;4.0
1370014902000;2.0;4.0;4.0
1370014903000;0.0;3.0;2.0
1370014904000;4.0;5.0;1.0
1370014905000;2.0;0.0;3.0
1370014906000;1.0;0.0;1.0
1370014907000;6.0;2.0;3.0
1370014908000;1.0;1.0;3.0
1370014909000;2.0;1.0;6.0
1370014910000;5.0;1.0;0.0
1370014911000;2.0;7.0;6.0
1370014912000;3.0;3.0;3.0
1370014913000;1.0;1.0;3.0
1370014914000;4.0;2.0;5.0
1370014915000;2.0;2.0;4.0
1370014916000;3.0;3.0;1.0
1370014917000;2.0;1.0;3.0
1370014918000;1.0;2.0;3.0
1370014919000;4.0;3.0;2.0
1370014920000;6.0;3.0;4.0
1370014921000;3.0;5.0;3.0
1370014922000;2.0;3.0;1.0
1370014923000;3.0;5.0;1.0
1370014924000;1.0;2.0;2.0
1370014925000;2.0;3.0;2.0
1370014926000;4.0;1.0;2.0
1370014927000;1.0;2.0;1.0
1370014928000;1.0;1.0;1.0
1370014929000;4.0;4.0;5.0
1370014930000;2.0;4.0;6.0
1370014931000;3.0;2.0;2.0
1370014932000;3.0;1.0;4.0
1370014933000;7.0;6.0;3.0
1370014934000;0.0;6.0;5.0
1370014935000;5.0;1.0;1.0
1370014936000;4.0;0.0;2.0
1370014937000;2.0;3.0;3.0
1370014938000;0.0;1.0;0.0
1370014939000;0.0;2.0;3.0
1370014940000;2.0;2.0;1.0
1370014941000;2.0;2.0;1.0
1370014942000;1.0;3.0;6.0
1370014943000;3.0;1.0;1.0
1370014944000;1.0;2.0;4.0
1370014945000;3.0;2.0;1.0
1370014946000;1.0;0.0;4.0
1370014947000;3.0;2.0;5.0
1370014948000;3.0;4.0;4.0
1370014949000;3.0;3.0;1.0
1370014950000;3.0;3.0;5.0
1370014951000;1.0;5.0;1.0
1370014952000;5.0;1.0;0.0
1370014953000;1.0;3.0;3.0
1370014954000;5.0;4.0;4.0
1370014955000;4.0;3.0;4.0
1370014956000;3.0;3.0;2.0
1370014957000;2.0;5.0;3.0
1370014958000;2.0;1.0;2.0
1370014959000;5.0;4.0;2.0
1370014960000;1.0;3.0;7.0
1370014961000;1.0;1.0;2.0
1370014962000;5.0;3.0;3.0
1370014963000;0.0;3.0;1.0
1370014964000;3.0;3.0;4.0
1370014965000;4.0;4.0;3.0
1370014966000;1.0;3.0;1.0
1370014967000;1.0;2.0;4.0
1370014968000;6.0;5.0;1.0
1370014969000;1.0;2.0;8.0
1370014970000;2.0;3.0;1.0
1370014971000;2.0;1.0;4.0
1370014972000;2.0;3.0;2.0
1370014973000;1.0;4.0;2.0
1370014974000;3.0;1.0;6.0
1370014975000;4.0;4.0;2.0
1370014976000;6.0;2.0;1.0
1370014977000;3.0;5.0;5.0
1370014978000;4.0;2.0;0.0
1370014979000;3.0;5.0;3.0
1370014980000;4.0;3.0;1.0
1370014981000;1.0;4.0;2.0
1370014982000;4.0;1.0;1.0
1370014983000;3.0;2.0;1.0
1370014984000;5.0;2.0;3.0
1370014985000;3.0;2.0;1.0
1370014986000;2.0;2.0;1.0
1370014987000;2.0;2.0;3.0
1370014988000;3.0;3.0;3.0
1370014989000;0.0;2.0;2.0
1370014990000;1.0;2.0;4.0
1370014991000;3.0;2.0;4.0
1370014992000;3.0;4.0;2.0
1370014993000;1.0;4.0;5.0
1370014994000;4.0;4.0;5.0
1370014995000;3.0;6.0;1.0
1370014996000;1.0;2.0;1.0
1370014997000;1.0;0.0;2.0
1370014998000;3.0;2.0;7.0
1370014999000;3.0;1.0;2.0
1370015000000;0.0;3.0;3.0
1370015001000;1.0;1.0;2.0
1370015002000;6.0;0.0;2.0
1370015003000;1.0;5.0;1.0
1370015004000;2.0;3.0;1.0
1370015005000;2.0;3.0;1.0
1370015006000;5.0;6.0;4.0
1370015007000;2.0;0.0;0.0
1370015008000;1.0;3.0;3.0
1370015009000;4.0;1.0;3.0
1370015010000;3.0;3.0;2.0
1370015011000;5.0;3.0;0.0
1370015012000;3.0;4.0;2.0
1370015013000;1.0;1.0;1.0
1370015014000;7.0;1.0;1.0
1370015015000;3.0;4.0;5.0
1370015016000;3.0;1.0;3.0
1370015017000;4.0;7.0;1.0
1370015018000;3.0;8.0;1.0
1370015019000;1.0;4.0;2.0
1370015020000;4.0;2.0;3.0
1370015021000;4.0;0.0;2.0
1370015022000;2.0;0.0;1.0
1370015023000;0.0;1.0;0.0
1370015024000;1.0;2.0;3.0
1370015025000;3.0;1.0;2.0
1370015026000;2.0;4.0;4.0
1370015027000;4.0;4.0;3.0
1370015028000;1.0;4.0;4.0
1370015029000;1.0;2.0;3.0
1370015030000;2.0;0.0;1.0
1370015031000;1.0;4.0;1.0
1370015032000;4.0;4.0;2.0
1370015033000;4.0;1.0;1.0
1370015034000;4.0;2.0;3.0
1370015035000;3.0;1.0;8.0
1370015036000;4.0;1.0;0.0
1370015037000;2.0;1.0;4.0
1370015038000;7.0;3.0;3.0
1370015039000;3.0;2.0;1.0
1370015040000;0.0;3.0;3.0
1370015041000;6.0;3.0;3.0
1370015042000;0.0;3.0;5.0
1370015043000;2.0;1.0;2.0
1370015044000;4.0;1.0;3.0
1370015045000;1.0;6.0;6.0
1370015046000;2.0;4.0;2.0
1370015047000;1.0;2.0;1.0
1370015048000;1.0;1.0;2.0
1370015049000;5.0;1.0;2.0
1370015050000;2.0;4.0;5.0
1370015051000;0.0;1.0;3.0
1370015052000;2.0;0.0;3.0
1370015053000;2.0;1.0;1.0
1370015054000;1.0;5.0;3.0
1370015055000;5.0;4.0;2.0
1370015056000;5.0;5.0;4.0
1370015057000;3.0;3.0;3.0
1370015058000;5.0;3.0;2.0
1370015059000;2.0;2.0;4.0
1370015060000;2.0;2.0;3.0
1370015061000;3.0;5.0;1.0
1370015062000;0.0;2.0;1.0
1370015063000;3.0;8.0;2.0
1370015064000;3.0;3.0;4.0
1370015065000;0.0;5.0;0.0
1370015066000;3.0;2.0;4.0
1370015067000;2.0;6.0;3.0
1370015068000;4.0;4.0;3.0
1370015069000;3.0;4.0;3.0
1370015070000;4.0;3.0;4.0
1370015071000;2.0;2.0;1.0
1370015072000;3.0;1.0;4.0
1370015073000;4.0;7.0;4.0
1370015074000;4.0;5.0;3.0
1370015075000;4.0;2.0;3.0
1370015076000;2.0;6.0;1.0
1370015077000;2.0;4.0;2.0
1370015078000;3.0;4.0;1.0
1370015079000;3.0;5.0;3.0
1370015080000;1.0;6.0;2.0
1370015081000;5.0;3.0;3.0
1370015082000;0.0;1.0;5.0
1370015083000;4.0;2.0;4.0
1370015084000;1.0;2.0;4.0
1370015085000;0.0;3.0;0.0
1370015086000;1.0;3.0;4.0
1370015087000;1.0;5.0;0.0
1370015088000;1.0;4.0;4.0
1370015089000;0.0;4.0;2.0
1370015090000;3.0;2.0;4.0
1370015091000;2.0;2.0;1.0
1370015092000;3.0;1.0;2.0
1370015093000;5.0;5.0;8.0
1370015094000;2.0;0.0;1.0
1370015095000;4.0;1.0;1.0
1370015096000;4.0;1.0;0.0
1370015097000;2.0;1.0;2.0
1370015098000;2.0;3.0;3.0
1370015099000;4.0;3.0;3.0
1370015100000;1.0;1.0;3.0
1370015101000;1.0;3.0;1.0
1370015102000;5.0;2.0;3.0
1370015103000;4.0;5.0;2.0
1370015104000;1.0;5.0;6.0
1370015105000;4.0;4.0;1.0
1370015106000;4.0;3.0;2.0
1370015107000;2.0;0.0;1.0
1370015108000;1.0;2.0;9.0
1370015109000;4.0;4.0;1.0
1370015110000;5.0;2.0;0.0
1370015111000;0.0;1.0;6.0
1370015112000;5.0;3.0;2.0
1370015113000;1.0;1.0;0.0
1370015114000;6.0;2.0;4.0
1370015115000;2.0;5.0;2.0
1370015116000;3.0;1.0;4.0
1370015117000;3.0;3.0;5.0
1370015118000;5.0;0.0;0.0
1370015119000;3.0;4.0;2.0
1370015120000;2.0;0.0;4.0
1370015121000;4.0;2.0;2.0
1370015122000;6.0;1.0;5.0
1370015123000;3.0;2.0;3.0
1370015124000;0.0;3.0;2.0
1370015125000;4.0;3.0;3.0
1370015126000;2.0;2.0;0.0
1370015127000;2.0;2.0;1.0
1370015128000;4.0;3.0;2.0
1370015129000;4.0;2.0;1.0
1370015130000;4.0;1.0;5.0
1370015131000;2.0;3.0;4.0
1370015132000;5.0;1.0;3.0
1370015133000;1.0;1.0;4.0
1370015134000;4.0;4.0;5.0
1370015135000;1.0;2.0;3.0
1370015136000;4.0;3.0;2.0
1370015137000;4.0;0.0;1.0
1370015138000;3.0;2.0;3.0
1370015139000;4.0;2.0;4.0
1370015140000;2.0;4.0;2.0
1370015141000;2.0;0.0;1.0
1370015142000;3.0;1.0;2.0
1370015143000;6.0;8.0;2.0
1370015144000;3.0;3.0;4.0
1370015145000;2.0;3.0;2.0
1370015146000;1.0;0.0;3.0
1370015147000;2.0;4.0;4.0
1370015148000;4.0;3.0;1.0
1370015149000;4.0;1.0;2.0
1370015150000;3.0;2.0;2.0
1370015151000;2.0;3.0;2.0
1370015152000;5.0;2.0;8.0
1370015153000;1.0;3.0;4.0
1370015154000;2.0;2.0;4.0
1370015155000;2.0;4.0;2.0
1370015156000;1.0;1.0;4.0
1370015157000;2.0;2.0;2.0
1370015158000;2.0;0.0;1.0
1370015159000;4.0;6.0;1.0
1370015160000;6.0;4.0;1.0
1370015161000;1.0;4.0;2.0
1370015162000;0.0;1.0;3.0
1370015163000;2.0;4.0;4.0
1370015164000;0.0;1.0;3.0
1370015165000;1.0;1.0;1.0
1370015166000;3.0;2.0;1.0
1370015167000;3.0;1.0;1.0
1370015168000;2.0;0.0;4.0
1370015169000;3.0;1.0;3.0
1370015170000;2.0;1.0;1.0
1370015171000;4.0;0.0;3.0
1370015172000;4.0;3.0;1.0
1370015173000;5.0;3.0;2.0
1370015174000;2.0;3.0;2.0
1370015175000;0.0;4.0;3.0
1370015176000;2.0;3.0;3.0
1370015177000;2.0;2.0;2.0
1370015178000;2.0;1.0;4.0
1370015179000;3.0;6.0;1.0
1370015180000;1.0;5.0;3.0
1370015181000;4.0;3.0;5.0
1370015182000;0.0;3.0;4.0
1370015183000;0.0;1.0;2.0
1370015184000;0.0;3.0;1.0
1370015185000;3.0;3.0;3.0
1370015186000;1.0;3.0;3.0
1370015187000;5.0;1.0;6.0
1370015188000;5.0;2.0;3.0
1370015189000;2.0;3.0;6.0
1370015190000;4.0;7.0;3.0
1370015191000;1.0;1.0;1.0
1370015192000;0.0;2.0;4.0
1370015193000;3.0;4.0;7.0
1370015194000;1.0;3.0;3.0
1370015195000;4.0;2.0;2.0
1370015196000;4.0;2.0;2.0
1370015197000;2.0;4.0;2.0
1370015198000;3.0;2.0;4.0
1370015199000;1.0;7.0;2.0
1370015200000;2.0;3.0;1.0
1370015201000;2.0;2.0;2.0
1370015202000;2.0;2.0;3.0
1370015203000;4.0;4.0;4.0
1370015204000;3.0;3.0;0.0
1370015205000;3.0;1.0;2.0
1370015206000;2.0;2.0;2.0
1370015207000;3.0;2.0;5.0
1370015208000;1.0;5.0;0.0
1370015209000;5.0;6.0;3.0
1370015210000;0.0;4.0;1.0
1370015211000;4.0;4.0;2.0
1370015212000;1.0;5.0;3.0
1370015213000;2.0;6.0;3.0
1370015214000;0.0;2.0;4.0
1370015215000;4.0;1.0;2.0
1370015216000;3.0;3.0;1.0
1370015217000;6.0;3.0;2.0
1370015218000;4.0;2.0;5.0
1370015219000;3.0;3.0;5.0
1370015220000;3.0;3.0;3.0
1370015221000;3.0;2.0;1.0
1370015222000;1.0;3.0;2.0
1370015223000;1.0;5.0;2.0
1370015224000;1.0;2.0;1.0
1370015225000;1.0;4.0;1.0
1370015226000;2.0;1.0;2.0
1370015227000;4.0;4.0;2.0
1370015228000;1.0;2.0;1.0
1370015229000;1.0;0.0;5.0
1370015230000;2.0;1.0;2.0
1370015231000;2.0;2.0;3.0
1370015232000;1.0;3.0;1.0
1370015233000;4.0;2.0;2.0
1370015234000;1.0;5.0;5.0
1370015235000;2.0;3.0;3.0
1370015236000;3.0;3.0;5.0
1370015237000;1.0;0.0;2.0
1370015238000;3.0;1.0;1.0
1370015239000;9.0;3.0;3.0
1370015240000;7.0;1.0;3.0
1370015241000;1.0;2.0;0.0
1370015242000;2.0;1.0;4.0
1370015243000;0.0;6.0;4.0
1370015244000;4.0;1.0;0.0
1370015245000;1.0;3.0;1.0
1370015246000;4.0;3.0;4.0
1370015247000;0.0;0.0;4.0
1370015248000;2.0;3.0;1.0
1370015249000;2.0;2.0;3.0
1370015250000;1.0;3.0;2.0
1370015251000;3.0;2.0;5.0
1370015252000;0.0;5.0;3.0
1370015253000;3.0;2.0;1.0
1370015254000;0.0;2.0;2.0
1370015255000;0.0;1.0;4.0
1370015256000;1.0;2.0;1.0
1370015257000;3.0;4.0;1.0
1370015258000;0.0;1.0;2.0
1370015259000;1.0;5.0;2.0
1370015260000;2.0;3.0;2.0
1370015261000;2.0;2.0;4.0
1370015262000;3.0;1.0;1.0
1370015263000;2.0;5.0;2.0
1370015264000;1.0;6.0;3.0
1370015265000;3.0;3.0;5.0
1370015266000;4.0;4.0;5.0
1370015267000;3.0;3.0;3.0
1370015268000;1.0;3.0;2.0
1370015269000;1.0;3.0;3.0
1370015270000;4.0;3.0;3.0
1370015271000;1.0;5.0;0.0
1370015272000;3.0;3.0;3.0
1370015273000;3.0;2.0;5.0
1370015274000;4.0;3.0;0.0
1370015275000;6.0;0.0;1.0
1370015276000;8.0;2.0;3.0
1370015277000;5.0;3.0;1.0
1370015278000;0.0;5.0;2.0
1370015279000;0.0;2.0;4.0
1370015280000;5.0;6.0;3.0
1370015281000;0.0;2.0;2.0
1370015282000;5.0;4.0;3.0
1370015283000;3.0;4.0;3.0
1370015284000;3.0;3.0;2.0
1370015285000;1.0;5.0;4.0
1370015286000;1.0;2.0;0.0
1370015287000;4.0;3.0;2.0
1370015288000;4.0;5.0;4.0
1370015289000;7.0;5.0;2.0
1370015290000;2.0;3.0;3.0
1370015291000;6.0;6.0;2.0
1370015292000;2.0;2.0;1.0
1370015293000;2.0;2.0;3.0
1370015294000;2.0;9.0;4.0
1370015295000;2.0;1.0;2.0
1370015296000;3.0;4.0;4.0
1370015297000;4.0;0.0;3.0
1370015298000;3.0;3.0;0.0
1370015299000;5.0;2.0;3.0
1370015300000;0.0;4.0;4.0
1370015301000;2.0;3.0;3.0
1370015302000;5.0;2.0;6.0
1370015303000;1.0;0.0;5.0
1370015304000;2.0;2.0;5.0
1370015305000;8.0;1.0;3.0
1370015306000;2.0;2.0;3.0
1370015307000;2.0;1.0;1.0
1370015308000;3.0;3.0;4.0
1370015309000;1.0;2.0;1.0
1370015310000;3.0;0.0;2.0
1370015311000;1.0;1.0;4.0
1370015312000;4.0;3.0;4.0
1370015313000;3.0;5.0;4.0
1370015314000;3.0;2.0;1.0
1370015315000;2.0;3.0;4.0
1370015316000;5.0;1.0;1.0
1370015317000;2.0;4.0;3.0
1370015318000;1.0;3.0;1.0
1370015319000;1.0;2.0;0.0
1370015320000;1.0;3.0;5.0
1370015321000;3.0;5.0;3.0
1370015322000;1.0;5.0;1.0
1370015323000;2.0;3.0;3.0
1370015324000;2.0;2.0;0.0
1370015325000;4.0;0.0;2.0
1370015326000;5.0;6.0;3.0
1370015327000;3.0;2.0;2.0
1370015328000;3.0;2.0;4.0
1370015329000;3.0;3.0;1.0
1370015330000;4.0;0.0;3.0
1370015331000;1.0;1.0;0.0
1370015332000;2.0;2.0;3.0
1370015333000;4.0;3.0;1.0
1370015334000;2.0;4.0;0.0
1370015335000;4.0;6.0;1.0
1370015336000;4.0;1.0;0.0
1370015337000;3.0;1.0;5.0
1370015338000;5.0;3.0;3.0
1370015339000;2.0;1.0;2.0
1370015340000;2.0;2.0;4.0
1370015341000;6.0;4.0;3.0
1370015342000;4.0;6.0;0.0
1370015343000;2.0;1.0;2.0
1370015344000;2.0;3.0;0.0
1370015345000;2.0;0.0;2.0
1370015346000;3.0;1.0;3.0
1370015347000;1.0;2.0;2.0
1370015348000;4.0;5.0;2.0
1370015349000;0.0;0.0;2.0
1370015350000;6.0;5.0;1.0
1370015351000;4.0;2.0;2.0
1370015352000;1.0;4.0;1.0
1370015353000;4.0;3.0;3.0
1370015354000;4.0;2.0;5.0
1370015355000;6.0;2.0;3.0
1370015356000;0.0;3.0;4.0
1370015357000;2.0;1.0;0.0
1370015358000;0.0;3.0;2.0
1370015359000;1.0;2.0;0.0
1370015360000;4.0;2.0;2.0
1370015361000;3.0;1.0;2.0
1370015362000;1.0;2.0;2.0
1370015363000;5.0;4.0;2.0
1370015364000;1.0;2.0;3.0
1370015365000;2.0;4.0;1.0
1370015366000;3.0;4.0;2.0
1370015367000;2.0;3.0;1.0
1370015368000;4.0;1.0;3.0
1370015369000;4.0;2.0;1.0
1370015370000;5.0;3.0;2.0
1370015371000;3.0;2.0;5.0
1370015372000;5.0;1.0;1.0
1370015373000;4.0;6.0;2.0
1370015374000;3.0;3.0;4.0
1370015375000;3.0;2.0;4.0
1370015376000;5.0;1.0;1.0
1370015377000;5.0;3.0;2.0
1370015378000;4.0;2.0;2.0
1370015379000;3.0;0.0;2.0
1370015380000;0.0;3.0;2.0
1370015381000;4.0;0.0;4.0
1370015382000;2.0;1.0;6.0
1370015383000;4.0;0.0;4.0
1370015384000;4.0;2.0;6.0
1370015385000;2.0;0.0;1.0
1370015386000;2.0;3.0;3.0
1370015387000;0.0;3.0;3.0
1370015388000;7.0;2.0;3.0
1370015389000;2.0;4.0;2.0
1370015390000;0.0;4.0;2.0
1370015391000;3.0;2.0;1.0
1370015392000;2.0;3.0;5.0
1370015393000;1.0;1.0;2.0
1370015394000;3.0;3.0;2.0
1370015395000;1.0;2.0;1.0
1370015396000;1.0;2.0;1.0
1370015397000;1.0;4.0;5.0
1370015398000;2.0;2.0;2.0
1370015399000;3.0;1.0;1.0
1370015400000;3.0;3.0;1.0
1370015401000;2.0;2.0;1.0
1370015402000;6.0;1.0;3.0
1370015403000;0.0;1.0;5.0
1370015404000;4.0;8.0;2.0
1370015405000;3.0;0.0;1.0
1370015406000;3.0;3.0;3.0
1370015407000;8.0;2.0;2.0
1370015408000;0.0;2.0;1.0
1370015409000;2.0;0.0;3.0
1370015410000;3.0;5.0;4.0
1370015411000;2.0;0.0;2.0
1370015412000;1.0;0.0;6.0
1370015413000;0.0;3.0;1.0
1370015414000;3.0;2.0;2.0
1370015415000;4.0;3.0;2.0
1370015416000;2.0;3.0;3.0
1370015417000;2.0;5.0;4.0
1370015418000;3.0;2.0;5.0
1370015419000;2.0;3.0;6.0
1370015420000;2.0;2.0;1.0
1370015421000;1.0;2.0;4.0
1370015422000;1.0;2.0;1.0
1370015423000;2.0;1.0;1.0
1370015424000;2.0;8.0;2.0
1370015425000;3.0;7.0;5.0
1370015426000;3.0;3.0;6.0
1370015427000;2.0;2.0;2.0
1370015428000;3.0;4.0;7.0
1370015429000;5.0;4.0;2.0
1370015430000;1.0;4.0;3.0
1370015431000;4.0;3.0;3.0
1370015432000;3.0;2.0;1.0
1370015433000;3.0;0.0;1.0
1370015434000;2.0;2.0;3.0
1370015435000;2.0;5.0;4.0
1370015436000;1.0;2.0;2.0
1370015437000;3.0;4.0;0.0
1370015438000;3.0;2.0;1.0
1370015439000;4.0;4.0;0.0
1370015440000;4.0;2.0;2.0
1370015441000;3.0;0.0;1.0
1370015442000;0.0;2.0;1.0
1370015443000;2.0;2.0;4.0
1370015444000;2.0;3.0;1.0
1370015445000;2.0;3.0;4.0
1370015446000;4.0;1.0;2.0
1370015447000;2.0;3.0;1.0
1370015448000;5.0;6.0;1.0
1370015449000;2.0;1.0;2.0
1370015450000;1.0;4.0;4.0
1370015451000;3.0;3.0;3.0
1370015452000;4.0;3.0;3.0
1370015453000;2.0;2.0;0.0
1370015454000;4.0;5.0;1.0
1370015455000;2.0;5.0;1.0
1370015456000;3.0;3.0;3.0
1370015457000;2.0;3.0;2.0
1370015458000;3.0;2.0;0.0
1370015459000;4.0;5.0;0.0
1370015460000;2.0;3.0;2.0
1370015461000;7.0;1.0;0.0
1370015462000;4.0;2.0;3.0
1370015463000;5.0;1.0;2.0
1370015464000;1.0;3.0;2.0
1370015465000;3.0;3.0;5.0
1370015466000;2.0;4.0;3.0
1370015467000;1.0;3.0;1.0
1370015468000;6.0;4.0;3.0
1370015469000;4.0;3.0;3.0
1370015470000;3.0;4.0;4.0
1370015471000;8.0;5.0;3.0
1370015472000;2.0;1.0;4.0
1370015473000;1.0;6.0;2.0
1370015474000;5.0;4.0;5.0
1370015475000;3.0;3.0;2.0
1370015476000;0.0;1.0;2.0
1370015477000;3.0;4.0;3.0
1370015478000;4.0;5.0;3.0
1370015479000;5.0;8.0;5.0
1370015480000;3.0;4.0;3.0
1370015481000;3.0;3.0;1.0
1370015482000;3.0;5.0;1.0
1370015483000;2.0;2.0;3.0
1370015484000;3.0;3.0;1.0
1370015485000;1.0;2.0;3.0
1370015486000;4.0;2.0;0.0
1370015487000;3.0;2.0;3.0
1370015488000;0.0;3.0;2.0
1370015489000;4.0;3.0;1.0
1370015490000;2.0;1.0;4.0
1370015491000;4.0;0.0;4.0
1370015492000;1.0;3.0;1.0
1370015493000;1.0;4.0;3.0
1370015494000;5.0;1.0;3.0
1370015495000;2.0;5.0;5.0
1370015496000;4.0;2.0;3.0
1370015497000;2.0;2.0;0.0
1370015498000;8.0;0.0;5.0
1370015499000;3.0;2.0;1.0
1370015500000;3.0;5.0;1.0
1370015501000;1.0;5.0;2.0
1370015502000;1.0;4.0;1.0
1370015503000;1.0;5.0;2.0
1370015504000;6.0;4.0;1.0
1370015505000;4.0;2.0;4.0
1370015506000;6.0;1.0;0.0
1370015507000;2.0;5.0;4.0
1370015508000;3.0;1.0;5.0
1370015509000;1.0;4.0;3.0
1370015510000;1.0;1.0;2.0
1370015511000;3.0;4.0;1.0
1370015512000;4.0;3.0;2.0
1370015513000;1.0;2.0;1.0
1370015514000;3.0;4.0;3.0
1370015515000;1.0;1.0;3.0
1370015516000;4.0;3.0;2.0
1370015517000;5.0;3.0;1.0
1370015518000;3.0;2.0;3.0
1370015519000;3.0;5.0;2.0
1370015520000;5.0;1.0;2.0
1370015521000;4.0;3.0;2.0
1370015522000;5.0;0.0;2.0
1370015523000;4.0;3.0;1.0
1370015524000;1.0;3.0;0.0
1370015525000;3.0;2.0;1.0
1370015526000;2.0;4.0;3.0
1370015527000;0.0;5.0;5.0
1370015528000;2.0;1.0;1.0
1370015529000;3.0;0.0;4.0
1370015530000;3.0;4.0;1.0
1370015531000;2.0;3.0;4.0
1370015532000;3.0;4.0;5.0
1370015533000;0.0;1.0;2.0
1370015534000;3.0;4.0;1.0
1370015535000;3.0;2.0;0.0
1370015536000;2.0;2.0;4.0
1370015537000;2.0;4.0;2.0
1370015538000;2.0;1.0;2.0
1370015539000;1.0;1.0;3.0
1370015540000;2.0;2.0;4.0
1370015541000;5.0;4.0;4.0
1370015542000;2.0;4.0;3.0
1370015543000;2.0;1.0;2.0
1370015544000;1.0;1.0;0.0
1370015545000;4.0;7.0;1.0
1370015546000;0.0;4.0;4.0
1370015547000;7.0;4.0;4.0
1370015548000;1.0;3.0;1.0
1370015549000;1.0;4.0;4.0
1370015550000;3.0;2.0;1.0
1370015551000;4.0;3.0;3.0
1370015552000;2.0;2.0;1.0
1370015553000;3.0;4.0;2.0
1370015554000;2.0;1.0;2.0
1370015555000;0.0;2.0;2.0
1370015556000;1.0;4.0;2.0
1370015557000;1.0;4.0;2.0
1370015558000;2.0;3.0;4.0
1370015559000;4.0;3.0;4.0
1370015560000;4.0;2.0;3.0
1370015561000;4.0;2.0;4.0
1370015562000;3.0;1.0;7.0
1370015563000;2.0;5.0;0.0
1370015564000;2.0;4.0;6.0
1370015565000;3.0;4.0;3.0
1370015566000;5.0;0.0;4.0
1370015567000;0.0;1.0;1.0
1370015568000;2.0;2.0;4.0
1370015569000;1.0;1.0;2.0
1370015570000;1.0;3.0;3.0
1370015571000;3.0;2.0;5.0
1370015572000;3.0;5.0;1.0
1370015573000;3.0;4.0;1.0
1370015574000;4.0;3.0;3.0
1370015575000;4.0;6.0;7.0
1370015576000;1.0;3.0;2.0
1370015577000;3.0;0.0;3.0
1370015578000;0.0;2.0;2.0
1370015579000;0.0;2.0;6.0
1370015580000;8.0;3.0;5.0
1370015581000;5.0;4.0;4.0
1370015582000;3.0;3.0;2.0
1370015583000;3.0;4.0;2.0
1370015584000;1.0;1.0;0.0
1370015585000;4.0;1.0;3.0
1370015586000;2.0;7.0;3.0
1370015587000;5.0;4.0;1.0
1370015588000;5.0;4.0;6.0
1370015589000;1.0;4.0;2.0
1370015590000;5.0;4.0;3.0
1370015591000;0.0;2.0;5.0
1370015592000;2.0;0.0;1.0
1370015593000;1.0;5.0;0.0
1370015594000;2.0;2.0;2.0
1370015595000;6.0;1.0;2.0
1370015596000;2.0;3.0;1.0
1370015597000;2.0;4.0;2.0
1370015598000;2.0;3.0;11.0
1370015599000;2.0;1.0;1.0
1370015600000;3.0;3.0;3.0
1370015601000;3.0;1.0;2.0
1370015602000;5.0;3.0;2.0
1370015603000;3.0;2.0;3.0
1370015604000;4.0;1.0;3.0
1370015605000;4.0;3.0;4.0
1370015606000;0.0;1.0;2.0
1370015607000;0.0;3.0;3.0
1370015608000;3.0;1.0;1.0
1370015609000;3.0;8.0;1.0
1370015610000;2.0;4.0;7.0
1370015611000;3.0;3.0;0.0
1370015612000;3.0;2.0;6.0
1370015613000;2.0;1.0;3.0
1370015614000;4.0;1.0;1.0
1370015615000;2.0;1.0;4.0
1370015616000;2.0;0.0;2.0
1370015617000;2.0;2.0;2.0
1370015618000;2.0;4.0;2.0
1370015619000;2.0;1.0;3.0
1370015620000;6.0;1.0;2.0
1370015621000;1.0;1.0;2.0
1370015622000;1.0;5.0;1.0
1370015623000;1.0;8.0;4.0
1370015624000;7.0;1.0;2.0
1370015625000;7.0;3.0;2.0
1370015626000;2.0;2.0;3.0
1370015627000;2.0;1.0;0.0
1370015628000;5.0;1.0;3.0
1370015629000;0.0;4.0;0.0
1370015630000;2.0;4.0;5.0
1370015631000;3.0;1.0;4.0
1370015632000;1.0;2.0;1.0
1370015633000;1.0;3.0;1.0
1370015634000;1.0;2.0;1.0
1370015635000;3.0;2.0;1.0
1370015636000;4.0;4.0;2.0
1370015637000;1.0;2.0;3.0
1370015638000;3.0;1.0;3.0
1370015639000;3.0;2.0;6.0
1370015640000;3.0;1.0;3.0
1370015641000;2.0;0.0;2.0
1370015642000;4.0;5.0;3.0
1370015643000;6.0;1.0;7.0
1370015644000;4.0;3.0;3.0
1370015645000;3.0;1.0;2.0
1370015646000;3.0;6.0;3.0
1370015647000;3.0;4.0;6.0
1370015648000;2.0;2.0;1.0
1370015649000;1.0;4.0;3.0
1370015650000;4.0;4.0;3.0
1370015651000;6.0;2.0;4.0
1370015652000;1.0;0.0;4.0
1370015653000;3.0;4.0;2.0
1370015654000;2.0;0.0;4.0
1370015655000;1.0;4.0;4.0
1370015656000;5.0;3.0;4.0
1370015657000;0.0;4.0;1.0
1370015658000;5.0;4.0;2.0
1370015659000;1.0;0.0;3.0
1370015660000;4.0;0.0;1.0
1370015661000;2.0;1.0;4.0
1370015662000;2.0;2.0;4.0
1370015663000;0.0;2.0;6.0
1370015664000;0.0;3.0;2.0
1370015665000;4.0;5.0;1.0
1370015666000;3.0;4.0;1.0
1370015667000;2.0;9.0;4.0
1370015668000;2.0;4.0;3.0
1370015669000;4.0;4.0;0.0
1370015670000;3.0;0.0;5.0
1370015671000;4.0;2.0;4.0
1370015672000;2.0;5.0;6.0
1370015673000;4.0;7.0;1.0
1370015674000;1.0;2.0;1.0
1370015675000;2.0;2.0;4.0
1370015676000;1.0;1.0;4.0
1370015677000;3.0;1.0;5.0
1370015678000;3.0;0.0;2.0
1370015679000;4.0;0.0;2.0
1370015680000;2.0;2.0;4.0
1370015681000;3.0;6.0;2.0
1370015682000;2.0;2.0;6.0
1370015683000;4.0;6.0;1.0
1370015684000;1.0;3.0;3.0
1370015685000;1.0;1.0;3.0
1370015686000;1.0;0.0;6.0
1370015687000;0.0;1.0;4.0
1370015688000;4.0;4.0;1.0
1370015689000;4.0;3.0;4.0
1370015690000;3.0;0.0;3.0
1370015691000;3.0;3.0;1.0
1370015692000;5.0;0.0;2.0
1370015693000;7.0;3.0;2.0
1370015694000;2.0;3.0;1.0
1370015695000;2.0;2.0;0.0
1370015696000;1.0;3.0;7.0
1370015697000;3.0;3.0;1.0
1370015698000;2.0;1.0;3.0
1370015699000;2.0;2.0;0.0
1370015700000;2.0;1.0;2.0
1370015701000;0.0;2.0;4.0
1370015702000;2.0;5.0;2.0
1370015703000;1.0;1.0;5.0
1370015704000;3.0;2.0;2.0
1370015705000;5.0;2.0;2.0
1370015706000;1.0;2.0;3.0
1370015707000;2.0;1.0;3.0
1370015708000;4.0;1.0;2.0
1370015709000;3.0;0.0;2.0
1370015710000;3.0;2.0;3.0
1370015711000;3.0;4.0;3.0
1370015712000;4.0;2.0;2.0
1370015713000;0.0;5.0;2.0
1370015714000;1.0;3.0;7.0
1370015715000;1.0;4.0;6.0
1370015716000;1.0;8.0;2.0
1370015717000;1.0;2.0;2.0
1370015718000;3.0;5.0;2.0
1370015719000;5.0;2.0;2.0
1370015720000;1.0;1.0;2.0
1370015721000;5.0;2.0;1.0
1370015722000;1.0;2.0;2.0
1370015723000;5.0;3.0;6.0
1370015724000;2.0;4.0;2.0
1370015725000;2.0;3.0;3.0
1370015726000;3.0;1.0;2.0
1370015727000;0.0;2.0;1.0
1370015728000;3.0;2.0;1.0
1370015729000;2.0;3.0;3.0
1370015730000;5.0;1.0;3.0
1370015731000;2.0;3.0;2.0
1370015732000;2.0;3.0;6.0
1370015733000;1.0;5.0;1.0
1370015734000;3.0;2.0;0.0
1370015735000;1.0;4.0;4.0
1370015736000;2.0;4.0;4.0
1370015737000;1.0;3.0;3.0
1370015738000;7.0;3.0;5.0
1370015739000;2.0;1.0;7.0
1370015740000;0.0;4.0;4.0
1370015741000;4.0;1.0;5.0
1370015742000;3.0;2.0;2.0
1370015743000;5.0;4.0;4.0
1370015744000;2.0;4.0;1.0
1370015745000;0.0;2.0;2.0
1370015746000;1.0;5.0;3.0
1370015747000;4.0;4.0;0.0
1370015748000;3.0;0.0;3.0
1370015749000;2.0;4.0;5.0
1370015750000;8.0;6.0;2.0
1370015751000;4.0;2.0;4.0
1370015752000;5.0;9.0;2.0
1370015753000;5.0;3.0;3.0
1370015754000;2.0;0.0;5.0
1370015755000;1.0;4.0;2.0
1370015756000;4.0;1.0;2.0
1370015757000;4.0;0.0;3.0
1370015758000;6.0;1.0;2.0
1370015759000;6.0;1.0;4.0
1370015760000;2.0;0.0;2.0
1370015761000;0.0;2.0;3.0
1370015762000;4.0;3.0;4.0
1370015763000;0.0;4.0;2.0
1370015764000;4.0;2.0;3.0
1370015765000;1.0;6.0;1.0
1370015766000;4.0;3.0;1.0
1370015767000;2.0;1.0;1.0
1370015768000;2.0;3.0;1.0
1370015769000;2.0;0.0;5.0
1370015770000;1.0;3.0;4.0
1370015771000;3.0;3.0;4.0
1370015772000;3.0;5.0;5.0
1370015773000;3.0;1.0;3.0
1370015774000;4.0;2.0;4.0
1370015775000;2.0;2.0;1.0
1370015776000;2.0;2.0;3.0
1370015777000;1.0;1.0;2.0
1370015778000;1.0;3.0;2.0
1370015779000;3.0;2.0;1.0
1370015780000;2.0;1.0;2.0
1370015781000;1.0;4.0;1.0
1370015782000;2.0;1.0;4.0
1370015783000;1.0;3.0;4.0
1370015784000;1.0;4.0;2.0
1370015785000;3.0;3.0;1.0
1370015786000;1.0;3.0;6.0
1370015787000;2.0;4.0;3.0
1370015788000;4.0;2.0;2.0
1370015789000;4.0;2.0;3.0
1370015790000;1.0;3.0;5.0
1370015791000;4.0;3.0;3.0
1370015792000;2.0;3.0;1.0
1370015793000;3.0;3.0;2.0
1370015794000;4.0;0.0;1.0
1370015795000;0.0;2.0;2.0
1370015796000;7.0;1.0;2.0
1370015797000;4.0;3.0;4.0
1370015798000;2.0;4.0;4.0
1370015799000;2.0;1.0;4.0
1370015800000;3.0;4.0;2.0
1370015801000;4.0;2.0;4.0
1370015802000;5.0;4.0;5.0
1370015803000;1.0;3.0;4.0
1370015804000;2.0;3.0;2.0
1370015805000;3.0;4.0;0.0
1370015806000;2.0;1.0;4.0
1370015807000;4.0;2.0;5.0
1370015808000;6.0;2.0;3.0
1370015809000;2.0;2.0;4.0
1370015810000;1.0;7.0;2.0
1370015811000;5.0;5.0;1.0
1370015812000;2.0;1.0;0.0
1370015813000;0.0;1.0;4.0
1370015814000;2.0;1.0;2.0
1370015815000;3.0;6.0;5.0
1370015816000;4.0;3.0;3.0
1370015817000;3.0;2.0;5.0
1370015818000;2.0;4.0;1.0
1370015819000;1.0;2.0;3.0
1370015820000;3.0;2.0;5.0
1370015821000;2.0;1.0;3.0
1370015822000;3.0;3.0;4.0
1370015823000;4.0;1.0;4.0
1370015824000;5.0;3.0;2.0
1370015825000;2.0;6.0;0.0
1370015826000;1.0;1.0;5.0
1370015827000;2.0;2.0;4.0
1370015828000;2.0;2.0;4.0
1370015829000;3.0;2.0;2.0
1370015830000;3.0;2.0;1.0
1370015831000;4.0;5.0;7.0
1370015832000;0.0;2.0;4.0
1370015833000;4.0;5.0;0.0
1370015834000;4.0;2.0;4.0
1370015835000;4.0;2.0;2.0
1370015836000;0.0;1.0;3.0
1370015837000;1.0;4.0;1.0
1370015838000;1.0;1.0;3.0
1370015839000;1.0;1.0;2.0
1370015840000;2.0;2.0;3.0
1370015841000;1.0;3.0;2.0
1370015842000;2.0;3.0;0.0
1370015843000;2.0;1.0;3.0
1370015844000;3.0;2.0;2.0
1370015845000;1.0;2.0;1.0
1370015846000;3.0;4.0;1.0
1370015847000;3.0;2.0;3.0
1370015848000;5.0;5.0;2.0
1370015849000;1.0;3.0;6.0
1370015850000;3.0;0.0;2.0
1370015851000;2.0;4.0;2.0
1370015852000;1.0;3.0;5.0
1370015853000;0.0;4.0;2.0
1370015854000;2.0;1.0;4.0
1370015855000;2.0;4.0;2.0
1370015856000;3.0;4.0;6.0
1370015857000;1.0;1.0;2.0
1370015858000;1.0;5.0;3.0
1370015859000;4.0;3.0;1.0
1370015860000;1.0;3.0;5.0
1370015861000;5.0;2.0;4.0
1370015862000;2.0;3.0;3.0
1370015863000;4.0;0.0;4.0
1370015864000;3.0;2.0;6.0
1370015865000;3.0;2.0;3.0
1370015866000;4.0;3.0;2.0
1370015867000;3.0;2.0;8.0
1370015868000;4.0;3.0;3.0
1370015869000;0.0;2.0;3.0
1370015870000;5.0;3.0;4.0
1370015871000;3.0;4.0;2.0
1370015872000;3.0;1.0;2.0
1370015873000;0.0;4.0;0.0
1370015874000;5.0;5.0;2.0
1370015875000;4.0;4.0;3.0
1370015876000;1.0;1.0;2.0
1370015877000;3.0;6.0;3.0
1370015878000;2.0;2.0;4.0
1370015879000;1.0;5.0;3.0
1370015880000;5.0;3.0;3.0
1370015881000;2.0;3.0;3.0
1370015882000;3.0;5.0;3.0
1370015883000;2.0;6.0;2.0
1370015884000;5.0;3.0;9.0
1370015885000;6.0;2.0;6.0
1370015886000;1.0;1.0;4.0
1370015887000;3.0;2.0;2.0
1370015888000;2.0;3.0;2.0
1370015889000;1.0;2.0;3.0
1370015890000;2.0;5.0;3.0
1370015891000;2.0;4.0;3.0
1370015892000;0.0;2.0;3.0
1370015893000;5.0;3.0;5.0
1370015894000;4.0;3.0;7.0
1370015895000;2.0;2.0;0.0
1370015896000;5.0;3.0;5.0
1370015897000;4.0;1.0;2.0
1370015898000;1.0;3.0;0.0
1370015899000;4.0;2.0;2.0
1370015900000;6.0;0.0;2.0
1370015901000;2.0;1.0;1.0
1370015902000;3.0;4.0;2.0
1370015903000;4.0;2.0;1.0
1370015904000;3.0;3.0;2.0
1370015905000;4.0;6.0;3.0
1370015906000;2.0;1.0;3.0
1370015907000;0.0;2.0;2.0
1370015908000;2.0;1.0;2.0
1370015909000;1.0;2.0;4.0
1370015910000;4.0;2.0;1.0
1370015911000;2.0;2.0;3.0
1370015912000;3.0;5.0;3.0
1370015913000;1.0;4.0;2.0
1370015914000;7.0;2.0;2.0
1370015915000;4.0;5.0;3.0
1370015916000;1.0;5.0;0.0
1370015917000;3.0;7.0;3.0
1370015918000;1.0;3.0;5.0
1370015919000;4.0;3.0;3.0
1370015920000;4.0;2.0;2.0
1370015921000;2.0;1.0;2.0
1370015922000;2.0;4.0;0.0
1370015923000;2.0;2.0;2.0
1370015924000;3.0;4.0;1.0
1370015925000;1.0;7.0;1.0
1370015926000;2.0;4.0;3.0
1370015927000;2.0;4.0;1.0
1370015928000;1.0;1.0;1.0
1370015929000;1.0;1.0;6.0
1370015930000;1.0;2.0;1.0
1370015931000;0.0;3.0;3.0
1370015932000;0.0;2.0;4.0
1370015933000;1.0;2.0;1.0
1370015934000;2.0;2.0;3.0
1370015935000;2.0;4.0;4.0
1370015936000;1.0;4.0;2.0
1370015937000;4.0;4.0;3.0
1370015938000;1.0;3.0;5.0
1370015939000;3.0;1.0;0.0
1370015940000;3.0;4.0;2.0
1370015941000;1.0;4.0;2.0
1370015942000;9.0;5.0;1.0
1370015943000;1.0;3.0;3.0
1370015944000;2.0;2.0;1.0
1370015945000;3.0;6.0;2.0
1370015946000;4.0;4.0;2.0
1370015947000;0.0;1.0;2.0
1370015948000;4.0;4.0;5.0
1370015949000;0.0;2.0;4.0
1370015950000;2.0;5.0;1.0
1370015951000;4.0;4.0;2.0
1370015952000;4.0;4.0;4.0
1370015953000;2.0;4.0;4.0
1370015954000;3.0;2.0;0.0
1370015955000;4.0;0.0;3.0
1370015956000;3.0;1.0;1.0
1370015957000;3.0;3.0;2.0
1370015958000;1.0;4.0;2.0
1370015959000;4.0;2.0;1.0
1370015960000;3.0;2.0;3.0
1370015961000;2.0;2.0;7.0
1370015962000;4.0;0.0;2.0
1370015963000;3.0;3.0;0.0
1370015964000;4.0;5.0;4.0
1370015965000;1.0;4.0;3.0
1370015966000;4.0;3.0;4.0
1370015967000;3.0;0.0;6.0
1370015968000;5.0;2.0;5.0
1370015969000;0.0;2.0;1.0
1370015970000;2.0;2.0;4.0
1370015971000;4.0;2.0;3.0
1370015972000;1.0;4.0;7.0
1370015973000;2.0;5.0;5.0
1370015974000;1.0;0.0;3.0
1370015975000;0.0;2.0;3.0
1370015976000;2.0;1.0;5.0
1370015977000;2.0;2.0;5.0
1370015978000;3.0;3.0;4.0
1370015979000;2.0;3.0;4.0
1370015980000;4.0;3.0;2.0
1370015981000;2.0;3.0;3.0
1370015982000;3.0;3.0;4.0
1370015983000;1.0;1.0;3.0
1370015984000;3.0;3.0;0.0
1370015985000;4.0;2.0;2.0
1370015986000;2.0;2.0;3.0
1370015987000;5.0;3.0;5.0
1370015988000;3.0;1.0;1.0
1370015989000;3.0;3.0;4.0
1370015990000;6.0;4.0;2.0
1370015991000;2.0;0.0;2.0
1370015992000;1.0;2.0;3.0
1370015993000;4.0;4.0;1.0
1370015994000;2.0;2.0;2.0
1370015995000;2.0;2.0;2.0
1370015996000;2.0;0.0;3.0
1370015997000;1.0;1.0;1.0
1370015998000;4.0;7.0;1.0
1370015999000;1.0;4.0;6.0
1370016000000;0.0;0.0;5.0
1370016001000;3.0;5.0;1.0
1370016002000;0.0;1.0;2.0
1370016003000;5.0;7.0;5.0
1370016004000;4.0;4.0;4.0
1370016005000;4.0;1.0;5.0
1370016006000;2.0;3.0;2.0
1370016007000;1.0;3.0;1.0
1370016008000;1.0;2.0;9.0
1370016009000;0.0;1.0;1.0
1370016010000;4.0;3.0;2.0
1370016011000;4.0;4.0;6.0
1370016012000;4.0;3.0;2.0
1370016013000;2.0;6.0;3.0
1370016014000;3.0;3.0;1.0
1370016015000;4.0;5.0;2.0
1370016016000;3.0;0.0;6.0
1370016017000;3.0;2.0;1.0
1370016018000;5.0;4.0;2.0
1370016019000;3.0;1.0;2.0
1370016020000;2.0;2.0;4.0
1370016021000;4.0;4.0;3.0
1370016022000;1.0;7.0;2.0
1370016023000;1.0;2.0;4.0
1370016024000;3.0;0.0;1.0
1370016025000;3.0;4.0;4.0
1370016026000;3.0;3.0;6.0
1370016027000;1.0;1.0;3.0
1370016028000;3.0;3.0;3.0
1370016029000;5.0;3.0;1.0
1370016030000;3.0;0.0;2.0
1370016031000;5.0;2.0;2.0
1370016032000;3.0;1.0;6.0
1370016033000;3.0;2.0;2.0
1370016034000;0.0;1.0;5.0
1370016035000;3.0;3.0;3.0
1370016036000;3.0;1.0;3.0
1370016037000;0.0;2.0;1.0
1370016038000;3.0;1.0;3.0
1370016039000;5.0;6.0;1.0
1370016040000;2.0;3.0;6.0
1370016041000;3.0;1.0;3.0
1370016042000;0.0;4.0;2.0
1370016043000;2.0;1.0;1.0
1370016044000;7.0;0.0;4.0
1370016045000;2.0;0.0;3.0
1370016046000;2.0;3.0;3.0
1370016047000;3.0;2.0;2.0
1370016048000;2.0;3.0;0.0
1370016049000;3.0;1.0;2.0
1370016050000;3.0;5.0;2.0
1370016051000;2.0;2.0;2.0
1370016052000;4.0;2.0;4.0
1370016053000;6.0;3.0;4.0
1370016054000;3.0;3.0;4.0
1370016055000;2.0;0.0;1.0
1370016056000;2.0;7.0;2.0
1370016057000;3.0;3.0;5.0
1370016058000;3.0;2.0;3.0
1370016059000;4.0;0.0;2.0
1370016060000;2.0;3.0;3.0
1370016061000;1.0;2.0;5.0
1370016062000;3.0;3.0;1.0
1370016063000;1.0;1.0;3.0
1370016064000;2.0;5.0;2.0
1370016065000;1.0;1.0;0.0
1370016066000;4.0;5.0;4.0
1370016067000;6.0;0.0;1.0
1370016068000;0.0;3.0;0.0
1370016069000;2.0;3.0;1.0
1370016070000;1.0;2.0;2.0
1370016071000;4.0;0.0;5.0
1370016072000;3.0;2.0;2.0
1370016073000;2.0;1.0;1.0
1370016074000;2.0;2.0;6.0
1370016075000;2.0;2.0;3.0
1370016076000;1.0;1.0;0.0
1370016077000;4.0;1.0;5.0
1370016078000;3.0;2.0;2.0
1370016079000;1.0;1.0;2.0
1370016080000;4.0;4.0;3.0
1370016081000;4.0;2.0;2.0
1370016082000;2.0;5.0;3.0
1370016083000;0.0;4.0;2.0
1370016084000;1.0;2.0;2.0
1370016085000;2.0;1.0;4.0
1370016086000;2.0;2.0;4.0
1370016087000;2.0;3.0;1.0
1370016088000;1.0;0.0;6.0
1370016089000;3.0;2.0;1.0
1370016090000;7.0;2.0;2.0
1370016091000;2.0;3.0;4.0
1370016092000;3.0;4.0;2.0
1370016093000;4.0;2.0;4.0
1370016094000;4.0;1.0;2.0
1370016095000;4.0;1.0;2.0
1370016096000;3.0;2.0;0.0
1370016097000;2.0;4.0;3.0
1370016098000;4.0;1.0;1.0
1370016099000;3.0;2.0;1.0
1370016100000;4.0;2.0;6.0
1370016101000;4.0;0.0;1.0
1370016102000;3.0;3.0;5.0
1370016103000;3.0;3.0;2.0
1370016104000;0.0;1.0;4.0
1370016105000;3.0;4.0;6.0
1370016106000;3.0;2.0;3.0
1370016107000;4.0;2.0;6.0
1370016108000;2.0;2.0;6.0
1370016109000;4.0;4.0;2.0
1370016110000;3.0;4.0;4.0
1370016111000;3.0;3.0;3.0
1370016112000;1.0;2.0;4.0
1370016113000;0.0;3.0;0.0
1370016114000;2.0;3.0;3.0
1370016115000;1.0;4.0;1.0
1370016116000;1.0;0.0;3.0
1370016117000;1.0;3.0;4.0
1370016118000;4.0;3.0;7.0
1370016119000;3.0;5.0;3.0
1370016120000;2.0;2.0;4.0
1370016121000;5.0;5.0;3.0
1370016122000;2.0;8.0;1.0
1370016123000;1.0;2.0;0.0
1370016124000;4.0;2.0;3.0
1370016125000;4.0;4.0;0.0
1370016126000;6.0;0.0;4.0
1370016127000;4.0;3.0;5.0
1370016128000;6.0;3.0;6.0
1370016129000;1.0;5.0;2.0
1370016130000;6.0;5.0;4.0
1370016131000;4.0;2.0;1.0
1370016132000;2.0;1.0;5.0
1370016133000;3.0;1.0;3.0
1370016134000;6.0;1.0;4.0
1370016135000;4.0;1.0;2.0
1370016136000;3.0;2.0;3.0
1370016137000;2.0;0.0;4.0
1370016138000;1.0;4.0;3.0
1370016139000;5.0;2.0;2.0
1370016140000;1.0;8.0;3.0
1370016141000;1.0;4.0;0.0
1370016142000;3.0;1.0;3.0
1370016143000;4.0;5.0;3.0
1370016144000;1.0;5.0;1.0
1370016145000;4.0;1.0;0.0
1370016146000;4.0;3.0;2.0
1370016147000;4.0;2.0;3.0
1370016148000;4.0;4.0;5.0
1370016149000;3.0;5.0;3.0
1370016150000;0.0;2.0;3.0
1370016151000;3.0;3.0;0.0
1370016152000;4.0;1.0;8.0
1370016153000;2.0;3.0;3.0
1370016154000;0.0;2.0;8.0
1370016155000;2.0;5.0;2.0
1370016156000;1.0;3.0;1.0
1370016157000;4.0;0.0;3.0
1370016158000;0.0;6.0;0.0
1370016159000;2.0;1.0;1.0
1370016160000;3.0;2.0;1.0
1370016161000;3.0;2.0;3.0
1370016162000;2.0;2.0;5.0
1370016163000;2.0;2.0;1.0
1370016164000;3.0;2.0;2.0
1370016165000;3.0;3.0;4.0
1370016166000;2.0;1.0;2.0
1370016167000;0.0;6.0;2.0
1370016168000;2.0;6.0;3.0
1370016169000;0.0;2.0;2.0
1370016170000;6.0;1.0;2.0
1370016171000;2.0;1.0;0.0
1370016172000;1.0;3.0;2.0
1370016173000;4.0;5.0;2.0
1370016174000;0.0;1.0;3.0
1370016175000;2.0;4.0;4.0
1370016176000;1.0;2.0;1.0
1370016177000;3.0;6.0;0.0
1370016178000;2.0;5.0;7.0
1370016179000;0.0;2.0;2.0
1370016180000;5.0;3.0;3.0
1370016181000;2.0;3.0;3.0
1370016182000;0.0;2.0;3.0
1370016183000;1.0;1.0;0.0
1370016184000;3.0;4.0;3.0
1370016185000;5.0;0.0;2.0
1370016186000;4.0;2.0;5.0
1370016187000;3.0;2.0;2.0
1370016188000;1.0;2.0;2.0
1370016189000;3.0;4.0;2.0
1370016190000;5.0;1.0;0.0
1370016191000;3.0;3.0;2.0
1370016192000;6.0;6.0;3.0
1370016193000;1.0;5.0;4.0
1370016194000;2.0;2.0;4.0
1370016195000;2.0;2.0;9.0
1370016196000;5.0;1.0;3.0
1370016197000;3.0;5.0;1.0
1370016198000;2.0;2.0;5.0
1370016199000;2.0;3.0;3.0
1370016200000;3.0;1.0;4.0
1370016201000;5.0;2.0;5.0
1370016202000;2.0;2.0;2.0
1370016203000;3.0;1.0;4.0
1370016204000;2.0;4.0;2.0
1370016205000;0.0;1.0;3.0
1370016206000;4.0;2.0;3.0
1370016207000;6.0;4.0;6.0
1370016208000;2.0;2.0;2.0
1370016209000;4.0;3.0;1.0
1370016210000;2.0;5.0;1.0
1370016211000;2.0;7.0;3.0
1370016212000;5.0;6.0;4.0
1370016213000;2.0;1.0;3.0
1370016214000;3.0;4.0;4.0
1370016215000;4.0;1.0;1.0
1370016216000;0.0;3.0;1.0
1370016217000;4.0;6.0;1.0
1370016218000;2.0;3.0;3.0
1370016219000;6.0;5.0;3.0
1370016220000;3.0;2.0;2.0
1370016221000;2.0;4.0;2.0
1370016222000;3.0;3.0;4.0
1370016223000;1.0;0.0;3.0
1370016224000;3.0;2.0;3.0
1370016225000;5.0;6.0;2.0
1370016226000;0.0;2.0;1.0
1370016227000;4.0;2.0;1.0
1370016228000;3.0;3.0;4.0
1370016229000;4.0;0.0;0.0
1370016230000;2.0;2.0;2.0
1370016231000;0.0;1.0;1.0
1370016232000;1.0;0.0;4.0
1370016233000;3.0;3.0;1.0
1370016234000;3.0;2.0;4.0
1370016235000;4.0;1.0;2.0
1370016236000;3.0;3.0;3.0
1370016237000;1.0;3.0;2.0
1370016238000;5.0;2.0;0.0
1370016239000;4.0;3.0;0.0
1370016240000;4.0;3.0;0.0
1370016241000;2.0;2.0;3.0
1370016242000;4.0;1.0;1.0
1370016243000;2.0;2.0;7.0
1370016244000;3.0;6.0;2.0
1370016245000;3.0;1.0;3.0
1370016246000;4.0;1.0;4.0
1370016247000;4.0;2.0;6.0
1370016248000;2.0;5.0;0.0
1370016249000;0.0;4.0;4.0
1370016250000;3.0;5.0;5.0
1370016251000;2.0;2.0;2.0
1370016252000;4.0;2.0;4.0
1370016253000;2.0;3.0;1.0
1370016254000;7.0;2.0;4.0
1370016255000;2.0;1.0;2.0
1370016256000;2.0;2.0;9.0
1370016257000;1.0;6.0;1.0
1370016258000;4.0;0.0;3.0
1370016259000;6.0;2.0;3.0
1370016260000;1.0;2.0;1.0
1370016261000;4.0;3.0;2.0
1370016262000;2.0;5.0;1.0
1370016263000;2.0;1.0;0.0
1370016264000;2.0;1.0;5.0
1370016265000;0.0;2.0;1.0
1370016266000;3.0;5.0;3.0
1370016267000;4.0;5.0;6.0
1370016268000;6.0;3.0;5.0
1370016269000;1.0;1.0;4.0
1370016270000;0.0;2.0;2.0
1370016271000;1.0;3.0;3.0
1370016272000;7.0;1.0;2.0
1370016273000;2.0;5.0;2.0
1370016274000;4.0;0.0;0.0
1370016275000;2.0;1.0;4.0
1370016276000;4.0;0.0;2.0
1370016277000;1.0;2.0;2.0
1370016278000;2.0;1.0;3.0
1370016279000;2.0;2.0;1.0
1370016280000;2.0;1.0;3.0
1370016281000;3.0;3.0;1.0
1370016282000;6.0;4.0;3.0
1370016283000;1.0;4.0;4.0
1370016284000;5.0;5.0;3.0
1370016285000;4.0;4.0;2.0
1370016286000;4.0;5.0;4.0
1370016287000;2.0;7.0;4.0
1370016288000;2.0;3.0;7.0
1370016289000;2.0;3.0;4.0
1370016290000;3.0;5.0;4.0
1370016291000;0.0;5.0;3.0
1370016292000;3.0;2.0;4.0
1370016293000;6.0;0.0;3.0
1370016294000;3.0;2.0;2.0
1370016295000;7.0;1.0;5.0
1370016296000;4.0;2.0;2.0
1370016297000;1.0;2.0;1.0
1370016298000;3.0;6.0;0.0
1370016299000;1.0;3.0;2.0
1370016300000;2.0;1.0;1.0
1370016301000;3.0;1.0;1.0
1370016302000;7.0;3.0;3.0
1370016303000;2.0;3.0;4.0
1370016304000;5.0;2.0;1.0
1370016305000;3.0;2.0;1.0
1370016306000;1.0;1.0;1.0
1370016307000;2.0;2.0;5.0
1370016308000;2.0;2.0;2.0
1370016309000;3.0;1.0;3.0
1370016310000;1.0;1.0;3.0
1370016311000;2.0;1.0;2.0
1370016312000;4.0;4.0;0.0
1370016313000;2.0;5.0;2.0
1370016314000;4.0;3.0;5.0
1370016315000;4.0;5.0;4.0
1370016316000;5.0;0.0;6.0
1370016317000;0.0;5.0;2.0
1370016318000;2.0;4.0;3.0
1370016319000;2.0;2.0;3.0
1370016320000;3.0;1.0;2.0
1370016321000;3.0;1.0;2.0
1370016322000;3.0;5.0;2.0
1370016323000;4.0;2.0;2.0
1370016324000;1.0;3.0;2.0
1370016325000;2.0;1.0;3.0
1370016326000;3.0;2.0;3.0
1370016327000;3.0;3.0;3.0
1370016328000;4.0;2.0;1.0
1370016329000;0.0;2.0;1.0
1370016330000;3.0;3.0;6.0
1370016331000;1.0;2.0;2.0
1370016332000;2.0;1.0;3.0
1370016333000;3.0;1.0;4.0
1370016334000;2.0;1.0;3.0
1370016335000;1.0;0.0;4.0
1370016336000;0.0;6.0;4.0
1370016337000;6.0;2.0;1.0
1370016338000;4.0;1.0;0.0
1370016339000;4.0;3.0;2.0
1370016340000;0.0;4.0;1.0
1370016341000;3.0;2.0;4.0
1370016342000;1.0;4.0;1.0
1370016343000;0.0;3.0;2.0
1370016344000;2.0;4.0;5.0
1370016345000;0.0;2.0;4.0
1370016346000;2.0;4.0;3.0
1370016347000;2.0;1.0;3.0
1370016348000;1.0;8.0;1.0
1370016349000;1.0;3.0;0.0
1370016350000;2.0;4.0;4.0
1370016351000;3.0;6.0;4.0
1370016352000;4.0;1.0;2.0
1370016353000;1.0;2.0;3.0
1370016354000;4.0;5.0;2.0
1370016355000;4.0;2.0;7.0
1370016356000;5.0;3.0;3.0
1370016357000;0.0;2.0;2.0
1370016358000;3.0;3.0;2.0
1370016359000;4.0;3.0;1.0
1370016360000;3.0;6.0;2.0
1370016361000;4.0;0.0;2.0
1370016362000;2.0;3.0;1.0
1370016363000;1.0;3.0;3.0
1370016364000;2.0;3.0;1.0
1370016365000;2.0;2.0;5.0
1370016366000;1.0;4.0;0.0
1370016367000;4.0;3.0;0.0
1370016368000;2.0;1.0;2.0
1370016369000;1.0;3.0;3.0
1370016370000;2.0;4.0;4.0
1370016371000;1.0;2.0;2.0
1370016372000;1.0;0.0;3.0
1370016373000;2.0;1.0;1.0
1370016374000;4.0;1.0;6.0
1370016375000;1.0;3.0;0.0
1370016376000;2.0;3.0;5.0
1370016377000;2.0;4.0;1.0
1370016378000;2.0;5.0;4.0
1370016379000;5.0;5.0;4.0
1370016380000;1.0;3.0;3.0
1370016381000;2.0;3.0;2.0
1370016382000;3.0;2.0;4.0
1370016383000;2.0;1.0;0.0
1370016384000;5.0;1.0;1.0
1370016385000;6.0;4.0;3.0
1370016386000;2.0;2.0;1.0
1370016387000;3.0;6.0;2.0
1370016388000;1.0;4.0;7.0
1370016389000;1.0;4.0;1.0
1370016390000;2.0;4.0;3.0
1370016391000;6.0;9.0;3.0
1370016392000;1.0;1.0;3.0
1370016393000;1.0;1.0;4.0
1370016394000;4.0;0.0;3.0
1370016395000;4.0;3.0;2.0
1370016396000;2.0;1.0;4.0
1370016397000;4.0;1.0;2.0
1370016398000;1.0;1.0;4.0
1370016399000;2.0;3.0;0.0
1370016400000;4.0;4.0;3.0
1370016401000;2.0;4.0;1.0
1370016402000;4.0;2.0;3.0
1370016403000;2.0;3.0;4.0
1370016404000;1.0;1.0;1.0
1370016405000;0.0;0.0;0.0
1370016406000;5.0;1.0;3.0
1370016407000;4.0;2.0;2.0
1370016408000;1.0;2.0;5.0
1370016409000;5.0;2.0;4.0
1370016410000;0.0;2.0;3.0
1370016411000;1.0;3.0;0.0
1370016412000;3.0;4.0;1.0
1370016413000;1.0;4.0;3.0
1370016414000;7.0;2.0;2.0
1370016415000;3.0;5.0;5.0
1370016416000;1.0;4.0;1.0
1370016417000;0.0;0.0;4.0
1370016418000;0.0;4.0;3.0
1370016419000;2.0;4.0;2.0
1370016420000;4.0;2.0;4.0
1370016421000;0.0;2.0;6.0
1370016422000;1.0;3.0;1.0
1370016423000;1.0;1.0;5.0
1370016424000;4.0;0.0;2.0
1370016425000;1.0;3.0;5.0
1370016426000;2.0;2.0;3.0
1370016427000;3.0;0.0;0.0
1370016428000;2.0;3.0;0.0
1370016429000;2.0;3.0;3.0
1370016430000;1.0;3.0;1.0
1370016431000;4.0;3.0;2.0
1370016432000;3.0;2.0;1.0
1370016433000;1.0;3.0;3.0
1370016434000;3.0;2.0;3.0
1370016435000;3.0;2.0;2.0
1370016436000;1.0;5.0;2.0
1370016437000;4.0;1.0;1.0
1370016438000;2.0;3.0;2.0
1370016439000;3.0;4.0;0.0
1370016440000;0.0;3.0;2.0
1370016441000;2.0;2.0;1.0
1370016442000;1.0;2.0;1.0
1370016443000;6.0;1.0;1.0
1370016444000;2.0;3.0;4.0
1370016445000;1.0;3.0;3.0
1370016446000;2.0;3.0;1.0
1370016447000;3.0;1.0;4.0
1370016448000;2.0;1.0;3.0
1370016449000;3.0;3.0;3.0
1370016450000;4.0;2.0;2.0
1370016451000;4.0;1.0;3.0
1370016452000;3.0;3.0;0.0
1370016453000;2.0;4.0;2.0
1370016454000;5.0;1.0;3.0
1370016455000;4.0;3.0;1.0
1370016456000;3.0;1.0;7.0
1370016457000;2.0;0.0;3.0
1370016458000;2.0;5.0;2.0
1370016459000;2.0;3.0;1.0
1370016460000;4.0;1.0;6.0
1370016461000;1.0;2.0;2.0
1370016462000;4.0;3.0;1.0
1370016463000;5.0;1.0;3.0
1370016464000;2.0;2.0;1.0
1370016465000;3.0;3.0;3.0
1370016466000;2.0;3.0;5.0
1370016467000;6.0;1.0;5.0
1370016468000;2.0;2.0;1.0
1370016469000;3.0;2.0;3.0
1370016470000;4.0;1.0;0.0
1370016471000;1.0;2.0;1.0
1370016472000;3.0;2.0;6.0
1370016473000;3.0;6.0;1.0
1370016474000;0.0;1.0;2.0
1370016475000;4.0;2.0;1.0
1370016476000;2.0;2.0;1.0
1370016477000;4.0;0.0;1.0
1370016478000;3.0;1.0;0.0
1370016479000;2.0;1.0;3.0
1370016480000;3.0;4.0;2.0
1370016481000;1.0;3.0;3.0
1370016482000;3.0;2.0;4.0
1370016483000;0.0;3.0;1.0
1370016484000;2.0;1.0;4.0
1370016485000;3.0;0.0;1.0
1370016486000;3.0;2.0;1.0
1370016487000;8.0;2.0;3.0
1370016488000;3.0;1.0;5.0
1370016489000;3.0;2.0;4.0
1370016490000;2.0;1.0;2.0
1370016491000;0.0;5.0;2.0
1370016492000;2.0;3.0;5.0
1370016493000;2.0;4.0;2.0
1370016494000;5.0;3.0;1.0
1370016495000;4.0;7.0;4.0
1370016496000;1.0;4.0;0.0
1370016497000;2.0;4.0;1.0
1370016498000;3.0;1.0;2.0
1370016499000;0.0;3.0;3.0
1370016500000;5.0;1.0;1.0
1370016501000;3.0;2.0;5.0
1370016502000;4.0;4.0;3.0
1370016503000;2.0;2.0;4.0
1370016504000;1.0;2.0;3.0
1370016505000;4.0;6.0;6.0
1370016506000;3.0;2.0;1.0
1370016507000;2.0;1.0;4.0
1370016508000;3.0;4.0;3.0
1370016509000;2.0;5.0;3.0
1370016510000;2.0;2.0;2.0
1370016511000;1.0;1.0;2.0
1370016512000;2.0;0.0;0.0
1370016513000;3.0;2.0;2.0
1370016514000;0.0;1.0;2.0
1370016515000;4.0;2.0;3.0
1370016516000;4.0;3.0;2.0
1370016517000;1.0;3.0;6.0
1370016518000;2.0;0.0;2.0
1370016519000;1.0;1.0;5.0
1370016520000;4.0;2.0;3.0
1370016521000;1.0;7.0;1.0
1370016522000;4.0;2.0;3.0
1370016523000;6.0;1.0;1.0
1370016524000;1.0;3.0;2.0
1370016525000;0.0;4.0;3.0
1370016526000;3.0;1.0;0.0
1370016527000;2.0;0.0;3.0
1370016528000;3.0;2.0;4.0
1370016529000;1.0;0.0;4.0
1370016530000;3.0;3.0;0.0
1370016531000;3.0;2.0;4.0
1370016532000;1.0;1.0;3.0
1370016533000;5.0;3.0;1.0
1370016534000;5.0;5.0;3.0
1370016535000;2.0;5.0;3.0
1370016536000;1.0;1.0;2.0
1370016537000;4.0;3.0;1.0
1370016538000;2.0;2.0;2.0
1370016539000;2.0;2.0;3.0
1370016540000;3.0;1.0;4.0
1370016541000;4.0;3.0;7.0
1370016542000;2.0;1.0;4.0
1370016543000;0.0;5.0;3.0
1370016544000;3.0;2.0;0.0
1370016545000;2.0;1.0;2.0
1370016546000;2.0;7.0;1.0
1370016547000;2.0;5.0;6.0
1370016548000;5.0;2.0;4.0
1370016549000;4.0;4.0;6.0
1370016550000;4.0;2.0;2.0
1370016551000;4.0;5.0;5.0
1370016552000;3.0;1.0;2.0
1370016553000;1.0;3.0;2.0
1370016554000;1.0;2.0;5.0
1370016555000;1.0;0.0;4.0
1370016556000;3.0;4.0;0.0
1370016557000;3.0;3.0;2.0
1370016558000;5.0;5.0;4.0
1370016559000;2.0;2.0;3.0
1370016560000;3.0;2.0;2.0
1370016561000;3.0;3.0;6.0
1370016562000;3.0;5.0;3.0
1370016563000;1.0;0.0;3.0
1370016564000;2.0;3.0;3.0
1370016565000;1.0;1.0;0.0
1370016566000;1.0;1.0;3.0
1370016567000;1.0;3.0;4.0
1370016568000;2.0;5.0;5.0
1370016569000;6.0;0.0;2.0
1370016570000;1.0;2.0;4.0
1370016571000;2.0;1.0;3.0
1370016572000;4.0;1.0;2.0
1370016573000;2.0;3.0;1.0
1370016574000;2.0;2.0;4.0
1370016575000;4.0;2.0;3.0
1370016576000;0.0;2.0;3.0
1370016577000;2.0;1.0;0.0
1370016578000;2.0;3.0;4.0
1370016579000;3.0;2.0;6.0
1370016580000;5.0;3.0;3.0
1370016581000;1.0;1.0;4.0
1370016582000;2.0;1.0;1.0
1370016583000;3.0;5.0;5.0
1370016584000;3.0;0.0;2.0
1370016585000;1.0;1.0;3.0
1370016586000;12.0;1.0;4.0
1370016587000;4.0;3.0;4.0
1370016588000;3.0;4.0;2.0
1370016589000;4.0;7.0;4.0
1370016590000;3.0;2.0;9.0
1370016591000;2.0;2.0;2.0
1370016592000;4.0;4.0;3.0
1370016593000;3.0;0.0;6.0
1370016594000;1.0;2.0;1.0
1370016595000;2.0;3.0;2.0
1370016596000;2.0;4.0;0.0
1370016597000;5.0;4.0;3.0
1370016598000;2.0;3.0;2.0
1370016599000;1.0;3.0;1.0
1370016600000;3.0;3.0;1.0
1370016601000;6.0;5.0;5.0
1370016602000;6.0;3.0;2.0
1370016603000;3.0;1.0;4.0
1370016604000;4.0;0.0;4.0
1370016605000;4.0;0.0;5.0
1370016606000;0.0;2.0;3.0
1370016607000;3.0;0.0;1.0
1370016608000;3.0;5.0;1.0
1370016609000;5.0;0.0;3.0
1370016610000;3.0;4.0;2.0
1370016611000;2.0;1.0;3.0
1370016612000;2.0;7.0;1.0
1370016613000;3.0;3.0;2.0
1370016614000;1.0;8.0;0.0
1370016615000;3.0;0.0;4.0
1370016616000;5.0;3.0;3.0
1370016617000;2.0;1.0;2.0
1370016618000;7.0;1.0;9.0
1370016619000;1.0;3.0;3.0
1370016620000;3.0;2.0;3.0
1370016621000;4.0;3.0;1.0
1370016622000;4.0;2.0;2.0
1370016623000;5.0;2.0;5.0
1370016624000;2.0;2.0;2.0
1370016625000;0.0;1.0;1.0
1370016626000;1.0;3.0;0.0
1370016627000;0.0;2.0;1.0
1370016628000;3.0;2.0;0.0
1370016629000;3.0;5.0;0.0
1370016630000;2.0;2.0;2.0
1370016631000;1.0;6.0;0.0
1370016632000;3.0;3.0;3.0
1370016633000;5.0;2.0;1.0
1370016634000;1.0;3.0;2.0
1370016635000;2.0;3.0;4.0
1370016636000;0.0;2.0;3.0
1370016637000;1.0;7.0;1.0
1370016638000;3.0;1.0;2.0
1370016639000;4.0;5.0;5.0
1370016640000;2.0;6.0;4.0
1370016641000;2.0;1.0;2.0
1370016642000;1.0;4.0;3.0
1370016643000;2.0;1.0;1.0
1370016644000;5.0;2.0;5.0
1370016645000;2.0;2.0;2.0
1370016646000;2.0;1.0;1.0
1370016647000;2.0;2.0;3.0
1370016648000;4.0;1.0;2.0
1370016649000;3.0;3.0;0.0
1370016650000;3.0;2.0;2.0
1370016651000;4.0;2.0;3.0
1370016652000;5.0;4.0;3.0
1370016653000;2.0;4.0;1.0
1370016654000;2.0;1.0;0.0
1370016655000;4.0;2.0;3.0
1370016656000;1.0;6.0;3.0
1370016657000;5.0;1.0;1.0
1370016658000;3.0;4.0;3.0
1370016659000;1.0;2.0;0.0
1370016660000;3.0;2.0;2.0
1370016661000;2.0;0.0;3.0
1370016662000;4.0;0.0;1.0
1370016663000;5.0;4.0;3.0
1370016664000;1.0;0.0;3.0
1370016665000;4.0;1.0;3.0
1370016666000;5.0;5.0;4.0
1370016667000;7.0;1.0;4.0
1370016668000;2.0;2.0;2.0
1370016669000;2.0;3.0;3.0
1370016670000;1.0;5.0;3.0
1370016671000;1.0;6.0;0.0
1370016672000;1.0;3.0;3.0
1370016673000;2.0;4.0;7.0
1370016674000;2.0;2.0;3.0
1370016675000;3.0;3.0;4.0
1370016676000;5.0;3.0;2.0
1370016677000;0.0;1.0;3.0
1370016678000;3.0;5.0;3.0
1370016679000;4.0;1.0;3.0
1370016680000;5.0;4.0;1.0
1370016681000;2.0;2.0;3.0
1370016682000;1.0;8.0;3.0
1370016683000;2.0;2.0;3.0
1370016684000;2.0;3.0;5.0
1370016685000;1.0;5.0;3.0
1370016686000;5.0;1.0;3.0
1370016687000;4.0;2.0;2.0
1370016688000;4.0;4.0;1.0
1370016689000;3.0;4.0;2.0
1370016690000;2.0;2.0;3.0
1370016691000;4.0;2.0;4.0
1370016692000;4.0;2.0;2.0
1370016693000;3.0;4.0;4.0
1370016694000;3.0;3.0;1.0
1370016695000;4.0;2.0;1.0
1370016696000;4.0;2.0;4.0
1370016697000;1.0;4.0;3.0
1370016698000;3.0;2.0;4.0
1370016699000;1.0;0.0;2.0
1370016700000;4.0;4.0;5.0
1370016701000;0.0;3.0;5.0
1370016702000;3.0;3.0;3.0
1370016703000;3.0;2.0;4.0
1370016704000;1.0;1.0;2.0
1370016705000;2.0;3.0;5.0
1370016706000;3.0;4.0;3.0
1370016707000;1.0;0.0;3.0
1370016708000;2.0;4.0;1.0
1370016709000;2.0;0.0;3.0
1370016710000;5.0;1.0;1.0
1370016711000;3.0;5.0;2.0
1370016712000;5.0;2.0;1.0
1370016713000;4.0;2.0;0.0
1370016714000;0.0;0.0;3.0
1370016715000;8.0;3.0;2.0
1370016716000;6.0;4.0;3.0
1370016717000;3.0;4.0;1.0
1370016718000;2.0;2.0;3.0
1370016719000;1.0;4.0;2.0
1370016720000;5.0;1.0;1.0
1370016721000;2.0;0.0;1.0
1370016722000;1.0;2.0;3.0
1370016723000;1.0;3.0;2.0
1370016724000;3.0;3.0;3.0
1370016725000;2.0;5.0;4.0
1370016726000;2.0;1.0;2.0
1370016727000;1.0;0.0;5.0
1370016728000;1.0;3.0;3.0
1370016729000;4.0;4.0;1.0
1370016730000;3.0;1.0;2.0
1370016731000;1.0;3.0;5.0
1370016732000;2.0;1.0;1.0
1370016733000;5.0;4.0;4.0
1370016734000;6.0;1.0;3.0
1370016735000;3.0;5.0;2.0
1370016736000;1.0;3.0;3.0
1370016737000;2.0;2.0;4.0
1370016738000;2.0;2.0;4.0
1370016739000;2.0;4.0;1.0
1370016740000;2.0;3.0;1.0
1370016741000;3.0;4.0;3.0
1370016742000;3.0;7.0;4.0
1370016743000;2.0;2.0;1.0
1370016744000;2.0;1.0;3.0
1370016745000;4.0;1.0;2.0
1370016746000;2.0;3.0;5.0
1370016747000;2.0;1.0;0.0
1370016748000;2.0;1.0;2.0
1370016749000;1.0;1.0;2.0
1370016750000;2.0;4.0;1.0
1370016751000;1.0;1.0;2.0
1370016752000;0.0;4.0;2.0
1370016753000;0.0;2.0;3.0
1370016754000;2.0;4.0;2.0
1370016755000;2.0;0.0;2.0
1370016756000;1.0;1.0;1.0
1370016757000;3.0;4.0;2.0
1370016758000;4.0;2.0;4.0
1370016759000;0.0;6.0;1.0
1370016760000;2.0;1.0;3.0
1370016761000;1.0;6.0;1.0
1370016762000;4.0;3.0;5.0
1370016763000;2.0;4.0;1.0
1370016764000;1.0;3.0;3.0
1370016765000;3.0;4.0;3.0
1370016766000;2.0;4.0;2.0
1370016767000;5.0;2.0;1.0
1370016768000;1.0;1.0;1.0
1370016769000;5.0;5.0;2.0
1370016770000;5.0;7.0;1.0
1370016771000;1.0;1.0;2.0
1370016772000;2.0;1.0;4.0
1370016773000;2.0;2.0;4.0
1370016774000;4.0;2.0;0.0
1370016775000;3.0;2.0;3.0
1370016776000;3.0;4.0;8.0
1370016777000;1.0;2.0;3.0
1370016778000;0.0;1.0;1.0
1370016779000;4.0;3.0;1.0
