Timestamp;All
1370071052000;0.17000000000000004
1370071053000;0.06000000000000005
1370071054000;0.31000000000000005
1370071055000;0.08999999999999997
1370071056000;0.18999999999999995
1370071057000;0.39
1370071058000;0.12
1370071059000;0.24
1370071060000;0.13
1370071061000;0.12
1370071062000;0.10999999999999999
1370071063000;0.30000000000000004
1370071064000;0.13
1370071065000;0.42000000000000004
1370071066000;0.050000000000000044
1370071067000;0.040000000000000036
1370071068000;0.37
1370071069000;0.030000000000000027
1370071070000;0.09999999999999998
1370071071000;0.10999999999999999
1370071072000;0.13
1370071073000;0.31000000000000005
1370071074000;0.77
1370071075000;0.030000000000000027
1370071076000;0.0
1370071077000;0.0
1370071078000;0.020000000000000018
1370071079000;0.08999999999999997
1370071080000;0.0
1370071081000;0.09999999999999998
1370071082000;0.49
1370071083000;0.5
1370071084000;0.14
1370071085000;0.0
1370071086000;0.020000000000000018
1370071087000;0.08999999999999997
1370071088000;0.10999999999999999
1370071089000;0.47
1370071090000;0.29000000000000004
1370071091000;0.26
1370071092000;0.21999999999999997
1370071093000;0.06999999999999995
1370071094000;0.39
1370071095000;0.09999999999999998
1370071096000;0.020000000000000018
1370071097000;0.20999999999999996
1370071098000;0.24
1370071099000;0.12
1370071100000;0.31000000000000005
1370071101000;0.20999999999999996
1370071102000;0.06999999999999995
1370071103000;0.09999999999999998
1370071104000;0.14
1370071105000;0.85
1370071106000;0.20999999999999996
1370071107000;0.22999999999999998
1370071108000;0.07999999999999996
1370071109000;0.94
1370071110000;0.31999999999999995
1370071111000;0.20999999999999996
1370071112000;0.10999999999999999
1370071113000;0.21999999999999997
1370071114000;0.010000000000000009
1370071115000;0.15000000000000002
1370071116000;0.18999999999999995
1370071117000;0.24
1370071118000;0.26
1370071119000;0.0
1370071120000;0.31000000000000005
1370071121000;0.64
1370071122000;0.35
1370071123000;0.19999999999999996
1370071124000;0.030000000000000027
1370071125000;0.040000000000000036
1370071126000;0.5900000000000001
1370071127000;0.49
1370071128000;0.31000000000000005
1370071129000;0.12
1370071130000;0.12
1370071131000;0.20999999999999996
1370071132000;0.29000000000000004
1370071133000;0.0
1370071134000;0.6599999999999999
1370071135000;0.33999999999999997
1370071136000;0.09999999999999998
1370071137000;0.010000000000000009
1370071138000;0.06000000000000005
1370071139000;0.22999999999999998
1370071140000;0.17000000000000004
1370071141000;0.040000000000000036
1370071142000;0.040000000000000036
1370071143000;0.15000000000000002
1370071144000;0.12
1370071145000;0.14
1370071146000;0.020000000000000018
1370071147000;0.16000000000000003
1370071148000;0.5900000000000001
1370071149000;0.06000000000000005
1370071150000;0.12
1370071151000;0.21999999999999997
1370071152000;0.37
1370071153000;0.06000000000000005
1370071154000;0.0
1370071155000;0.42000000000000004
1370071156000;0.07999999999999996
1370071157000;0.18999999999999995
1370071158000;0.050000000000000044
1370071159000;0.09999999999999998
1370071160000;0.29000000000000004
1370071161000;0.38
1370071162000;0.24
1370071163000;0.25
1370071164000;0.07999999999999996
1370071165000;0.13
1370071166000;0.0
1370071167000;0.07999999999999996
1370071168000;0.19999999999999996
1370071169000;0.39
1370071170000;0.08999999999999997
1370071171000;0.19609999999999994
1370071172000;0.19999999999999996
1370071173000;0.14
1370071174000;0.040000000000000036
1370071175000;0.09999999999999998
1370071176000;0.69
1370071177000;0.38
1370071178000;0.07999999999999996
1370071179000;0.030000000000000027
1370071180000;0.26
1370071181000;0.13
1370071182000;0.29000000000000004
1370071183000;0.050000000000000044
1370071184000;0.040000000000000036
1370071185000;0.49
1370071186000;0.07999999999999996
1370071187000;0.0
1370071188000;0.030000000000000027
1370071189000;0.18999999999999995
1370071190000;0.45999999999999996
1370071191000;0.18999999999999995
1370071192000;0.17000000000000004
1370071193000;0.15000000000000002
1370071194000;0.49
1370071195000;0.040000000000000036
1370071196000;0.06999999999999995
1370071197000;0.06000000000000005
1370071198000;0.17000000000000004
1370071199000;0.33999999999999997
1370071200000;0.15000000000000002
1370071201000;0.13
1370071202000;0.4
1370071203000;0.12
1370071204000;0.10999999999999999
1370071205000;0.15000000000000002
1370071206000;0.030000000000000027
1370071207000;0.39
1370071208000;0.19999999999999996
1370071209000;0.050000000000000044
1370071210000;0.040000000000000036
1370071211000;0.4
1370071212000;0.0
1370071213000;0.27
1370071214000;0.6
1370071215000;0.21999999999999997
1370071216000;0.17000000000000004
1370071217000;0.13
1370071218000;0.13
1370071219000;0.19999999999999996
1370071220000;0.15000000000000002
1370071221000;0.030000000000000027
1370071222000;0.07999999999999996
1370071223000;0.21999999999999997
1370071224000;0.06000000000000005
1370071225000;0.040000000000000036
1370071226000;0.27
1370071227000;0.010000000000000009
1370071228000;0.09999999999999998
1370071229000;0.14
1370071230000;0.18000000000000005
1370071231000;0.21999999999999997
1370071232000;0.09999999999999998
1370071233000;0.35
1370071234000;0.0
1370071235000;0.050000000000000044
1370071236000;0.32999999999999996
1370071237000;0.26
1370071238000;0.050000000000000044
1370071239000;0.010000000000000009
1370071240000;0.13
1370071241000;0.09999999999999998
1370071242000;0.020000000000000018
1370071243000;0.08999999999999997
1370071244000;0.040000000000000036
1370071245000;0.040000000000000036
1370071246000;0.33999999999999997
1370071247000;0.06000000000000005
1370071248000;0.30000000000000004
1370071249000;0.0
1370071250000;0.18999999999999995
1370071251000;0.19999999999999996
1370071252000;0.41000000000000003
1370071253000;0.33999999999999997
1370071254000;0.31999999999999995
1370071255000;0.49
1370071256000;0.31000000000000005
1370071257000;1.0
1370071258000;0.30000000000000004
1370071259000;0.19999999999999996
1370071260000;0.040000000000000036
1370071261000;0.29000000000000004
1370071262000;0.09999999999999998
1370071263000;0.32999999999999996
1370071264000;0.64
1370071265000;0.18000000000000005
1370071266000;0.37
1370071267000;0.39
1370071268000;0.15000000000000002
1370071269000;0.050000000000000044
1370071270000;0.10999999999999999
1370071271000;0.43999999999999995
1370071272000;0.41000000000000003
1370071273000;0.35
1370071274000;0.37
1370071275000;0.18000000000000005
1370071276000;0.19999999999999996
1370071277000;0.38
1370071278000;0.88
1370071279000;0.43000000000000005
1370071280000;0.35
1370071281000;0.29000000000000004
1370071282000;0.010000000000000009
1370071283000;0.28
1370071284000;0.37
1370071285000;0.010000000000000009
1370071286000;0.26
1370071287000;0.39
1370071288000;0.0
1370071289000;0.15000000000000002
1370071290000;0.0
1370071291000;0.09999999999999998
1370071292000;0.31000000000000005
1370071293000;0.22999999999999998
1370071294000;0.040000000000000036
1370071295000;0.06999999999999995
1370071296000;0.08999999999999997
1370071297000;0.0
1370071298000;0.15000000000000002
1370071299000;0.030000000000000027
1370071300000;0.5700000000000001
1370071301000;0.5800000000000001
1370071302000;0.020000000000000018
1370071303000;0.07999999999999996
1370071304000;0.07999999999999996
1370071305000;0.020000000000000018
1370071306000;0.18999999999999995
1370071307000;0.040000000000000036
1370071308000;0.08999999999999997
1370071309000;0.49
1370071310000;0.32999999999999996
1370071311000;0.06999999999999995
1370071312000;0.27
1370071313000;0.010000000000000009
1370071314000;0.0
1370071315000;0.020000000000000018
1370071316000;0.13
1370071317000;0.050000000000000044
1370071318000;0.030000000000000027
1370071319000;0.25
1370071320000;0.040000000000000036
1370071321000;0.08999999999999997
1370071322000;0.06000000000000005
1370071323000;0.19999999999999996
1370071324000;0.64
1370071325000;0.07999999999999996
1370071326000;0.10999999999999999
1370071327000;0.33999999999999997
1370071328000;0.43999999999999995
1370071329000;0.15000000000000002
1370071330000;0.040000000000000036
1370071331000;0.14
1370071332000;0.06000000000000005
1370071333000;0.050000000000000044
1370071334000;0.020000000000000018
1370071335000;0.13
1370071336000;0.24
1370071337000;0.24
1370071338000;0.48
1370071339000;0.13
1370071340000;0.06000000000000005
1370071341000;0.17000000000000004
1370071342000;0.24
1370071343000;0.18999999999999995
1370071344000;0.31000000000000005
1370071345000;0.030000000000000027
1370071346000;0.10999999999999999
1370071347000;0.39
1370071348000;0.20999999999999996
1370071349000;0.19999999999999996
1370071350000;0.030000000000000027
1370071351000;0.63
1370071352000;0.69
1370071353000;0.10999999999999999
1370071354000;0.0
1370071355000;0.08999999999999997
1370071356000;0.17000000000000004
1370071357000;0.010000000000000009
1370071358000;0.08999999999999997
1370071359000;0.56
1370071360000;0.30000000000000004
1370071361000;0.17000000000000004
1370071362000;0.030000000000000027
1370071363000;0.31000000000000005
1370071364000;0.050000000000000044
1370071365000;0.040000000000000036
1370071366000;0.06000000000000005
1370071367000;0.21999999999999997
1370071368000;0.18999999999999995
1370071369000;0.44999999999999996
1370071370000;0.06999999999999995
1370071371000;0.08999999999999997
1370071372000;0.10999999999999999
1370071373000;0.06000000000000005
1370071374000;0.0
1370071375000;0.36
1370071376000;0.36
1370071377000;0.030000000000000027
1370071378000;0.47
1370071379000;0.030000000000000027
1370071380000;0.12
1370071381000;0.18999999999999995
1370071382000;0.21999999999999997
1370071383000;0.33999999999999997
1370071384000;0.0
1370071385000;0.010000000000000009
1370071386000;0.18999999999999995
1370071387000;0.16000000000000003
1370071388000;0.06999999999999995
1370071389000;0.09999999999999998
1370071390000;0.38
1370071391000;0.19999999999999996
1370071392000;0.25
1370071393000;0.030000000000000027
1370071394000;0.16000000000000003
1370071395000;0.030000000000000027
1370071396000;0.050000000000000044
1370071397000;0.06000000000000005
1370071398000;0.030000000000000027
1370071399000;0.12
1370071400000;0.07999999999999996
1370071401000;0.13
1370071402000;0.06999999999999995
1370071403000;0.22999999999999998
1370071404000;0.040000000000000036
1370071405000;0.15000000000000002
1370071406000;0.14
1370071407000;0.09999999999999998
1370071408000;0.37
1370071409000;0.010000000000000009
1370071410000;0.06000000000000005
1370071411000;0.17000000000000004
1370071412000;0.020000000000000018
1370071413000;0.22999999999999998
1370071414000;0.010000000000000009
1370071415000;0.010000000000000009
1370071416000;0.35
1370071417000;0.13
1370071418000;0.07999999999999996
1370071419000;0.010000000000000009
1370071420000;0.41000000000000003
1370071421000;0.5800000000000001
1370071422000;0.16000000000000003
1370071423000;0.010000000000000009
1370071424000;0.20999999999999996
1370071425000;0.08999999999999997
1370071426000;0.06999999999999995
1370071427000;0.51
1370071428000;0.25
1370071429000;0.010000000000000009
1370071430000;0.15000000000000002
1370071431000;0.28
1370071432000;0.24
1370071433000;0.030000000000000027
1370071434000;0.06000000000000005
1370071435000;0.22999999999999998
1370071436000;0.2772
1370071437000;0.25
1370071438000;0.09999999999999998
1370071439000;0.5700000000000001
1370071440000;0.31999999999999995
1370071441000;0.050000000000000044
1370071442000;0.0
1370071443000;0.38
1370071444000;0.31999999999999995
1370071445000;0.38
1370071446000;0.49
1370071447000;0.28
1370071448000;0.14
1370071449000;0.25
1370071450000;0.040000000000000036
1370071451000;0.050000000000000044
1370071452000;0.040000000000000036
1370071453000;0.18999999999999995
1370071454000;0.0
1370071455000;0.020000000000000018
1370071456000;0.4
1370071457000;0.07999999999999996
1370071458000;0.06000000000000005
1370071459000;0.020000000000000018
1370071460000;0.030000000000000027
1370071461000;0.12
1370071462000;0.29000000000000004
1370071463000;0.030000000000000027
1370071464000;0.37
1370071465000;0.18000000000000005
1370071466000;0.08999999999999997
1370071467000;0.0
1370071468000;0.06999999999999995
1370071469000;0.010000000000000009
1370071470000;0.15000000000000002
1370071471000;0.75
1370071472000;0.06999999999999995
1370071473000;0.37
1370071474000;0.20999999999999996
1370071475000;0.15000000000000002
1370071476000;0.010000000000000009
1370071477000;0.81
1370071478000;0.27
1370071479000;0.030000000000000027
1370071480000;0.6
1370071481000;0.35
1370071482000;0.09999999999999998
1370071483000;0.26
1370071484000;0.84
1370071485000;0.5
1370071486000;0.09999999999999998
1370071487000;0.28
1370071488000;0.14
1370071489000;0.030000000000000027
1370071490000;0.050000000000000044
1370071491000;0.10999999999999999
1370071492000;0.040000000000000036
1370071493000;0.31999999999999995
1370071494000;0.06999999999999995
1370071495000;0.24
1370071496000;0.14
1370071497000;0.09999999999999998
1370071498000;0.010000000000000009
1370071499000;0.12870000000000004
1370071500000;0.26
1370071501000;0.020000000000000018
1370071502000;0.16000000000000003
1370071503000;0.24
1370071504000;0.14
1370071505000;0.08999999999999997
1370071506000;0.51
1370071507000;0.44999999999999996
1370071508000;0.06000000000000005
1370071509000;0.16000000000000003
1370071510000;0.17000000000000004
1370071511000;0.020000000000000018
1370071512000;0.0
1370071513000;0.07999999999999996
1370071514000;0.25
1370071515000;0.16000000000000003
1370071516000;0.06999999999999995
1370071517000;0.32999999999999996
1370071518000;0.8
1370071519000;0.37
1370071520000;0.010000000000000009
1370071521000;0.050000000000000044
1370071522000;0.53
1370071523000;0.030000000000000027
1370071524000;0.17000000000000004
1370071525000;0.16000000000000003
1370071526000;0.30000000000000004
1370071527000;0.14
1370071528000;0.050000000000000044
1370071529000;0.6
1370071530000;0.08999999999999997
1370071531000;0.09999999999999998
1370071532000;0.17000000000000004
1370071533000;0.31999999999999995
1370071534000;0.13
1370071535000;0.26
1370071536000;0.20999999999999996
1370071537000;0.14
1370071538000;0.29000000000000004
1370071539000;0.09999999999999998
1370071540000;0.0
1370071541000;0.13
1370071542000;0.040000000000000036
1370071543000;0.19999999999999996
1370071544000;0.32999999999999996
1370071545000;0.16000000000000003
1370071546000;0.18000000000000005
1370071547000;0.10999999999999999
1370071548000;0.17000000000000004
1370071549000;0.15000000000000002
1370071550000;0.25
1370071551000;0.6
1370071552000;0.0
1370071553000;0.07999999999999996
1370071554000;0.030000000000000027
1370071555000;0.15000000000000002
1370071556000;0.25
1370071557000;0.010000000000000009
1370071558000;0.030000000000000027
1370071559000;0.41000000000000003
1370071560000;0.06999999999999995
1370071561000;0.12
1370071562000;0.06999999999999995
1370071563000;0.44999999999999996
1370071564000;0.22999999999999998
1370071565000;0.13
1370071566000;0.25
1370071567000;0.17000000000000004
1370071568000;0.09999999999999998
1370071569000;0.28
1370071570000;0.08999999999999997
1370071571000;0.28
1370071572000;0.53
1370071573000;0.21999999999999997
1370071574000;0.10999999999999999
1370071575000;0.18999999999999995
1370071576000;0.29000000000000004
1370071577000;0.38
1370071578000;0.74
1370071579000;0.48
1370071580000;0.15000000000000002
1370071581000;0.95
1370071582000;0.36
1370071583000;0.010000000000000009
1370071584000;0.040000000000000036
1370071585000;0.44999999999999996
1370071586000;0.38
1370071587000;0.31000000000000005
1370071588000;0.13
1370071589000;0.07999999999999996
1370071590000;0.12
1370071591000;0.12
1370071592000;0.020000000000000018
1370071593000;0.16000000000000003
1370071594000;0.18000000000000005
1370071595000;0.06000000000000005
1370071596000;0.28
1370071597000;0.08999999999999997
1370071598000;0.28
1370071599000;0.050000000000000044
1370071600000;0.17000000000000004
1370071601000;0.18999999999999995
1370071602000;0.08999999999999997
1370071603000;0.16000000000000003
1370071604000;0.12
1370071605000;0.13
1370071606000;0.18999999999999995
1370071607000;0.010000000000000009
1370071608000;0.36
1370071609000;0.36
1370071610000;0.49
1370071611000;0.25
1370071612000;0.13
1370071613000;0.36
1370071614000;0.22999999999999998
1370071615000;0.06000000000000005
1370071616000;0.09999999999999998
1370071617000;0.26
1370071618000;0.08999999999999997
1370071619000;0.030000000000000027
1370071620000;0.08999999999999997
1370071621000;0.010000000000000009
1370071622000;0.48
1370071623000;0.48
1370071624000;0.18000000000000005
1370071625000;0.06000000000000005
1370071626000;0.18000000000000005
1370071627000;0.08999999999999997
1370071628000;0.18999999999999995
1370071629000;0.030000000000000027
1370071630000;0.06000000000000005
1370071631000;0.37
1370071632000;0.16000000000000003
1370071633000;0.28
1370071634000;0.030000000000000027
1370071635000;0.17000000000000004
1370071636000;0.0
1370071637000;0.050000000000000044
1370071638000;0.06000000000000005
1370071639000;0.25
1370071640000;0.31999999999999995
1370071641000;0.20999999999999996
1370071642000;0.08999999999999997
1370071643000;0.5800000000000001
1370071644000;0.43000000000000005
1370071645000;0.51
1370071646000;0.32999999999999996
1370071647000;0.06000000000000005
1370071648000;0.06999999999999995
1370071649000;0.06000000000000005
1370071650000;0.33999999999999997
1370071651000;0.26
1370071652000;0.10999999999999999
1370071653000;0.56
1370071654000;0.08999999999999997
1370071655000;0.10999999999999999
1370071656000;0.010000000000000009
1370071657000;0.10999999999999999
1370071658000;0.09999999999999998
1370071659000;0.13
1370071660000;0.77
1370071661000;0.4
1370071662000;0.36
1370071663000;0.06999999999999995
1370071664000;0.07999999999999996
1370071665000;0.12
1370071666000;0.28
1370071667000;0.18999999999999995
1370071668000;0.27
1370071669000;0.07999999999999996
1370071670000;0.020000000000000018
1370071671000;0.27
1370071672000;0.41000000000000003
1370071673000;0.35
1370071674000;0.12
1370071675000;0.06000000000000005
1370071676000;0.06000000000000005
1370071677000;0.27
1370071678000;0.35
1370071679000;0.17000000000000004
1370071680000;0.20999999999999996
1370071681000;0.25
1370071682000;0.10999999999999999
1370071683000;0.39
1370071684000;0.28
1370071685000;0.010000000000000009
1370071686000;0.30000000000000004
1370071687000;0.18999999999999995
1370071688000;0.17000000000000004
1370071689000;0.32999999999999996
1370071690000;0.10999999999999999
1370071691000;0.08999999999999997
1370071692000;0.17000000000000004
1370071693000;0.43000000000000005
1370071694000;0.45999999999999996
1370071695000;0.06999999999999995
1370071696000;0.030000000000000027
1370071697000;0.030000000000000027
1370071698000;0.050000000000000044
1370071699000;0.06000000000000005
1370071700000;0.050000000000000044
1370071701000;0.12
1370071702000;0.030000000000000027
1370071703000;0.08999999999999997
1370071704000;0.12
1370071705000;0.030000000000000027
1370071706000;0.08999999999999997
1370071707000;0.08999999999999997
1370071708000;0.19999999999999996
1370071709000;0.18999999999999995
1370071710000;0.44999999999999996
1370071711000;0.20999999999999996
1370071712000;0.0
1370071713000;0.18999999999999995
1370071714000;0.29000000000000004
1370071715000;0.31000000000000005
1370071716000;0.06000000000000005
1370071717000;0.030000000000000027
1370071718000;0.10999999999999999
1370071719000;0.32999999999999996
1370071720000;0.040000000000000036
1370071721000;0.040000000000000036
1370071722000;0.15000000000000002
1370071723000;0.45999999999999996
1370071724000;0.12
1370071725000;0.13
1370071726000;0.16000000000000003
1370071727000;0.38
1370071728000;0.06999999999999995
1370071729000;0.31000000000000005
1370071730000;0.18000000000000005
1370071731000;0.07999999999999996
1370071732000;0.06999999999999995
1370071733000;0.16000000000000003
1370071734000;0.7
1370071735000;0.22999999999999998
1370071736000;0.62
1370071737000;1.0
1370071738000;0.52
1370071739000;0.06999999999999995
1370071740000;0.06000000000000005
1370071741000;0.0
1370071742000;0.06000000000000005
1370071743000;0.0
1370071744000;0.55
1370071745000;0.31999999999999995
1370071746000;0.31000000000000005
1370071747000;0.020000000000000018
1370071748000;0.18999999999999995
1370071749000;0.26
1370071750000;0.7
1370071751000;0.15000000000000002
1370071752000;0.050000000000000044
1370071753000;0.25
1370071754000;0.020000000000000018
1370071755000;0.07999999999999996
1370071756000;0.19999999999999996
1370071757000;0.07999999999999996
1370071758000;0.10999999999999999
1370071759000;0.29000000000000004
1370071760000;0.040000000000000036
1370071761000;0.22999999999999998
1370071762000;0.25
1370071763000;0.040000000000000036
1370071764000;0.12
1370071765000;0.43999999999999995
1370071766000;0.06000000000000005
1370071767000;0.17000000000000004
1370071768000;0.050000000000000044
1370071769000;0.22999999999999998
1370071770000;0.19999999999999996
1370071771000;0.28
1370071772000;0.18000000000000005
1370071773000;0.030000000000000027
1370071774000;0.20999999999999996
1370071775000;0.83
1370071776000;0.030000000000000027
1370071777000;0.43999999999999995
1370071778000;0.31000000000000005
1370071779000;0.55
1370071780000;0.020000000000000018
1370071781000;0.19999999999999996
1370071782000;0.020000000000000018
1370071783000;0.44999999999999996
1370071784000;0.06000000000000005
1370071785000;0.050000000000000044
1370071786000;0.010000000000000009
1370071787000;0.050000000000000044
1370071788000;0.06999999999999995
1370071789000;0.22999999999999998
1370071790000;0.95
1370071791000;0.5800000000000001
1370071792000;0.27
1370071793000;0.040000000000000036
1370071794000;0.47
1370071795000;0.18999999999999995
1370071796000;0.31999999999999995
1370071797000;0.31000000000000005
1370071798000;0.36
1370071799000;0.51
1370071800000;0.030000000000000027
1370071801000;0.27
1370071802000;0.41000000000000003
1370071803000;0.24
1370071804000;0.17000000000000004
1370071805000;0.010000000000000009
1370071806000;0.24
1370071807000;0.65
1370071808000;0.74
1370071809000;0.09999999999999998
1370071810000;0.10999999999999999
1370071811000;0.07999999999999996
1370071812000;0.36
1370071813000;0.030000000000000027
1370071814000;0.06999999999999995
1370071815000;0.08999999999999997
1370071816000;0.45999999999999996
1370071817000;0.0
1370071818000;0.16000000000000003
1370071819000;0.06999999999999995
1370071820000;0.08999999999999997
1370071821000;0.12
1370071822000;0.14
1370071823000;0.13
1370071824000;0.33999999999999997
1370071825000;0.09999999999999998
1370071826000;0.24
1370071827000;0.5
1370071828000;0.08999999999999997
1370071829000;0.43000000000000005
1370071830000;0.18999999999999995
1370071831000;0.030000000000000027
1370071832000;0.19999999999999996
1370071833000;0.020000000000000018
1370071834000;0.20999999999999996
1370071835000;0.06000000000000005
1370071836000;0.25
1370071837000;0.17000000000000004
1370071838000;0.09999999999999998
1370071839000;0.0
1370071840000;0.18000000000000005
1370071841000;0.13
1370071842000;0.18999999999999995
1370071843000;0.28
1370071844000;0.020000000000000018
1370071845000;0.30000000000000004
1370071846000;0.020000000000000018
1370071847000;0.010000000000000009
1370071848000;0.010000000000000009
1370071849000;0.20999999999999996
1370071850000;0.4
1370071851000;0.15000000000000002
1370071852000;0.06000000000000005
1370071853000;0.010000000000000009
1370071854000;0.040000000000000036
1370071855000;0.13
1370071856000;0.18999999999999995
1370071857000;0.06999999999999995
1370071858000;0.52
1370071859000;0.54
1370071860000;0.0
1370071861000;0.04949999999999999
1370071862000;0.16000000000000003
1370071863000;0.07999999999999996
1370071864000;0.32999999999999996
1370071865000;0.43000000000000005
1370071866000;0.15000000000000002
1370071867000;0.18000000000000005
1370071868000;0.49
1370071869000;0.040000000000000036
1370071870000;0.12
1370071871000;0.040000000000000036
1370071872000;0.12
1370071873000;0.14
1370071874000;0.06000000000000005
1370071875000;0.14
1370071876000;0.14
1370071877000;0.30000000000000004
1370071878000;0.10999999999999999
1370071879000;0.35
1370071880000;0.15000000000000002
1370071881000;0.010000000000000009
1370071882000;0.48
1370071883000;0.35
1370071884000;0.13
1370071885000;0.010000000000000009
1370071886000;0.26
1370071887000;0.050000000000000044
1370071888000;0.31000000000000005
1370071889000;0.31999999999999995
1370071890000;0.22999999999999998
1370071891000;0.06000000000000005
1370071892000;0.0
1370071893000;0.020000000000000018
1370071894000;0.050000000000000044
1370071895000;0.040000000000000036
1370071896000;0.020000000000000018
1370071897000;0.06000000000000005
1370071898000;0.27
1370071899000;0.09999999999999998
1370071900000;0.050000000000000044
1370071901000;0.17000000000000004
1370071902000;0.0
1370071903000;0.37
1370071904000;0.09999999999999998
1370071905000;0.08999999999999997
1370071906000;0.07999999999999996
1370071907000;0.18999999999999995
1370071908000;0.16000000000000003
1370071909000;0.07999999999999996
1370071910000;0.19999999999999996
1370071911000;0.14
1370071912000;0.19999999999999996
1370071913000;0.040000000000000036
1370071914000;0.06000000000000005
1370071915000;0.050000000000000044
1370071916000;0.020000000000000018
1370071917000;0.5
1370071918000;1.0
1370071919000;0.99
1370071920000;0.010000000000000009
1370071921000;0.36
1370071922000;0.06999999999999995
1370071923000;0.010000000000000009
1370071924000;0.18000000000000005
1370071925000;0.0
1370071926000;0.18999999999999995
1370071927000;0.29000000000000004
1370071928000;0.14
1370071929000;0.050000000000000044
1370071930000;0.18999999999999995
1370071931000;0.14
1370071932000;0.18000000000000005
1370071933000;0.06999999999999995
1370071934000;0.030000000000000027
1370071935000;0.10999999999999999
1370071936000;0.27
1370071937000;0.16000000000000003
1370071938000;0.6799999999999999
1370071939000;0.43000000000000005
1370071940000;0.25
1370071941000;0.08999999999999997
1370071942000;0.040000000000000036
1370071943000;0.0
1370071944000;0.36
1370071945000;0.07999999999999996
1370071946000;0.09999999999999998
1370071947000;0.020000000000000018
1370071948000;0.06999999999999995
1370071949000;0.18000000000000005
1370071950000;0.030000000000000027
1370071951000;0.15000000000000002
1370071952000;0.06999999999999995
1370071953000;0.32999999999999996
1370071954000;0.06999999999999995
1370071955000;0.28
1370071956000;0.010000000000000009
1370071957000;0.040000000000000036
1370071958000;0.09999999999999998
1370071959000;0.19999999999999996
1370071960000;0.12
1370071961000;0.42000000000000004
1370071962000;0.16000000000000003
1370071963000;0.17000000000000004
1370071964000;0.0
1370071965000;0.030000000000000027
1370071966000;0.38
1370071967000;0.13
1370071968000;0.21999999999999997
1370071969000;0.24
1370071970000;0.12
1370071971000;0.52
1370071972000;0.14
1370071973000;0.49
1370071974000;0.31999999999999995
1370071975000;0.5
1370071976000;0.32999999999999996
1370071977000;0.0
1370071978000;0.56
1370071979000;0.08999999999999997
1370071980000;0.18999999999999995
1370071981000;0.13
1370071982000;0.010000000000000009
1370071983000;0.14
1370071984000;0.09999999999999998
1370071985000;0.06000000000000005
1370071986000;0.25
1370071987000;0.06000000000000005
1370071988000;0.010000000000000009
1370071989000;0.20999999999999996
1370071990000;0.22999999999999998
1370071991000;0.61
1370071992000;0.25
1370071993000;0.14
1370071994000;0.0
1370071995000;0.43000000000000005
1370071996000;0.91
1370071997000;0.26
1370071998000;0.64
1370071999000;0.12
1370072000000;0.08999999999999997
1370072001000;0.33999999999999997
1370072002000;0.33999999999999997
1370072003000;0.050000000000000044
1370072004000;0.30000000000000004
1370072005000;0.21999999999999997
1370072006000;0.20999999999999996
1370072007000;0.5
1370072008000;0.040000000000000036
1370072009000;0.16000000000000003
1370072010000;0.14
1370072011000;0.0
1370072012000;0.12
1370072013000;0.06000000000000005
1370072014000;0.18000000000000005
1370072015000;0.37
1370072016000;0.5
1370072017000;0.09999999999999998
1370072018000;0.13
1370072019000;0.030000000000000027
1370072020000;0.51
1370072021000;0.32999999999999996
1370072022000;0.24
1370072023000;0.20999999999999996
1370072024000;0.010000000000000009
1370072025000;0.25
1370072026000;0.06999999999999995
1370072027000;0.18000000000000005
1370072028000;0.21999999999999997
1370072029000;0.47
1370072030000;0.12
1370072031000;0.09999999999999998
1370072032000;0.33999999999999997
1370072033000;0.0
1370072034000;0.010000000000000009
1370072035000;0.020000000000000018
1370072036000;0.06000000000000005
1370072037000;0.32999999999999996
1370072038000;0.020000000000000018
1370072039000;0.47
1370072040000;0.06000000000000005
1370072041000;0.07999999999999996
1370072042000;0.0
1370072043000;0.39
1370072044000;0.18999999999999995
1370072045000;0.020000000000000018
1370072046000;0.050000000000000044
1370072047000;0.07999999999999996
1370072048000;0.010000000000000009
1370072049000;0.09999999999999998
1370072050000;0.08999999999999997
1370072051000;0.07999999999999996
1370072052000;0.32999999999999996
1370072053000;0.050000000000000044
1370072054000;0.06000000000000005
1370072055000;0.09999999999999998
1370072056000;0.33999999999999997
1370072057000;0.54
1370072058000;0.22999999999999998
1370072059000;0.06999999999999995
1370072060000;0.15000000000000002
1370072061000;0.24
1370072062000;0.18999999999999995
1370072063000;0.30000000000000004
1370072064000;0.14
1370072065000;0.06999999999999995
1370072066000;0.15000000000000002
1370072067000;0.31000000000000005
1370072068000;0.18000000000000005
1370072069000;0.15000000000000002
1370072070000;0.27
1370072071000;0.010000000000000009
1370072072000;0.020000000000000018
1370072073000;0.19999999999999996
1370072074000;0.040000000000000036
1370072075000;0.06000000000000005
1370072076000;0.35
1370072077000;0.22999999999999998
1370072078000;0.050000000000000044
1370072079000;0.16000000000000003
1370072080000;0.43999999999999995
1370072081000;0.07999999999999996
1370072082000;0.37
1370072083000;0.15000000000000002
1370072084000;0.010000000000000009
1370072085000;0.30000000000000004
1370072086000;0.43000000000000005
1370072087000;0.13
1370072088000;0.43000000000000005
1370072089000;0.10999999999999999
1370072090000;0.29000000000000004
1370072091000;0.48
1370072092000;0.040000000000000036
1370072093000;0.07999999999999996
1370072094000;0.09999999999999998
1370072095000;0.010000000000000009
1370072096000;0.13
1370072097000;0.29000000000000004
1370072098000;0.41000000000000003
1370072099000;0.12
1370072100000;0.24
1370072101000;0.48
1370072102000;0.25
1370072103000;0.13
1370072104000;0.27
1370072105000;0.10999999999999999
1370072106000;0.020000000000000018
1370072107000;0.08999999999999997
1370072108000;0.16000000000000003
1370072109000;0.020000000000000018
1370072110000;0.18999999999999995
1370072111000;0.32999999999999996
1370072112000;0.5
1370072113000;0.36
1370072114000;0.010000000000000009
1370072115000;0.050000000000000044
1370072116000;0.30000000000000004
1370072117000;0.4
1370072118000;0.16000000000000003
1370072119000;0.32999999999999996
1370072120000;0.16000000000000003
1370072121000;0.050000000000000044
1370072122000;0.25
1370072123000;0.050000000000000044
1370072124000;0.43000000000000005
1370072125000;0.86
1370072126000;0.15000000000000002
1370072127000;0.16000000000000003
1370072128000;0.13
1370072129000;0.31000000000000005
1370072130000;0.19999999999999996
1370072131000;0.15000000000000002
1370072132000;0.08999999999999997
1370072133000;0.050000000000000044
1370072134000;0.06000000000000005
1370072135000;0.030000000000000027
1370072136000;0.5
1370072137000;0.27
1370072138000;0.38
1370072139000;0.21999999999999997
1370072140000;0.10999999999999999
1370072141000;0.36
1370072142000;0.31000000000000005
1370072143000;0.030000000000000027
1370072144000;0.030000000000000027
1370072145000;0.16000000000000003
1370072146000;0.020000000000000018
1370072147000;0.18000000000000005
1370072148000;0.050000000000000044
1370072149000;0.17000000000000004
1370072150000;0.15000000000000002
1370072151000;0.14
1370072152000;0.14
1370072153000;0.08999999999999997
1370072154000;0.09999999999999998
1370072155000;0.18000000000000005
1370072156000;0.52
1370072157000;0.050000000000000044
1370072158000;0.12
1370072159000;0.06999999999999995
1370072160000;0.010000000000000009
1370072161000;0.09999999999999998
1370072162000;0.16000000000000003
1370072163000;0.06000000000000005
1370072164000;0.31000000000000005
1370072165000;0.08999999999999997
1370072166000;0.13
1370072167000;0.15000000000000002
1370072168000;0.14
1370072169000;0.2156999999999999
1370072170000;0.62
1370072171000;0.42000000000000004
1370072172000;0.13
1370072173000;0.0
1370072174000;0.0
1370072175000;0.020000000000000018
1370072176000;0.16000000000000003
1370072177000;0.08999999999999997
1370072178000;0.33999999999999997
1370072179000;0.26
1370072180000;0.15000000000000002
1370072181000;0.040000000000000036
1370072182000;0.0
1370072183000;0.040000000000000036
1370072184000;0.020000000000000018
1370072185000;0.08999999999999997
1370072186000;0.07999999999999996
1370072187000;0.050000000000000044
1370072188000;0.32999999999999996
1370072189000;0.08999999999999997
1370072190000;0.030000000000000027
1370072191000;0.12
1370072192000;0.010000000000000009
1370072193000;0.17000000000000004
1370072194000;0.4
1370072195000;0.050000000000000044
1370072196000;0.0
1370072197000;0.030000000000000027
1370072198000;0.15000000000000002
1370072199000;0.17000000000000004
1370072200000;0.030000000000000027
1370072201000;0.71
1370072202000;0.24
1370072203000;0.32999999999999996
1370072204000;0.22999999999999998
1370072205000;0.08999999999999997
1370072206000;0.24
1370072207000;0.07999999999999996
1370072208000;0.13
1370072209000;0.12
1370072210000;0.030000000000000027
1370072211000;0.020000000000000018
1370072212000;0.13
1370072213000;0.020000000000000018
1370072214000;0.09999999999999998
1370072215000;0.22999999999999998
1370072216000;0.0
1370072217000;0.24
1370072218000;0.040000000000000036
1370072219000;0.21999999999999997
1370072220000;0.76
1370072221000;0.19999999999999996
1370072222000;0.26
1370072223000;0.040000000000000036
1370072224000;0.25
1370072225000;0.09999999999999998
1370072226000;0.20999999999999996
1370072227000;0.0
1370072228000;0.27
1370072229000;0.21999999999999997
1370072230000;0.030000000000000027
1370072231000;0.06000000000000005
1370072232000;0.06999999999999995
1370072233000;0.31999999999999995
1370072234000;0.06999999999999995
1370072235000;0.28
1370072236000;0.53
1370072237000;0.33999999999999997
1370072238000;0.14
1370072239000;0.07999999999999996
1370072240000;0.12
1370072241000;0.43999999999999995
1370072242000;0.54
1370072243000;0.35
1370072244000;0.17000000000000004
1370072245000;0.14
1370072246000;0.07999999999999996
1370072247000;0.18999999999999995
1370072248000;0.09999999999999998
1370072249000;0.14
1370072250000;0.28
1370072251000;0.20999999999999996
1370072252000;0.22999999999999998
1370072253000;0.33999999999999997
1370072254000;0.09999999999999998
1370072255000;0.06000000000000005
1370072256000;0.37
1370072257000;0.4
1370072258000;0.040000000000000036
1370072259000;0.15000000000000002
1370072260000;0.21999999999999997
1370072261000;0.24
1370072262000;0.22999999999999998
1370072263000;0.63
1370072264000;0.06000000000000005
1370072265000;0.07999999999999996
1370072266000;0.06999999999999995
1370072267000;0.06000000000000005
1370072268000;0.24
1370072269000;0.13
1370072270000;0.050000000000000044
1370072271000;0.43999999999999995
1370072272000;0.13
1370072273000;0.25
1370072274000;0.30000000000000004
1370072275000;0.010000000000000009
1370072276000;0.38
1370072277000;0.36
1370072278000;0.30000000000000004
1370072279000;0.14
1370072280000;0.050000000000000044
1370072281000;0.18999999999999995
1370072282000;0.020000000000000018
1370072283000;0.09999999999999998
1370072284000;0.08999999999999997
1370072285000;0.050000000000000044
1370072286000;0.020000000000000018
1370072287000;0.18999999999999995
1370072288000;0.15000000000000002
1370072289000;0.010000000000000009
1370072290000;0.41000000000000003
1370072291000;0.010000000000000009
1370072292000;0.21999999999999997
1370072293000;0.17000000000000004
1370072294000;0.18999999999999995
1370072295000;0.06000000000000005
1370072296000;0.44999999999999996
1370072297000;0.55
1370072298000;0.29000000000000004
1370072299000;0.09999999999999998
1370072300000;0.07999999999999996
1370072301000;0.32999999999999996
1370072302000;0.06999999999999995
1370072303000;0.040000000000000036
1370072304000;0.17000000000000004
1370072305000;0.010000000000000009
1370072306000;0.18000000000000005
1370072307000;0.32999999999999996
1370072308000;0.81
1370072309000;0.24
1370072310000;0.010000000000000009
1370072311000;0.020000000000000018
1370072312000;0.18000000000000005
1370072313000;0.08999999999999997
1370072314000;0.38
1370072315000;0.20999999999999996
1370072316000;0.06999999999999995
1370072317000;0.19999999999999996
1370072318000;0.050000000000000044
1370072319000;0.12
1370072320000;0.010000000000000009
1370072321000;0.37
1370072322000;0.13
1370072323000;0.20999999999999996
1370072324000;0.28
1370072325000;0.15000000000000002
1370072326000;0.12
1370072327000;0.09999999999999998
1370072328000;0.17000000000000004
1370072329000;0.10999999999999999
1370072330000;0.13
1370072331000;0.53
1370072332000;0.06000000000000005
1370072333000;0.06000000000000005
1370072334000;0.39
1370072335000;0.5
1370072336000;0.24
1370072337000;0.09999999999999998
1370072338000;0.69
1370072339000;0.20999999999999996
1370072340000;0.06999999999999995
1370072341000;0.25
1370072342000;0.0
1370072343000;0.06000000000000005
1370072344000;0.09999999999999998
1370072345000;0.06999999999999995
1370072346000;0.16000000000000003
1370072347000;0.12
1370072348000;0.30000000000000004
1370072349000;0.30000000000000004
1370072350000;0.030000000000000027
1370072351000;0.14
1370072352000;0.39
1370072353000;0.06000000000000005
1370072354000;0.07999999999999996
1370072355000;0.08999999999999997
1370072356000;0.22999999999999998
1370072357000;0.37
1370072358000;0.08999999999999997
1370072359000;0.020000000000000018
1370072360000;0.26
1370072361000;0.16000000000000003
1370072362000;0.06000000000000005
1370072363000;0.040000000000000036
1370072364000;0.06000000000000005
1370072365000;0.20999999999999996
1370072366000;0.7
1370072367000;0.020000000000000018
1370072368000;0.0
1370072369000;0.050000000000000044
1370072370000;0.06000000000000005
1370072371000;0.16000000000000003
1370072372000;0.10999999999999999
1370072373000;0.18000000000000005
1370072374000;0.20999999999999996
1370072375000;0.12
1370072376000;0.09999999999999998
1370072377000;0.69
1370072378000;0.13
1370072379000;0.020000000000000018
1370072380000;0.10999999999999999
1370072381000;0.07999999999999996
1370072382000;0.010000000000000009
1370072383000;0.20999999999999996
1370072384000;0.29000000000000004
1370072385000;0.16000000000000003
1370072386000;0.020000000000000018
1370072387000;0.0
1370072388000;0.16000000000000003
1370072389000;0.040000000000000036
1370072390000;0.16000000000000003
1370072391000;0.10999999999999999
1370072392000;0.06000000000000005
1370072393000;0.27
1370072394000;0.040000000000000036
1370072395000;0.020000000000000018
1370072396000;0.29000000000000004
1370072397000;0.06000000000000005
1370072398000;0.36
1370072399000;0.41000000000000003
1370072400000;0.09999999999999998
1370072401000;0.36
1370072402000;0.040000000000000036
1370072403000;0.10999999999999999
1370072404000;0.030000000000000027
1370072405000;0.17000000000000004
1370072406000;0.18999999999999995
1370072407000;0.020000000000000018
1370072408000;0.07999999999999996
1370072409000;0.29000000000000004
1370072410000;0.27
1370072411000;0.050000000000000044
1370072412000;0.17000000000000004
1370072413000;0.010000000000000009
1370072414000;0.0
1370072415000;0.030000000000000027
1370072416000;0.14
1370072417000;0.4
1370072418000;0.39
1370072419000;0.41000000000000003
1370072420000;0.08999999999999997
1370072421000;0.010000000000000009
1370072422000;0.12
1370072423000;0.0
1370072424000;0.09999999999999998
1370072425000;0.54
1370072426000;0.42000000000000004
1370072427000;0.07999999999999996
1370072428000;0.35
1370072429000;0.08999999999999997
1370072430000;0.26
1370072431000;0.06999999999999995
1370072432000;0.0
1370072433000;0.19999999999999996
1370072434000;0.030000000000000027
1370072435000;0.12
1370072436000;0.31999999999999995
1370072437000;0.31999999999999995
1370072438000;0.52
1370072439000;0.010000000000000009
1370072440000;0.19999999999999996
1370072441000;0.010000000000000009
1370072442000;0.09999999999999998
1370072443000;0.17000000000000004
1370072444000;0.14
1370072445000;0.17000000000000004
1370072446000;0.15000000000000002
1370072447000;0.030000000000000027
1370072448000;0.010000000000000009
1370072449000;0.09999999999999998
1370072450000;0.26
1370072451000;0.51
1370072452000;0.18000000000000005
1370072453000;0.020000000000000018
1370072454000;0.14
1370072455000;0.30000000000000004
1370072456000;0.24
1370072457000;0.24
1370072458000;0.43000000000000005
1370072459000;0.18999999999999995
1370072460000;0.22999999999999998
1370072461000;0.37
1370072462000;0.18999999999999995
1370072463000;0.06000000000000005
1370072464000;0.08999999999999997
1370072465000;0.06999999999999995
1370072466000;0.35
1370072467000;0.20999999999999996
1370072468000;0.37
1370072469000;0.25
1370072470000;0.31000000000000005
1370072471000;0.21999999999999997
1370072472000;0.13
1370072473000;0.20999999999999996
1370072474000;0.30000000000000004
1370072475000;0.20999999999999996
1370072476000;0.73
1370072477000;0.020000000000000018
1370072478000;0.06999999999999995
1370072479000;0.030000000000000027
1370072480000;0.32999999999999996
1370072481000;0.18000000000000005
1370072482000;0.020000000000000018
1370072483000;0.31000000000000005
1370072484000;0.16000000000000003
1370072485000;0.010000000000000009
1370072486000;0.62
1370072487000;0.38
1370072488000;0.14
1370072489000;0.19999999999999996
1370072490000;0.07999999999999996
1370072491000;0.030000000000000027
1370072492000;0.37
1370072493000;0.050000000000000044
1370072494000;0.22999999999999998
1370072495000;0.49
1370072496000;0.14
1370072497000;0.020000000000000018
1370072498000;0.53
1370072499000;0.6
1370072500000;0.25
1370072501000;0.4
1370072502000;0.10999999999999999
1370072503000;0.020000000000000018
1370072504000;0.5
1370072505000;0.10999999999999999
1370072506000;0.13
1370072507000;0.30000000000000004
1370072508000;0.09999999999999998
1370072509000;0.4
1370072510000;0.18999999999999995
1370072511000;0.010000000000000009
1370072512000;0.29000000000000004
1370072513000;0.050000000000000044
1370072514000;0.25
1370072515000;0.0
1370072516000;0.18999999999999995
1370072517000;0.28
1370072518000;0.31999999999999995
1370072519000;0.15000000000000002
1370072520000;0.040000000000000036
1370072521000;0.010000000000000009
1370072522000;0.10999999999999999
1370072523000;0.0
1370072524000;0.42000000000000004
1370072525000;0.76
1370072526000;0.25
1370072527000;0.030000000000000027
1370072528000;0.15000000000000002
1370072529000;0.0
1370072530000;0.33999999999999997
1370072531000;0.85
1370072532000;0.19999999999999996
1370072533000;0.08999999999999997
1370072534000;0.09999999999999998
1370072535000;0.27
1370072536000;0.18000000000000005
1370072537000;0.14
1370072538000;0.050000000000000044
1370072539000;0.30000000000000004
1370072540000;0.040000000000000036
1370072541000;0.12
1370072542000;0.28
1370072543000;0.010000000000000009
1370072544000;0.30000000000000004
1370072545000;0.030000000000000027
1370072546000;0.33999999999999997
1370072547000;0.08999999999999997
1370072548000;0.020000000000000018
1370072549000;0.43999999999999995
1370072550000;0.15000000000000002
1370072551000;0.42000000000000004
1370072552000;0.040000000000000036
1370072553000;0.32999999999999996
1370072554000;0.08999999999999997
1370072555000;0.44999999999999996
1370072556000;0.35
1370072557000;0.25
1370072558000;0.050000000000000044
1370072559000;0.040000000000000036
1370072560000;0.15000000000000002
1370072561000;0.18999999999999995
1370072562000;0.27
1370072563000;0.030000000000000027
1370072564000;0.040000000000000036
1370072565000;0.040000000000000036
1370072566000;0.97
1370072567000;0.0
1370072568000;0.09999999999999998
1370072569000;0.06000000000000005
1370072570000;0.12
1370072571000;0.24
1370072572000;0.18999999999999995
1370072573000;0.6599999999999999
1370072574000;0.6699999999999999
1370072575000;0.21999999999999997
1370072576000;0.06000000000000005
1370072577000;0.4
1370072578000;0.13
1370072579000;0.030000000000000027
1370072580000;0.050000000000000044
1370072581000;0.09999999999999998
1370072582000;0.42000000000000004
1370072583000;0.26
1370072584000;0.73
1370072585000;0.19999999999999996
1370072586000;0.45999999999999996
1370072587000;0.29000000000000004
1370072588000;0.030000000000000027
1370072589000;0.21999999999999997
1370072590000;0.22999999999999998
1370072591000;0.36
1370072592000;0.27
1370072593000;0.31999999999999995
1370072594000;0.6699999999999999
1370072595000;0.22999999999999998
1370072596000;0.35
1370072597000;0.76
1370072598000;0.20999999999999996
1370072599000;0.13
1370072600000;0.5700000000000001
1370072601000;0.18000000000000005
1370072602000;0.63
1370072603000;0.19999999999999996
1370072604000;0.06999999999999995
1370072605000;0.1856
1370072606000;0.06999999999999995
1370072607000;0.09999999999999998
1370072608000;0.20999999999999996
1370072609000;0.010000000000000009
1370072610000;0.38
1370072611000;0.32999999999999996
1370072612000;0.09999999999999998
1370072613000;0.6599999999999999
1370072614000;0.39
1370072615000;0.33999999999999997
1370072616000;0.24
1370072617000;0.20999999999999996
1370072618000;0.020000000000000018
1370072619000;0.5900000000000001
1370072620000;0.06000000000000005
1370072621000;0.37
1370072622000;0.4
1370072623000;0.7
1370072624000;0.20999999999999996
1370072625000;0.36
1370072626000;0.13
1370072627000;0.17000000000000004
1370072628000;0.030000000000000027
1370072629000;0.18999999999999995
1370072630000;0.53
1370072631000;0.52
1370072632000;0.37
1370072633000;0.20999999999999996
1370072634000;0.040000000000000036
1370072635000;0.35
1370072636000;0.06000000000000005
1370072637000;0.040000000000000036
1370072638000;0.030000000000000027
1370072639000;0.040000000000000036
1370072640000;0.28
1370072641000;0.07999999999999996
1370072642000;0.37
1370072643000;0.32999999999999996
1370072644000;0.15000000000000002
1370072645000;0.020000000000000018
1370072646000;0.20999999999999996
1370072647000;0.12
1370072648000;0.08999999999999997
1370072649000;0.09999999999999998
1370072650000;0.040000000000000036
1370072651000;0.51
1370072652000;0.47
1370072653000;0.17000000000000004
1370072654000;0.06999999999999995
1370072655000;0.31000000000000005
1370072656000;0.06000000000000005
1370072657000;0.10999999999999999
1370072658000;0.050000000000000044
1370072659000;0.13
1370072660000;0.06000000000000005
1370072661000;0.39
1370072662000;0.16000000000000003
1370072663000;1.0
1370072664000;0.06999999999999995
1370072665000;0.13
1370072666000;0.27
1370072667000;0.06000000000000005
1370072668000;0.050000000000000044
1370072669000;0.050000000000000044
1370072670000;0.74
1370072671000;0.13
1370072672000;0.54
1370072673000;0.28
1370072674000;0.16000000000000003
1370072675000;0.030000000000000027
1370072676000;0.06000000000000005
1370072677000;0.06000000000000005
1370072678000;0.10999999999999999
1370072679000;0.31999999999999995
1370072680000;0.28
1370072681000;0.16000000000000003
1370072682000;0.22999999999999998
1370072683000;0.19999999999999996
1370072684000;0.13
1370072685000;0.14
1370072686000;0.29000000000000004
1370072687000;0.12
1370072688000;0.10999999999999999
1370072689000;0.020000000000000018
1370072690000;0.06999999999999995
1370072691000;0.25
1370072692000;0.10999999999999999
1370072693000;0.36
1370072694000;0.18000000000000005
1370072695000;0.12
1370072696000;0.29000000000000004
1370072697000;0.55
1370072698000;0.19999999999999996
1370072699000;0.13
1370072700000;0.09999999999999998
1370072701000;0.32999999999999996
1370072702000;0.20999999999999996
1370072703000;0.17000000000000004
1370072704000;0.29000000000000004
1370072705000;0.10999999999999999
1370072706000;0.09999999999999998
1370072707000;0.09999999999999998
1370072708000;0.31999999999999995
1370072709000;0.53
1370072710000;0.040000000000000036
1370072711000;0.06000000000000005
1370072712000;0.14
1370072713000;0.09999999999999998
1370072714000;0.41000000000000003
1370072715000;0.37
1370072716000;0.27
1370072717000;0.06999999999999995
1370072718000;0.24
1370072719000;0.15000000000000002
1370072720000;0.39
1370072721000;0.79
1370072722000;0.51
1370072723000;0.31999999999999995
1370072724000;0.010000000000000009
1370072725000;0.44999999999999996
1370072726000;0.13
1370072727000;0.02969999999999995
1370072728000;0.51
1370072729000;0.26
1370072730000;0.35
1370072731000;0.0
1370072732000;0.050000000000000044
1370072733000;0.14
1370072734000;0.06000000000000005
1370072735000;0.42000000000000004
1370072736000;0.12
1370072737000;0.48
1370072738000;0.16000000000000003
1370072739000;0.17000000000000004
1370072740000;0.16000000000000003
1370072741000;0.44999999999999996
1370072742000;0.43999999999999995
1370072743000;0.32999999999999996
1370072744000;0.050000000000000044
1370072745000;0.020000000000000018
1370072746000;0.32999999999999996
1370072747000;0.18999999999999995
1370072748000;0.18000000000000005
1370072749000;0.48
1370072750000;0.56
1370072751000;0.050000000000000044
1370072752000;0.17000000000000004
1370072753000;0.040000000000000036
1370072754000;0.020000000000000018
1370072755000;0.18000000000000005
1370072756000;0.06000000000000005
1370072757000;0.020000000000000018
1370072758000;0.29000000000000004
1370072759000;0.020000000000000018
1370072760000;0.0
1370072761000;0.15000000000000002
1370072762000;0.19999999999999996
1370072763000;0.28
1370072764000;0.27
1370072765000;0.8
1370072766000;0.19999999999999996
1370072767000;0.35
1370072768000;0.020000000000000018
1370072769000;0.08999999999999997
1370072770000;0.08999999999999997
1370072771000;0.12
1370072772000;0.71
1370072773000;0.010000000000000009
1370072774000;0.19999999999999996
1370072775000;0.69
1370072776000;0.10999999999999999
1370072777000;0.19999999999999996
1370072778000;0.0
1370072779000;0.21999999999999997
1370072780000;0.15000000000000002
1370072781000;0.27
1370072782000;0.18000000000000005
1370072783000;0.06999999999999995
1370072784000;0.25
1370072785000;0.06000000000000005
1370072786000;0.040000000000000036
1370072787000;0.010000000000000009
1370072788000;0.07999999999999996
1370072789000;0.0
1370072790000;0.09999999999999998
1370072791000;0.29000000000000004
1370072792000;0.16000000000000003
1370072793000;0.050000000000000044
1370072794000;0.10999999999999999
1370072795000;0.15000000000000002
1370072796000;0.15000000000000002
1370072797000;0.28
1370072798000;0.13
1370072799000;0.14
1370072800000;0.44999999999999996
1370072801000;0.89
1370072802000;0.15000000000000002
1370072803000;0.31000000000000005
1370072804000;0.22999999999999998
1370072805000;0.09999999999999998
1370072806000;0.020000000000000018
1370072807000;0.10999999999999999
1370072808000;0.44999999999999996
1370072809000;0.18000000000000005
1370072810000;0.16000000000000003
1370072811000;0.27
1370072812000;0.28
1370072813000;0.17000000000000004
1370072814000;0.07999999999999996
1370072815000;0.040000000000000036
1370072816000;0.17000000000000004
1370072817000;0.10999999999999999
1370072818000;0.13
1370072819000;0.32999999999999996
1370072820000;0.36
1370072821000;0.17000000000000004
1370072822000;0.10999999999999999
1370072823000;0.12
1370072824000;0.21999999999999997
1370072825000;0.06999999999999995
1370072826000;0.21999999999999997
1370072827000;0.07999999999999996
1370072828000;0.020000000000000018
1370072829000;0.10999999999999999
1370072830000;0.030000000000000027
1370072831000;0.28
1370072832000;0.10999999999999999
1370072833000;0.14
1370072834000;0.77
1370072835000;0.06999999999999995
1370072836000;0.25
1370072837000;0.37
1370072838000;0.10999999999999999
1370072839000;0.09999999999999998
1370072840000;0.30000000000000004
1370072841000;0.32999999999999996
1370072842000;0.010000000000000009
1370072843000;0.10999999999999999
1370072844000;0.030000000000000027
1370072845000;0.28
1370072846000;0.54
1370072847000;0.030000000000000027
1370072848000;0.19999999999999996
1370072849000;0.15000000000000002
1370072850000;0.010000000000000009
1370072851000;0.26
1370072852000;0.72
1370072853000;0.20999999999999996
1370072854000;0.030000000000000027
1370072855000;0.36
1370072856000;0.12
1370072857000;0.050000000000000044
1370072858000;0.21999999999999997
1370072859000;0.14
1370072860000;0.18000000000000005
1370072861000;0.31000000000000005
1370072862000;0.07999999999999996
1370072863000;0.0
1370072864000;0.36
1370072865000;0.10999999999999999
1370072866000;0.09999999999999998
1370072867000;0.010000000000000009
1370072868000;0.010000000000000009
1370072869000;0.27
1370072870000;0.0
1370072871000;0.030000000000000027
1370072872000;0.17000000000000004
1370072873000;0.040000000000000036
1370072874000;0.37
1370072875000;0.07999999999999996
1370072876000;0.06000000000000005
1370072877000;0.13
1370072878000;0.0
1370072879000;0.020000000000000018
1370072880000;0.4
1370072881000;0.51
1370072882000;0.15000000000000002
1370072883000;0.37
1370072884000;0.16000000000000003
1370072885000;0.25
1370072886000;0.07999999999999996
1370072887000;0.32999999999999996
1370072888000;0.49
1370072889000;0.27
1370072890000;0.06999999999999995
1370072891000;0.38
1370072892000;0.10999999999999999
1370072893000;0.08999999999999997
1370072894000;0.030000000000000027
1370072895000;0.27
1370072896000;0.06000000000000005
1370072897000;0.040000000000000036
1370072898000;0.0
1370072899000;0.06000000000000005
1370072900000;0.22999999999999998
1370072901000;0.12
1370072902000;0.040000000000000036
1370072903000;0.37
1370072904000;0.0
1370072905000;0.06999999999999995
1370072906000;0.0
1370072907000;0.010000000000000009
1370072908000;0.15000000000000002
1370072909000;0.38
1370072910000;0.28
1370072911000;0.020000000000000018
1370072912000;0.31000000000000005
1370072913000;0.17000000000000004
1370072914000;0.5900000000000001
1370072915000;0.49
1370072916000;0.14
1370072917000;0.20999999999999996
1370072918000;0.12
1370072919000;0.09999999999999998
1370072920000;0.38
1370072921000;0.050000000000000044
1370072922000;0.0
1370072923000;0.35
1370072924000;0.09999999999999998
1370072925000;0.07999999999999996
1370072926000;0.07999999999999996
1370072927000;0.050000000000000044
1370072928000;0.09999999999999998
1370072929000;0.54
1370072930000;0.09999999999999998
1370072931000;0.13
1370072932000;0.12
1370072933000;0.06999999999999995
1370072934000;0.06999999999999995
1370072935000;0.52
1370072936000;0.28
1370072937000;0.95
1370072938000;0.35
1370072939000;0.5800000000000001
1370072940000;0.52
1370072941000;0.17000000000000004
1370072942000;0.26
1370072943000;0.32999999999999996
1370072944000;0.0
1370072945000;0.29000000000000004
1370072946000;0.24
1370072947000;0.09999999999999998
1370072948000;0.32999999999999996
1370072949000;0.050000000000000044
1370072950000;0.19999999999999996
1370072951000;0.4
1370072952000;0.5900000000000001
1370072953000;0.15000000000000002
1370072954000;0.33999999999999997
1370072955000;0.69
1370072956000;0.17000000000000004
1370072957000;0.050000000000000044
1370072958000;0.26
1370072959000;0.06000000000000005
1370072960000;0.13
1370072961000;0.020000000000000018
1370072962000;0.0
1370072963000;0.06999999999999995
1370072964000;0.13
1370072965000;0.07999999999999996
1370072966000;0.28
1370072967000;0.07999999999999996
1370072968000;0.14
1370072969000;0.07999999999999996
1370072970000;0.6799999999999999
1370072971000;0.12
1370072972000;0.020000000000000018
1370072973000;0.17000000000000004
1370072974000;0.47
1370072975000;0.18000000000000005
1370072976000;0.18000000000000005
1370072977000;0.20999999999999996
1370072978000;0.38
1370072979000;0.08999999999999997
1370072980000;0.050000000000000044
1370072981000;0.0
1370072982000;0.07999999999999996
1370072983000;0.07999999999999996
1370072984000;0.20999999999999996
1370072985000;0.010000000000000009
1370072986000;0.050000000000000044
1370072987000;0.08999999999999997
1370072988000;0.25
1370072989000;0.13
1370072990000;0.49
1370072991000;0.5700000000000001
1370072992000;0.06999999999999995
1370072993000;0.13
1370072994000;0.09999999999999998
1370072995000;0.0
1370072996000;0.28
1370072997000;0.17000000000000004
1370072998000;0.030000000000000027
1370072999000;0.18000000000000005
1370073000000;0.030000000000000027
1370073001000;0.06999999999999995
1370073002000;0.030000000000000027
1370073003000;0.38
1370073004000;0.13
1370073005000;0.18999999999999995
1370073006000;0.12
1370073007000;0.0
1370073008000;0.07999999999999996
1370073009000;0.030000000000000027
1370073010000;0.08999999999999997
1370073011000;0.09999999999999998
1370073012000;0.08999999999999997
1370073013000;0.030000000000000027
1370073014000;0.10999999999999999
1370073015000;0.10999999999999999
1370073016000;0.06000000000000005
1370073017000;0.20999999999999996
1370073018000;0.17000000000000004
1370073019000;0.49
1370073020000;0.06000000000000005
1370073021000;0.030000000000000027
1370073022000;0.25
1370073023000;0.38
1370073024000;0.31999999999999995
1370073025000;0.43000000000000005
1370073026000;0.15000000000000002
1370073027000;0.47
1370073028000;0.37
1370073029000;0.040000000000000036
1370073030000;0.22219999999999995
1370073031000;0.35
1370073032000;0.06000000000000005
1370073033000;0.19999999999999996
1370073034000;0.07999999999999996
1370073035000;0.06999999999999995
1370073036000;0.030000000000000027
1370073037000;0.28
1370073038000;0.30299999999999994
1370073039000;0.52
1370073040000;0.31000000000000005
1370073041000;0.18000000000000005
1370073042000;0.24
1370073043000;0.0
1370073044000;0.19999999999999996
1370073045000;0.32999999999999996
1370073046000;0.19999999999999996
1370073047000;0.06000000000000005
1370073048000;0.030000000000000027
1370073049000;0.21999999999999997
1370073050000;0.14
1370073051000;0.14
1370073052000;0.06000000000000005
1370073053000;0.030000000000000027
1370073054000;0.010000000000000009
1370073055000;0.13
1370073056000;0.21999999999999997
1370073057000;0.29000000000000004
1370073058000;0.22999999999999998
1370073059000;0.020000000000000018
1370073060000;0.07999999999999996
1370073061000;0.25
1370073062000;0.020000000000000018
1370073063000;0.050000000000000044
1370073064000;0.13
1370073065000;0.12
1370073066000;0.12
1370073067000;0.37
1370073068000;0.10999999999999999
1370073069000;0.16000000000000003
1370073070000;0.22999999999999998
1370073071000;0.26
1370073072000;0.10999999999999999
1370073073000;0.19999999999999996
1370073074000;0.44999999999999996
1370073075000;0.49
1370073076000;0.22999999999999998
1370073077000;0.09999999999999998
1370073078000;0.040000000000000036
1370073079000;0.06999999999999995
1370073080000;0.47
1370073081000;0.51
1370073082000;0.25
1370073083000;0.06000000000000005
1370073084000;0.08999999999999997
1370073085000;0.09999999999999998
1370073086000;0.26
1370073087000;0.08999999999999997
1370073088000;0.43999999999999995
1370073089000;0.35
1370073090000;0.19999999999999996
1370073091000;0.28
1370073092000;0.10999999999999999
1370073093000;0.47
1370073094000;0.18000000000000005
1370073095000;0.030000000000000027
1370073096000;0.37
1370073097000;0.49
1370073098000;0.31000000000000005
1370073099000;0.4
1370073100000;0.06999999999999995
1370073101000;0.22999999999999998
1370073102000;0.07999999999999996
1370073103000;0.020000000000000018
1370073104000;0.12
1370073105000;0.030000000000000027
1370073106000;0.06999999999999995
1370073107000;0.06999999999999995
1370073108000;0.25
1370073109000;0.29000000000000004
1370073110000;0.65
1370073111000;0.24
1370073112000;0.0
1370073113000;0.35
1370073114000;0.48
1370073115000;0.21999999999999997
1370073116000;0.030000000000000027
1370073117000;0.020000000000000018
1370073118000;0.0
1370073119000;0.030000000000000027
1370073120000;0.06999999999999995
1370073121000;0.17000000000000004
1370073122000;0.15000000000000002
1370073123000;0.21999999999999997
1370073124000;0.38
1370073125000;0.12
1370073126000;0.0
1370073127000;0.47
1370073128000;0.27
1370073129000;0.25
1370073130000;0.050000000000000044
1370073131000;0.30000000000000004
1370073132000;0.43999999999999995
1370073133000;0.08999999999999997
1370073134000;0.050000000000000044
1370073135000;0.15000000000000002
1370073136000;0.37
1370073137000;0.050000000000000044
1370073138000;0.010000000000000009
1370073139000;0.050000000000000044
1370073140000;0.6599999999999999
1370073141000;0.22999999999999998
1370073142000;0.33999999999999997
1370073143000;0.08999999999999997
1370073144000;0.08999999999999997
1370073145000;0.47
1370073146000;0.15000000000000002
1370073147000;0.12
1370073148000;0.49
1370073149000;0.10999999999999999
1370073150000;0.09999999999999998
1370073151000;0.22999999999999998
1370073152000;0.4
1370073153000;0.09999999999999998
1370073154000;0.15000000000000002
1370073155000;0.08999999999999997
1370073156000;0.12
1370073157000;0.14
1370073158000;0.12
1370073159000;0.43000000000000005
1370073160000;0.5700000000000001
1370073161000;0.6
1370073162000;0.010000000000000009
1370073163000;0.08999999999999997
1370073164000;0.06000000000000005
1370073165000;0.06999999999999995
1370073166000;0.06999999999999995
1370073167000;0.18000000000000005
1370073168000;0.17000000000000004
1370073169000;0.18999999999999995
1370073170000;0.43000000000000005
1370073171000;0.42000000000000004
1370073172000;0.25
1370073173000;0.78
1370073174000;0.69
1370073175000;0.06999999999999995
1370073176000;0.42000000000000004
1370073177000;0.010000000000000009
1370073178000;0.030000000000000027
1370073179000;0.010000000000000009
1370073180000;0.29000000000000004
1370073181000;0.14
1370073182000;0.20999999999999996
1370073183000;0.54
1370073184000;0.31999999999999995
1370073185000;0.29000000000000004
1370073186000;0.63
1370073187000;0.06000000000000005
1370073188000;0.06000000000000005
1370073189000;0.040000000000000036
1370073190000;0.09999999999999998
1370073191000;0.24
1370073192000;0.14
1370073193000;0.10999999999999999
1370073194000;0.06999999999999995
1370073195000;0.29000000000000004
1370073196000;0.31000000000000005
1370073197000;0.27
1370073198000;0.08999999999999997
1370073199000;0.21999999999999997
1370073200000;0.44999999999999996
1370073201000;0.6599999999999999
1370073202000;0.09999999999999998
1370073203000;0.09999999999999998
1370073204000;0.12
1370073205000;0.06000000000000005
1370073206000;0.7
1370073207000;0.39
1370073208000;0.15000000000000002
1370073209000;0.18999999999999995
1370073210000;0.29000000000000004
1370073211000;0.13
1370073212000;0.16000000000000003
1370073213000;0.08999999999999997
1370073214000;0.10999999999999999
1370073215000;0.28
1370073216000;0.41000000000000003
1370073217000;0.15000000000000002
1370073218000;0.030000000000000027
1370073219000;0.06999999999999995
1370073220000;0.52
1370073221000;0.08999999999999997
1370073222000;0.10999999999999999
1370073223000;0.20999999999999996
1370073224000;0.010000000000000009
1370073225000;0.47
1370073226000;0.44999999999999996
1370073227000;0.41000000000000003
1370073228000;0.44999999999999996
1370073229000;0.28
1370073230000;0.010000000000000009
1370073231000;0.6599999999999999
1370073232000;0.43999999999999995
1370073233000;0.13
1370073234000;0.050000000000000044
1370073235000;0.22999999999999998
1370073236000;0.44999999999999996
1370073237000;0.27
1370073238000;0.06999999999999995
1370073239000;0.09999999999999998
1370073240000;0.030000000000000027
1370073241000;0.51
1370073242000;0.22999999999999998
1370073243000;0.09999999999999998
1370073244000;0.18000000000000005
1370073245000;0.06999999999999995
1370073246000;0.020000000000000018
1370073247000;0.06000000000000005
1370073248000;0.06999999999999995
1370073249000;0.12
1370073250000;0.09999999999999998
1370073251000;0.37
1370073252000;0.08999999999999997
1370073253000;0.06999999999999995
1370073254000;0.10999999999999999
1370073255000;0.10999999999999999
1370073256000;0.65
1370073257000;0.020000000000000018
1370073258000;0.030000000000000027
1370073259000;0.040000000000000036
1370073260000;0.56
1370073261000;0.35
1370073262000;0.84
1370073263000;0.25
1370073264000;0.06000000000000005
1370073265000;0.7
1370073266000;0.030000000000000027
1370073267000;0.77
1370073268000;0.31000000000000005
1370073269000;0.24
1370073270000;0.12
1370073271000;0.12
1370073272000;0.35
1370073273000;0.18000000000000005
1370073274000;0.20999999999999996
1370073275000;0.030000000000000027
1370073276000;0.10999999999999999
1370073277000;0.06000000000000005
1370073278000;0.30000000000000004
1370073279000;0.24
1370073280000;0.09999999999999998
1370073281000;0.18000000000000005
1370073282000;0.040000000000000036
1370073283000;0.22999999999999998
1370073284000;0.14
1370073285000;0.12
1370073286000;0.14
1370073287000;0.43000000000000005
1370073288000;0.07999999999999996
1370073289000;0.030000000000000027
1370073290000;0.10999999999999999
1370073291000;0.37
1370073292000;0.06000000000000005
1370073293000;0.32999999999999996
1370073294000;0.020000000000000018
1370073295000;0.26
1370073296000;0.18999999999999995
1370073297000;0.27
1370073298000;0.07999999999999996
1370073299000;0.25
1370073300000;0.16000000000000003
1370073301000;0.42000000000000004
1370073302000;0.53
1370073303000;0.040000000000000036
1370073304000;0.03959999999999997
1370073305000;0.18000000000000005
1370073306000;0.15000000000000002
1370073307000;0.06059999999999999
1370073308000;0.06000000000000005
1370073309000;0.10999999999999999
1370073310000;0.030000000000000027
1370073311000;0.10999999999999999
1370073312000;0.29000000000000004
1370073313000;0.31000000000000005
1370073314000;0.29000000000000004
1370073315000;0.13
1370073316000;0.39
1370073317000;0.040000000000000036
1370073318000;0.31999999999999995
1370073319000;0.43000000000000005
1370073320000;0.29000000000000004
1370073321000;0.17000000000000004
1370073322000;0.29000000000000004
1370073323000;0.5900000000000001
1370073324000;0.050000000000000044
1370073325000;0.10999999999999999
1370073326000;0.20999999999999996
1370073327000;0.07999999999999996
1370073328000;0.15000000000000002
1370073329000;0.13
1370073330000;0.13
1370073331000;0.19999999999999996
1370073332000;0.21999999999999997
1370073333000;0.050000000000000044
1370073334000;0.42000000000000004
1370073335000;0.08999999999999997
1370073336000;0.37
1370073337000;0.010000000000000009
1370073338000;0.27
1370073339000;0.010000000000000009
1370073340000;0.09999999999999998
1370073341000;0.13
1370073342000;0.45999999999999996
1370073343000;0.24
1370073344000;0.6
1370073345000;0.020000000000000018
1370073346000;0.08999999999999997
1370073347000;0.10999999999999999
1370073348000;0.69
1370073349000;0.28
1370073350000;0.5900000000000001
1370073351000;0.53
1370073352000;0.13
1370073353000;0.020000000000000018
1370073354000;0.15000000000000002
1370073355000;0.6699999999999999
1370073356000;0.07999999999999996
1370073357000;0.14
1370073358000;0.42000000000000004
1370073359000;0.18000000000000005
1370073360000;0.20999999999999996
1370073361000;0.030000000000000027
1370073362000;0.07999999999999996
1370073363000;0.050000000000000044
1370073364000;0.13
1370073365000;0.44999999999999996
1370073366000;0.10999999999999999
1370073367000;0.050000000000000044
1370073368000;0.61
1370073369000;0.79
1370073370000;0.06999999999999995
1370073371000;0.31000000000000005
1370073372000;0.36
1370073373000;0.18999999999999995
1370073374000;0.20999999999999996
1370073375000;0.28
1370073376000;0.08999999999999997
1370073377000;0.51
1370073378000;0.31000000000000005
1370073379000;0.14
1370073380000;0.24
1370073381000;0.030000000000000027
1370073382000;0.07999999999999996
1370073383000;0.20999999999999996
1370073384000;0.09999999999999998
1370073385000;0.0
1370073386000;0.20999999999999996
1370073387000;0.06999999999999995
1370073388000;0.44999999999999996
1370073389000;0.15000000000000002
1370073390000;0.010000000000000009
1370073391000;0.0
1370073392000;0.07999999999999996
1370073393000;0.20999999999999996
1370073394000;0.35
1370073395000;0.29000000000000004
1370073396000;0.12
1370073397000;0.49
1370073398000;0.020000000000000018
1370073399000;0.43000000000000005
1370073400000;0.14
1370073401000;0.18999999999999995
1370073402000;0.52
1370073403000;0.050000000000000044
1370073404000;0.20999999999999996
1370073405000;0.16000000000000003
1370073406000;0.16000000000000003
1370073407000;0.95
1370073408000;0.10999999999999999
1370073409000;0.55
1370073410000;0.74
1370073411000;0.09999999999999998
1370073412000;0.20999999999999996
1370073413000;0.16000000000000003
1370073414000;0.24
1370073415000;0.050000000000000044
1370073416000;0.39
1370073417000;0.050000000000000044
1370073418000;0.09999999999999998
1370073419000;0.16000000000000003
1370073420000;0.15000000000000002
1370073421000;0.13
1370073422000;0.040000000000000036
1370073423000;0.14
1370073424000;0.36
1370073425000;0.050000000000000044
1370073426000;0.17000000000000004
1370073427000;0.08999999999999997
1370073428000;0.07999999999999996
1370073429000;0.12
1370073430000;0.36
1370073431000;0.7
1370073432000;0.08999999999999997
1370073433000;0.18999999999999995
1370073434000;0.14
1370073435000;0.020000000000000018
1370073436000;0.18999999999999995
1370073437000;0.010000000000000009
1370073438000;0.08999999999999997
1370073439000;0.12
1370073440000;0.21999999999999997
1370073441000;0.37
1370073442000;0.06000000000000005
1370073443000;0.18999999999999995
1370073444000;0.31999999999999995
1370073445000;0.4
1370073446000;0.010000000000000009
1370073447000;0.06000000000000005
1370073448000;0.10999999999999999
1370073449000;0.48
1370073450000;0.06999999999999995
1370073451000;0.27
1370073452000;0.13
1370073453000;0.53
1370073454000;0.26
1370073455000;0.19999999999999996
1370073456000;0.06930000000000003
1370073457000;0.09999999999999998
1370073458000;0.08999999999999997
1370073459000;0.25
1370073460000;0.25
1370073461000;0.06000000000000005
1370073462000;0.06000000000000005
1370073463000;0.12
1370073464000;0.030000000000000027
1370073465000;0.040000000000000036
1370073466000;0.43000000000000005
1370073467000;0.15000000000000002
1370073468000;0.040000000000000036
1370073469000;0.63
1370073470000;0.020000000000000018
1370073471000;0.030000000000000027
1370073472000;0.10999999999999999
1370073473000;0.06000000000000005
1370073474000;0.08999999999999997
1370073475000;0.19999999999999996
1370073476000;0.43999999999999995
1370073477000;0.69
1370073478000;0.53
1370073479000;0.14
1370073480000;0.06000000000000005
1370073481000;0.21999999999999997
1370073482000;0.6699999999999999
1370073483000;0.06999999999999995
1370073484000;0.08999999999999997
1370073485000;0.53
1370073486000;0.27
1370073487000;0.10999999999999999
1370073488000;0.17000000000000004
1370073489000;0.21999999999999997
1370073490000;0.26
1370073491000;0.13
1370073492000;0.07999999999999996
1370073493000;0.18999999999999995
1370073494000;0.18999999999999995
1370073495000;0.030000000000000027
1370073496000;0.030000000000000027
1370073497000;0.14
1370073498000;0.36
1370073499000;0.050000000000000044
1370073500000;0.22999999999999998
1370073501000;0.5800000000000001
1370073502000;0.94
1370073503000;0.020000000000000018
1370073504000;0.31000000000000005
1370073505000;0.38
1370073506000;0.31999999999999995
1370073507000;0.09999999999999998
1370073508000;0.29000000000000004
1370073509000;0.16000000000000003
1370073510000;0.08999999999999997
1370073511000;0.16000000000000003
1370073512000;0.040000000000000036
1370073513000;0.15000000000000002
1370073514000;0.16000000000000003
1370073515000;0.18000000000000005
1370073516000;0.32999999999999996
1370073517000;0.13
1370073518000;0.040000000000000036
1370073519000;0.19999999999999996
1370073520000;0.56
1370073521000;0.72
1370073522000;0.050000000000000044
1370073523000;0.39
1370073524000;0.31999999999999995
1370073525000;0.010000000000000009
1370073526000;0.4
1370073527000;0.050000000000000044
1370073528000;0.5
1370073529000;0.18999999999999995
1370073530000;0.28
1370073531000;0.07999999999999996
1370073532000;0.21999999999999997
1370073533000;0.24
1370073534000;0.050000000000000044
1370073535000;0.06000000000000005
1370073536000;0.30000000000000004
1370073537000;0.08999999999999997
1370073538000;0.30000000000000004
1370073539000;0.13
1370073540000;0.25
1370073541000;0.040000000000000036
1370073542000;0.040000000000000036
1370073543000;0.010000000000000009
1370073544000;0.050000000000000044
1370073545000;0.17000000000000004
1370073546000;0.010000000000000009
1370073547000;0.20999999999999996
1370073548000;0.32999999999999996
1370073549000;0.08999999999999997
1370073550000;0.35
1370073551000;0.77
1370073552000;0.24
1370073553000;0.10999999999999999
1370073554000;0.42000000000000004
1370073555000;0.010000000000000009
1370073556000;0.13
1370073557000;0.06000000000000005
1370073558000;0.14
1370073559000;0.13
1370073560000;0.010000000000000009
1370073561000;0.06000000000000005
1370073562000;0.14
1370073563000;0.35
1370073564000;0.44999999999999996
1370073565000;0.040000000000000036
1370073566000;0.07999999999999996
1370073567000;0.010000000000000009
1370073568000;0.19999999999999996
1370073569000;0.06999999999999995
1370073570000;0.73
1370073571000;0.14
1370073572000;0.13
1370073573000;0.35
1370073574000;0.09999999999999998
1370073575000;0.08999999999999997
1370073576000;0.050000000000000044
1370073577000;0.06999999999999995
1370073578000;0.14
1370073579000;0.31000000000000005
1370073580000;0.18999999999999995
1370073581000;0.5
1370073582000;0.54
1370073583000;0.24
1370073584000;0.29000000000000004
1370073585000;0.22999999999999998
1370073586000;0.010000000000000009
1370073587000;0.74
1370073588000;0.69
1370073589000;0.12
1370073590000;0.52
1370073591000;0.27
1370073592000;0.09900000000000009
1370073593000;0.010000000000000009
1370073594000;0.14
1370073595000;0.28
1370073596000;0.35
1370073597000;0.040000000000000036
1370073598000;0.16000000000000003
1370073599000;0.18999999999999995
1370073600000;0.19999999999999996
1370073601000;0.09999999999999998
1370073602000;0.020000000000000018
1370073603000;0.41000000000000003
1370073604000;0.29000000000000004
1370073605000;0.06000000000000005
1370073606000;0.18999999999999995
1370073607000;0.42000000000000004
1370073608000;0.010000000000000009
1370073609000;0.24
1370073610000;0.010000000000000009
1370073611000;0.10999999999999999
1370073612000;0.35
1370073613000;0.43999999999999995
1370073614000;0.45999999999999996
1370073615000;0.38
1370073616000;0.19999999999999996
1370073617000;0.8
1370073618000;0.020000000000000018
1370073619000;0.10999999999999999
1370073620000;0.21999999999999997
1370073621000;0.22999999999999998
1370073622000;0.18000000000000005
1370073623000;0.0
1370073624000;0.18999999999999995
1370073625000;0.42000000000000004
1370073626000;0.15000000000000002
1370073627000;0.43000000000000005
1370073628000;0.15000000000000002
1370073629000;0.030000000000000027
1370073630000;0.31999999999999995
1370073631000;0.06000000000000005
1370073632000;0.16000000000000003
1370073633000;0.050000000000000044
1370073634000;0.08999999999999997
1370073635000;0.18999999999999995
1370073636000;0.040000000000000036
1370073637000;0.09999999999999998
1370073638000;0.41000000000000003
1370073639000;0.47
1370073640000;0.19999999999999996
1370073641000;0.09999999999999998
1370073642000;0.07999999999999996
1370073643000;0.050000000000000044
1370073644000;0.35
1370073645000;0.51
1370073646000;0.08999999999999997
1370073647000;0.010000000000000009
1370073648000;0.030000000000000027
1370073649000;0.030000000000000027
1370073650000;0.06999999999999995
1370073651000;0.0
1370073652000;0.18000000000000005
1370073653000;0.44999999999999996
1370073654000;0.19999999999999996
1370073655000;0.030000000000000027
1370073656000;0.19999999999999996
1370073657000;0.21999999999999997
1370073658000;0.18000000000000005
1370073659000;0.16000000000000003
1370073660000;0.12
1370073661000;0.12
1370073662000;0.06000000000000005
1370073663000;0.26
1370073664000;0.16000000000000003
1370073665000;0.030000000000000027
1370073666000;0.030000000000000027
1370073667000;0.09999999999999998
1370073668000;0.10999999999999999
1370073669000;0.19999999999999996
1370073670000;0.17000000000000004
1370073671000;0.010000000000000009
1370073672000;0.17000000000000004
1370073673000;0.83
1370073674000;0.10999999999999999
1370073675000;0.53
1370073676000;0.07999999999999996
1370073677000;0.38
1370073678000;0.06000000000000005
1370073679000;0.25
1370073680000;0.06999999999999995
1370073681000;0.15000000000000002
1370073682000;0.5900000000000001
1370073683000;0.07999999999999996
1370073684000;0.07999999999999996
1370073685000;0.15000000000000002
1370073686000;0.07920000000000005
1370073687000;0.29000000000000004
1370073688000;0.07999999999999996
1370073689000;0.040000000000000036
1370073690000;0.19999999999999996
1370073691000;0.06999999999999995
1370073692000;0.06999999999999995
1370073693000;0.020000000000000018
1370073694000;0.10999999999999999
1370073695000;0.55
1370073696000;0.050000000000000044
1370073697000;0.09999999999999998
1370073698000;0.28
1370073699000;0.27
1370073700000;0.13
1370073701000;0.06999999999999995
1370073702000;0.030000000000000027
1370073703000;0.08999999999999997
1370073704000;0.16000000000000003
1370073705000;0.31000000000000005
1370073706000;0.38
1370073707000;0.18999999999999995
1370073708000;0.040000000000000036
1370073709000;0.06000000000000005
1370073710000;0.0
1370073711000;0.010000000000000009
1370073712000;0.16000000000000003
1370073713000;0.25
1370073714000;0.37
1370073715000;0.20999999999999996
1370073716000;0.32999999999999996
1370073717000;0.13
1370073718000;0.13
1370073719000;0.0
1370073720000;0.25
1370073721000;0.17000000000000004
1370073722000;0.020000000000000018
1370073723000;0.07999999999999996
1370073724000;0.020000000000000018
1370073725000;0.06000000000000005
1370073726000;0.55
1370073727000;0.030000000000000027
1370073728000;0.040000000000000036
1370073729000;0.31999999999999995
1370073730000;0.050000000000000044
1370073731000;0.010000000000000009
1370073732000;0.19999999999999996
1370073733000;0.06000000000000005
1370073734000;0.08999999999999997
1370073735000;0.09999999999999998
1370073736000;0.030000000000000027
1370073737000;0.050000000000000044
1370073738000;0.010000000000000009
1370073739000;0.13
1370073740000;0.44999999999999996
1370073741000;0.12
1370073742000;0.31000000000000005
1370073743000;0.28
1370073744000;0.010000000000000009
1370073745000;0.13
1370073746000;0.010000000000000009
1370073747000;0.06000000000000005
1370073748000;0.22999999999999998
1370073749000;0.19999999999999996
1370073750000;0.26
1370073751000;0.20999999999999996
1370073752000;0.08999999999999997
1370073753000;0.18000000000000005
1370073754000;0.030000000000000027
1370073755000;0.10999999999999999
1370073756000;0.08999999999999997
1370073757000;0.18000000000000005
1370073758000;0.81
1370073759000;0.08999999999999997
1370073760000;0.19999999999999996
1370073761000;0.28
1370073762000;0.020000000000000018
1370073763000;0.020000000000000018
1370073764000;0.040000000000000036
1370073765000;0.020000000000000018
1370073766000;0.12
1370073767000;0.06999999999999995
1370073768000;0.22999999999999998
1370073769000;0.050000000000000044
1370073770000;0.24
1370073771000;0.71
1370073772000;0.07999999999999996
1370073773000;0.49
1370073774000;0.18999999999999995
1370073775000;0.81
1370073776000;0.07999999999999996
1370073777000;0.14
1370073778000;0.10999999999999999
1370073779000;0.43000000000000005
1370073780000;0.22999999999999998
1370073781000;0.14
1370073782000;0.030000000000000027
1370073783000;0.42000000000000004
1370073784000;0.13
1370073785000;0.020000000000000018
1370073786000;0.010000000000000009
1370073787000;0.010000000000000009
1370073788000;0.4
1370073789000;0.09999999999999998
1370073790000;0.13
1370073791000;0.5800000000000001
1370073792000;0.08999999999999997
1370073793000;0.020000000000000018
1370073794000;0.12
1370073795000;0.010000000000000009
1370073796000;0.31000000000000005
1370073797000;0.21999999999999997
1370073798000;0.18999999999999995
1370073799000;0.28
1370073800000;0.29000000000000004
1370073801000;0.18999999999999995
1370073802000;0.040000000000000036
1370073803000;0.020000000000000018
1370073804000;0.41000000000000003
1370073805000;0.010000000000000009
1370073806000;0.19999999999999996
1370073807000;0.52
1370073808000;0.040000000000000036
1370073809000;0.020000000000000018
1370073810000;0.10999999999999999
1370073811000;0.040000000000000036
1370073812000;0.27
1370073813000;0.17000000000000004
1370073814000;0.54
1370073815000;0.44999999999999996
1370073816000;0.10999999999999999
1370073817000;0.14
1370073818000;0.18999999999999995
1370073819000;0.09999999999999998
1370073820000;0.010000000000000009
1370073821000;0.040000000000000036
1370073822000;0.010000000000000009
1370073823000;0.010000000000000009
1370073824000;0.31000000000000005
1370073825000;0.15000000000000002
1370073826000;0.4
1370073827000;0.3861
1370073828000;0.35
1370073829000;0.54
1370073830000;0.8200000000000001
1370073831000;0.5
1370073832000;0.030000000000000027
1370073833000;0.040000000000000036
1370073834000;0.07999999999999996
1370073835000;0.030000000000000027
1370073836000;0.14
1370073837000;0.76
1370073838000;0.39
1370073839000;0.5
1370073840000;0.33999999999999997
1370073841000;0.07999999999999996
1370073842000;0.45999999999999996
1370073843000;0.5800000000000001
1370073844000;0.0
1370073845000;0.17000000000000004
1370073846000;0.07999999999999996
1370073847000;0.0
1370073848000;0.010000000000000009
1370073849000;0.10999999999999999
1370073850000;0.16000000000000003
1370073851000;0.48
1370073852000;0.020000000000000018
1370073853000;0.32999999999999996
1370073854000;0.12
1370073855000;0.24
1370073856000;0.37
1370073857000;0.09999999999999998
1370073858000;0.0
1370073859000;0.06999999999999995
1370073860000;0.24
1370073861000;0.020000000000000018
1370073862000;0.21999999999999997
1370073863000;0.24
1370073864000;0.31999999999999995
1370073865000;0.12
1370073866000;0.0
1370073867000;0.15000000000000002
1370073868000;0.09999999999999998
1370073869000;0.29000000000000004
1370073870000;0.97
1370073871000;0.16000000000000003
1370073872000;0.31000000000000005
1370073873000;0.050000000000000044
1370073874000;0.09999999999999998
1370073875000;0.0
1370073876000;0.08999999999999997
1370073877000;0.18999999999999995
1370073878000;0.040000000000000036
1370073879000;0.22999999999999998
1370073880000;0.20999999999999996
1370073881000;0.5900000000000001
1370073882000;0.24
1370073883000;0.14
1370073884000;0.48
1370073885000;0.10999999999999999
1370073886000;0.10999999999999999
1370073887000;0.43000000000000005
1370073888000;0.12
1370073889000;0.10999999999999999
1370073890000;0.07999999999999996
1370073891000;0.24
1370073892000;0.06999999999999995
1370073893000;0.08999999999999997
1370073894000;0.15000000000000002
1370073895000;0.41000000000000003
1370073896000;0.16000000000000003
1370073897000;0.18000000000000005
1370073898000;0.25
1370073899000;0.14
1370073900000;0.26
1370073901000;0.35
1370073902000;0.69
1370073903000;0.31999999999999995
1370073904000;0.25
1370073905000;0.07999999999999996
1370073906000;0.06999999999999995
1370073907000;0.08999999999999997
1370073908000;0.14
1370073909000;0.31000000000000005
1370073910000;0.18999999999999995
1370073911000;0.71
1370073912000;0.06999999999999995
1370073913000;0.12
1370073914000;0.5
1370073915000;0.08999999999999997
1370073916000;0.21999999999999997
1370073917000;0.0
1370073918000;0.030000000000000027
1370073919000;0.07999999999999996
1370073920000;0.0
1370073921000;0.09999999999999998
1370073922000;0.13
1370073923000;0.13
1370073924000;0.18000000000000005
1370073925000;0.31000000000000005
1370073926000;0.0
1370073927000;0.4
1370073928000;0.31000000000000005
1370073929000;0.16000000000000003
1370073930000;0.19999999999999996
1370073931000;0.56
1370073932000;0.050000000000000044
1370073933000;0.22999999999999998
1370073934000;0.27
1370073935000;0.32999999999999996
1370073936000;0.42000000000000004
1370073937000;0.06000000000000005
1370073938000;0.010000000000000009
1370073939000;0.31000000000000005
1370073940000;0.22999999999999998
1370073941000;0.29000000000000004
1370073942000;0.17000000000000004
1370073943000;0.020000000000000018
1370073944000;0.28
1370073945000;0.33999999999999997
1370073946000;0.10999999999999999
1370073947000;0.24
1370073948000;0.36
1370073949000;0.020000000000000018
1370073950000;0.39
1370073951000;0.0
1370073952000;0.040000000000000036
1370073953000;0.08999999999999997
1370073954000;0.19999999999999996
1370073955000;0.0
1370073956000;0.14
1370073957000;0.44999999999999996
1370073958000;0.06000000000000005
1370073959000;0.18999999999999995
1370073960000;0.21999999999999997
1370073961000;0.040000000000000036
1370073962000;0.06999999999999995
1370073963000;0.09999999999999998
1370073964000;0.06000000000000005
1370073965000;0.18999999999999995
1370073966000;0.32999999999999996
1370073967000;0.42000000000000004
1370073968000;0.030000000000000027
1370073969000;0.020000000000000018
1370073970000;0.06000000000000005
1370073971000;0.44999999999999996
1370073972000;0.040000000000000036
1370073973000;0.040000000000000036
1370073974000;0.20999999999999996
1370073975000;0.17000000000000004
1370073976000;0.22999999999999998
1370073977000;0.08999999999999997
1370073978000;0.07999999999999996
1370073979000;0.14
1370073980000;0.14
1370073981000;0.42000000000000004
1370073982000;0.06000000000000005
1370073983000;0.040000000000000036
1370073984000;0.030000000000000027
1370073985000;0.07999999999999996
1370073986000;0.020000000000000018
1370073987000;0.21999999999999997
1370073988000;0.28
1370073989000;0.09999999999999998
1370073990000;0.07999999999999996
1370073991000;0.10999999999999999
1370073992000;0.31000000000000005
1370073993000;0.15000000000000002
1370073994000;0.17000000000000004
1370073995000;0.040000000000000036
1370073996000;0.32999999999999996
1370073997000;0.10999999999999999
1370073998000;0.050000000000000044
1370073999000;0.14
1370074000000;0.17000000000000004
1370074001000;0.6799999999999999
1370074002000;0.18000000000000005
1370074003000;0.08999999999999997
1370074004000;0.32999999999999996
1370074005000;0.24
1370074006000;0.08999999999999997
1370074007000;0.19999999999999996
1370074008000;0.020000000000000018
1370074009000;0.06999999999999995
1370074010000;0.14
1370074011000;0.040000000000000036
1370074012000;0.050000000000000044
1370074013000;0.24
1370074014000;0.19999999999999996
1370074015000;0.35
1370074016000;0.5800000000000001
1370074017000;0.49
1370074018000;0.21999999999999997
1370074019000;0.35
1370074020000;0.18000000000000005
1370074021000;0.31999999999999995
1370074022000;0.42000000000000004
1370074023000;0.21999999999999997
1370074024000;0.39
1370074025000;0.040000000000000036
1370074026000;0.06000000000000005
1370074027000;0.06999999999999995
1370074028000;0.050000000000000044
1370074029000;0.17000000000000004
1370074030000;0.050000000000000044
1370074031000;0.36
1370074032000;0.39
1370074033000;0.14
1370074034000;0.13
1370074035000;0.33999999999999997
1370074036000;0.06999999999999995
1370074037000;0.15000000000000002
1370074038000;0.39
1370074039000;0.41000000000000003
1370074040000;0.38
1370074041000;0.050000000000000044
1370074042000;0.0
1370074043000;0.16000000000000003
1370074044000;0.050000000000000044
1370074045000;0.15000000000000002
1370074046000;0.44999999999999996
1370074047000;0.25
1370074048000;0.040000000000000036
1370074049000;0.0
1370074050000;0.08999999999999997
1370074051000;0.020000000000000018
1370074052000;0.22999999999999998
1370074053000;0.25
1370074054000;0.040000000000000036
1370074055000;0.14
1370074056000;0.010000000000000009
1370074057000;0.13
1370074058000;0.13
1370074059000;0.06999999999999995
1370074060000;0.010000000000000009
1370074061000;0.41000000000000003
1370074062000;0.12
1370074063000;0.10999999999999999
1370074064000;0.020000000000000018
1370074065000;0.030000000000000027
1370074066000;0.35
1370074067000;0.18000000000000005
1370074068000;0.16000000000000003
1370074069000;0.08999999999999997
1370074070000;0.16000000000000003
1370074071000;0.06999999999999995
1370074072000;0.16000000000000003
1370074073000;0.44999999999999996
1370074074000;0.43000000000000005
1370074075000;0.37
1370074076000;0.39
1370074077000;0.06999999999999995
1370074078000;0.050000000000000044
1370074079000;0.030000000000000027
1370074080000;0.37
1370074081000;0.15000000000000002
1370074082000;0.0
1370074083000;0.010000000000000009
1370074084000;0.20999999999999996
1370074085000;0.0
1370074086000;0.17000000000000004
1370074087000;0.69
1370074088000;0.06000000000000005
1370074089000;0.31999999999999995
1370074090000;0.73
1370074091000;0.12
1370074092000;0.33999999999999997
1370074093000;0.37
1370074094000;0.13
1370074095000;0.12
1370074096000;0.12
1370074097000;0.06000000000000005
1370074098000;0.010000000000000009
1370074099000;0.26
1370074100000;0.0
1370074101000;0.69
1370074102000;0.06000000000000005
1370074103000;0.18999999999999995
1370074104000;0.12
1370074105000;0.010000000000000009
1370074106000;0.42000000000000004
1370074107000;0.10999999999999999
1370074108000;0.14
1370074109000;0.43999999999999995
1370074110000;0.10999999999999999
1370074111000;0.18000000000000005
1370074112000;0.29000000000000004
1370074113000;0.050000000000000044
1370074114000;0.18999999999999995
1370074115000;0.0
1370074116000;0.38
1370074117000;0.6
1370074118000;0.33999999999999997
1370074119000;0.050000000000000044
1370074120000;0.43999999999999995
1370074121000;0.21999999999999997
1370074122000;0.15000000000000002
1370074123000;0.010000000000000009
1370074124000;0.15000000000000002
1370074125000;0.020000000000000018
1370074126000;0.06999999999999995
1370074127000;0.13
1370074128000;0.040000000000000036
1370074129000;0.21999999999999997
1370074130000;0.17000000000000004
1370074131000;0.010000000000000009
1370074132000;0.65
1370074133000;0.06999999999999995
1370074134000;0.050000000000000044
1370074135000;0.17000000000000004
1370074136000;0.13
1370074137000;0.19999999999999996
1370074138000;0.040000000000000036
1370074139000;0.25
1370074140000;0.12
1370074141000;0.45999999999999996
1370074142000;0.54
1370074143000;0.08999999999999997
1370074144000;0.07999999999999996
1370074145000;0.13
1370074146000;0.13
1370074147000;0.07999999999999996
1370074148000;0.41000000000000003
1370074149000;0.16000000000000003
1370074150000;0.050000000000000044
1370074151000;0.48
1370074152000;0.30000000000000004
1370074153000;0.17000000000000004
1370074154000;0.09999999999999998
1370074155000;0.09999999999999998
1370074156000;0.14
1370074157000;0.08999999999999997
1370074158000;0.25
1370074159000;0.18999999999999995
1370074160000;0.5
1370074161000;0.050000000000000044
1370074162000;0.14
1370074163000;0.43999999999999995
1370074164000;0.21999999999999997
1370074165000;0.18999999999999995
1370074166000;0.31000000000000005
1370074167000;0.18000000000000005
1370074168000;0.54
1370074169000;0.53
1370074170000;0.26
1370074171000;0.43000000000000005
1370074172000;0.22999999999999998
1370074173000;0.010000000000000009
1370074174000;0.21999999999999997
1370074175000;0.31999999999999995
1370074176000;0.79
1370074177000;0.050000000000000044
1370074178000;0.020000000000000018
1370074179000;0.08999999999999997
1370074180000;0.30000000000000004
1370074181000;0.06000000000000005
1370074182000;0.24
1370074183000;0.31000000000000005
1370074184000;0.020000000000000018
1370074185000;0.18000000000000005
1370074186000;0.010000000000000009
1370074187000;0.030000000000000027
1370074188000;0.08079999999999998
1370074189000;0.6799999999999999
1370074190000;0.06000000000000005
1370074191000;0.29000000000000004
1370074192000;0.07999999999999996
1370074193000;0.030000000000000027
1370074194000;0.21999999999999997
1370074195000;0.20999999999999996
1370074196000;0.21999999999999997
1370074197000;0.28
1370074198000;0.38
1370074199000;0.06000000000000005
1370074200000;0.31999999999999995
1370074201000;0.06000000000000005
1370074202000;0.08999999999999997
1370074203000;0.040000000000000036
1370074204000;0.09999999999999998
1370074205000;0.69
1370074206000;0.43000000000000005
1370074207000;0.27
1370074208000;0.18999999999999995
1370074209000;0.07999999999999996
1370074210000;0.020000000000000018
1370074211000;0.31999999999999995
1370074212000;0.79
1370074213000;0.29000000000000004
1370074214000;0.36
1370074215000;0.31000000000000005
1370074216000;0.19999999999999996
1370074217000;0.20999999999999996
1370074218000;0.6699999999999999
1370074219000;0.21999999999999997
1370074220000;0.33999999999999997
1370074221000;0.42000000000000004
1370074222000;0.06999999999999995
1370074223000;0.26
1370074224000;0.5900000000000001
1370074225000;0.18000000000000005
1370074226000;0.54
1370074227000;0.0
1370074228000;0.11880000000000013
1370074229000;0.050000000000000044
1370074230000;0.32999999999999996
1370074231000;0.43000000000000005
1370074232000;0.020000000000000018
1370074233000;0.31999999999999995
1370074234000;0.08999999999999997
1370074235000;0.28
1370074236000;0.62
1370074237000;0.39
1370074238000;0.22999999999999998
1370074239000;0.42000000000000004
1370074240000;0.06999999999999995
1370074241000;0.10999999999999999
1370074242000;0.20999999999999996
1370074243000;0.20999999999999996
1370074244000;0.19999999999999996
1370074245000;0.33999999999999997
1370074246000;0.16000000000000003
1370074247000;0.89
1370074248000;0.12
1370074249000;0.36
1370074250000;0.20999999999999996
1370074251000;0.35
1370074252000;0.13
1370074253000;0.18999999999999995
1370074254000;0.06999999999999995
1370074255000;0.040000000000000036
1370074256000;0.33999999999999997
1370074257000;0.020000000000000018
1370074258000;0.19999999999999996
1370074259000;0.050000000000000044
1370074260000;0.040000000000000036
1370074261000;0.06999999999999995
1370074262000;0.12
1370074263000;0.21999999999999997
1370074264000;0.14
1370074265000;0.14
1370074266000;0.14
1370074267000;0.030000000000000027
1370074268000;0.020000000000000018
1370074269000;0.06999999999999995
1370074270000;0.38
1370074271000;0.020000000000000018
1370074272000;0.20999999999999996
1370074273000;0.050000000000000044
1370074274000;0.15000000000000002
1370074275000;0.18999999999999995
1370074276000;0.18999999999999995
1370074277000;0.41000000000000003
1370074278000;0.77
1370074279000;0.040000000000000036
1370074280000;0.35
1370074281000;1.0
1370074282000;0.30000000000000004
1370074283000;0.29000000000000004
1370074284000;0.030000000000000027
1370074285000;0.47
1370074286000;0.07999999999999996
1370074287000;0.020000000000000018
1370074288000;0.44999999999999996
1370074289000;0.010000000000000009
1370074290000;0.06000000000000005
1370074291000;0.040000000000000036
1370074292000;0.25
1370074293000;0.16000000000000003
1370074294000;0.35
1370074295000;0.06000000000000005
1370074296000;0.43999999999999995
1370074297000;0.28
1370074298000;0.09999999999999998
1370074299000;0.08999999999999997
1370074300000;0.12
1370074301000;0.32999999999999996
1370074302000;0.06000000000000005
1370074303000;0.010000000000000009
1370074304000;0.28
1370074305000;0.22999999999999998
1370074306000;0.55
